t_ns,tick_dt_s,pos_x,pos_y,pos_z,true_x,true_y,true_z,dist_to_line,progress,mode,eef_active,trigger_toggles_so_far
97196394207941,1.8420105334371328e-06,0.000172792096032393,0.0004108090717505792,0.00016521853809169356,0.0,0.0,0.0,0.00044278803397901356,0.00017279208987019956,IDLE,False,0
97196396487720,0.0022798659920226783,-0.0006515786158021805,0.0004526779333365589,0.00022318728618200565,0.0,0.0,0.0,0.000824187183752656,0.0,IDLE,False,0
97196398586001,0.0020994490041630343,-0.00026847661768014257,0.00029055905209817654,0.00018228619809303786,0.0,0.0,0.0,0.0004355829441919923,0.0,IDLE,False,0
97196400682536,0.002095549993100576,0.000147066248327763,1.4211120657898395e-05,0.0002733564933062235,0.0,0.0,0.0,0.00027372565818950534,0.00014706625370308757,IDLE,False,0
97196402770289,0.0020892180036753416,-0.00036822704350083347,-8.145497399652639e-05,-0.00024105965633998912,0.0,0.0,0.0,0.0004475888854358345,0.0,IDLE,False,0
97196404861822,0.0020914699998684227,0.0002994231063173138,1.9861053740829497e-05,-0.00014622837548254432,0.0,0.0,0.0,0.00014757098688278347,0.000299423118121922,IDLE,False,0
97196406923053,0.00205964500491973,-0.0003909542311784211,-0.00012859612030943535,4.071090259171754e-06,0.0,0.0,0.0,0.00041158078238368034,0.0,IDLE,False,0
97196409056699,0.0021350140013964847,-0.0001378014526496852,0.0006470319071991037,0.0005033621576528972,0.0,0.0,0.0,0.0008312719292007387,0.0,IDLE,False,0
97196411117092,0.0020589649939211085,-0.0013555812394829842,-0.0009445066229838364,-8.738604602758098e-05,0.0,0.0,0.0,0.0016544876853004098,0.0,IDLE,False,0
97196413176025,0.0020589979976648465,-0.0002110952057881768,0.00010682149874930555,0.0001086609655112818,0.0,0.0,0.0,0.0002603444445412606,0.0,IDLE,False,0
97196415233561,0.002057475008768961,0.001058919377525524,-0.0005560103813461407,-0.00018880250356349904,0.0,0.0,0.0,0.000587191607337445,0.0010589193552732468,IDLE,False,0
97196417292582,0.0020591699867509305,0.0010213858037461652,0.00032335149810092345,0.0003315316861881308,0.0,0.0,0.0,0.0004631084739230573,0.0010213857749477029,IDLE,False,0
97196419356914,0.0020643250027205795,-0.00025700318584373147,-0.0008240375854278263,8.373237211137057e-05,0.0,0.0,0.0,0.0008672368130646646,0.0,IDLE,False,0
97196421420167,0.002063238003756851,5.4507043910773765e-05,-0.0006136760271222871,-0.0003416133308902811,0.0,0.0,0.0,0.0007023517391644418,5.450704338727519e-05,IDLE,False,0
97196423507450,0.002088068999000825,-3.602183986361371e-05,-0.0004723758115303887,-4.913498392610863e-05,0.0,0.0,0.0,0.00047628849279135466,0.0,IDLE,False,0
97196425584005,0.002076135002425872,4.7741513734727165e-05,1.7793118527742858e-05,-0.0002531458291571574,0.0,0.0,0.0,0.0002537703840062022,4.774150875164196e-05,IDLE,False,0
97196427673735,0.002090252994094044,0.0002968740358929114,0.0004455834771411642,0.00016042415228328187,0.0,0.0,0.0,0.00047358268056996167,0.00029687403002753854,IDLE,False,0
97196429759824,0.0020859390060650185,-0.00040911511369515354,0.0003658261418927204,-0.0002507200092335262,0.0,0.0,0.0,0.0006033775280229747,0.0,IDLE,False,0
97196431841133,0.00208154899883084,0.00043958030914399265,-0.0005358937084387221,0.00045723360156439056,0.0,0.0,0.0,0.000704446341842413,0.00043958029709756374,IDLE,False,0
97196433904193,0.0020620980067178607,-1.003172730774021e-05,-0.0006243744451672078,-0.00015694973598342387,0.0,0.0,0.0,0.0006438767304643989,0.0,IDLE,False,0
97196436026143,0.002122656995197758,2.7051139385771946e-05,0.0001363956695822269,-0.0004910940624704889,0.0,0.0,0.0,0.0005096833920106292,2.7051137294620275e-05,IDLE,False,0
97196438108157,0.0020816899923374876,-0.0005536865235825965,9.979226642354041e-05,-0.00023337480843990102,0.0,0.0,0.0,0.000609090318903327,0.0,IDLE,False,0
97196440195934,0.0020886900019831955,0.00011775280586511262,0.0003797597612391896,-0.0008243936831754743,0.0,0.0,0.0,0.0009076576679944992,0.00011775279563153163,IDLE,False,0
97196442264078,0.00206711700593587,0.00012719405825880865,0.0006123234837678662,-0.0001487634221852366,0.0,0.0,0.0,0.000630135356914252,0.0001271940564038232,IDLE,False,0
97196444346562,0.0020831150031881407,-0.000405407291618785,0.0003761219135897964,0.00012672325810407072,0.0,0.0,0.0,0.0005673460545949638,0.0,IDLE,False,0
97196446425605,0.002078901990898885,0.00044794153538878017,-0.00017260785502563986,-0.0007409091368611057,0.0,0.0,0.0,0.0007607495062984526,0.0004479415074456483,IDLE,False,0
97196448503503,0.002077689001453109,-5.500538235562549e-05,-0.0002229140765056161,0.00038766191102378704,0.0,0.0,0.0,0.0004505530232563615,0.0,IDLE,False,0
97196450581499,0.00207807999686338,9.68164241885769e-05,-0.0008154246162175507,-0.0005975815400515999,0.0,0.0,0.0,0.00101095053832978,9.681641677161679e-05,IDLE,False,0
97196452657110,0.002075506010442041,0.00044189451829362766,0.0003398825087089233,-0.00032012168295424435,0.0,0.0,0.0,0.00046690256567671895,0.0004418945172801614,IDLE,False,0
97196454733314,0.002076267992379144,-5.243982836403405e-07,0.00022278677688809307,0.00023420216792363897,0.0,0.0,0.0,0.0003232411982025951,0.0,IDLE,False,0
97196456799517,0.002065680004307069,0.00043812109805717504,0.000128242813610781,-4.741416948424909e-05,0.0,0.0,0.0,0.00013672717614099383,0.00043812108924612403,IDLE,False,0
97196458876557,0.00207747399690561,-0.00012942403239392278,0.0005278714002666256,-0.0011254271375392688,0.0,0.0,0.0,0.001249793916940689,0.0,IDLE,False,0
97196460953943,0.002077537006698549,-6.932766254566866e-05,1.6500051992030054e-05,-0.0007126744804350939,0.0,0.0,0.0,0.0007162286783568561,0.0,IDLE,False,0
97196463027669,0.0020735739963129163,0.00016640680656902331,-0.00032564050622169697,0.0004312223981578734,0.0,0.0,0.0,0.0005403651739470661,0.00016640681133139879,IDLE,False,0
97196465092306,0.002064151005470194,-6.27960420171636e-05,0.0003345766203947264,0.0006094218025856116,0.0,0.0,0.0,0.0006980543257668614,0.0,IDLE,False,0
97196467156882,0.002064651998807676,0.00019146479135673618,-0.00043786057171142276,-0.0007571593158523192,0.0,0.0,0.0,0.0008746497333049774,0.0001914648019010201,IDLE,False,0
97196469348614,0.0021921139996265993,0.0008766920587581863,-5.564609659375972e-05,-0.0003442824738171608,0.0,0.0,0.0,0.000348750501871109,0.0008766920655034482,IDLE,False,0
97196473018930,0.003670040998258628,7.212854403041249e-05,-9.570566524132461e-05,0.00042607113210634386,0.0,0.0,0.0,0.00043668775469996035,7.212854688987136e-05,IDLE,False,0
97196475819783,0.0028015939897159114,7.469541117754881e-05,6.874791809209749e-06,-0.000357289860516482,5.773131995899867e-05,0.0,0.0,0.00035735598066821694,7.469541014870629e-05,TRACKING,True,1
97196477950013,0.0021302460081642494,0.00033511996930248717,-0.0005169333611774913,0.00033294471988198356,0.00010033591992874046,0.0,0.0,0.0006148758111521602,0.00033511995570734143,TRACKING,True,1
97196480028194,0.002077615004964173,0.0009038682963942875,-0.0007623430190495759,-0.0012331146156756589,0.00014189953989922157,0.0,0.0,0.0014497374650090933,0.0009038682328537107,TRACKING,True,1
97196482105207,0.002076911987387575,0.000491879177446879,0.0012739489077415631,-0.0005004624244359468,0.0001834397998697193,0.0,0.0,0.0013687252067029476,0.0004918791819363832,TRACKING,True,1
97196484182172,0.002077119002933614,-0.0004003687795607765,0.00029448446689023683,-0.00042036079502915394,0.00022497909984021765,0.0,0.0,0.0006509373779408634,0.0,TRACKING,True,1
97196486277509,0.002095531002851203,1.3873097842086938e-05,-0.00017405873334188894,0.00026600104314589926,0.00026688583981045514,0.0,0.0,0.0003178883343935013,1.3873096577299293e-05,TRACKING,True,1
97196488361616,0.002083985003991984,0.00010591679908429269,0.0001389414200400801,-8.826662944678767e-05,0.00030856797978085203,0.0,0.0,0.00016460777260363102,0.00010591679165372625,TRACKING,True,1
97196490446731,0.002085132000502199,-7.206527207456699e-05,-0.0001599131288716105,-0.00047519983258395934,0.0003502702797512346,0.0,0.0,0.0005065377918072045,0.0,TRACKING,True,1
97196492528617,0.0020819389901589602,0.00039516549265653753,-0.0005619331137828183,-0.0005464471846476216,0.00039190799972166313,0.0,0.0,0.000783819705247879,0.00039516546530649066,TRACKING,True,1
97196494622692,0.0020940270042046905,0.0011622704073445463,-2.6592110152670706e-05,-2.6951012736021476e-05,0.00043378949969191856,0.0,0.0,3.786155502893962e-05,0.0011622704332694411,TRACKING,True,1
97196496703162,0.0020803840016014874,0.0007311671096211767,-0.00021042850127443561,-0.00011426768373907905,0.00047539889966236715,0.0,0.0,0.00023945198336150497,0.0007311670924536884,TRACKING,True,1
97196498802713,0.0020994149963371456,0.0007299642872984991,0.00014120792112220078,-0.0005796483634662149,0.0005173899196325446,0.0,0.0,0.0005966002936474979,0.0007299642893485725,TRACKING,True,1
97196500899329,0.002096825002809055,0.0009759935379375949,-0.0002952174716445215,-0.0005280394751570929,0.000559322239602764,0.0,0.0,0.0006049619987607002,0.0009759935783222318,TRACKING,True,1
97196502989966,0.002091493006446399,0.00015089744457354236,-0.00019527267217766146,0.0008136501273115337,0.0006011349795730682,0.0,0.0,0.0008367543923668563,0.0001508974382886663,TRACKING,True,1
97196505052957,0.0020630929939216003,5.462684708337469e-05,8.003794626717038e-05,-0.0010689121790452888,0.000642394799543765,0.0,0.0,0.0010719045531004667,5.4626845667371526e-05,TRACKING,True,1
97196507125198,0.0020713209960376844,0.0006830561529417321,0.00044978320873800354,-0.00011833166103072757,0.0006838396195143306,0.0,0.0,0.0004650884948205203,0.000683056132402271,TRACKING,True,1
97196509285329,0.0021604619978461415,0.0004123647775419767,0.00011575553202926883,0.0003500758755753252,0.0007270422394836477,0.0,0.0,0.000368717301171273,0.00041236478136852384,TRACKING,True,1
97196511384776,0.0020993770012864843,0.00110085996496253,0.0009862369269648958,0.0001045837361681384,0.0007690311794538267,0.0,0.0,0.0009917666902765632,0.001100859954021871,TRACKING,True,1
97196513472316,0.0020880740048596635,0.0005145769295477084,-6.298959499332137e-05,-3.6249272809906025e-05,0.0008107819794241748,0.0,0.0,7.267529872478917e-05,0.0005145769100636244,TRACKING,True,1
97196515586866,0.0021139650052646175,0.0009074416711331988,-1.5013906614717446e-05,8.69829694481017e-05,0.0008530729793941394,0.0,0.0,8.826921111904085e-05,0.0009074416593648493,TRACKING,True,1
97196517778993,0.0021921259904047474,6.149048905544565e-05,0.0004148144780200214,-0.0002873696344605162,0.000896915519363002,0.0,0.0,0.0005046309088356793,6.14904856774956e-05,TRACKING,True,1
97196519984585,0.0022056430025259033,0.0003544480111081609,0.00031887557982071785,0.000658663003693041,0.0009410273593316732,0.0,0.0,0.0007317913114093244,0.0003544480132404715,TRACKING,True,1
97196522155282,0.002170770996599458,0.0012309553740505617,8.057965692276016e-05,-0.00046611015268597605,0.0009844412993008404,0.0,0.0,0.0004730240616481751,0.0012309553567320108,TRACKING,True,1
97196524241400,0.002085858999635093,0.002461947328177958,0.0004401293103307541,-0.000569647335171488,0.0010261636592712087,0.0,0.0,0.0007198693929240108,0.0024619472678750753,TRACKING,True,1
97196526314668,0.0020730090036522597,0.0006778100611218872,4.348962428595218e-05,-0.0007773655659979932,0.0010676290192417595,0.0,0.0,0.0007785811321809888,0.000677809992339462,TRACKING,True,1
97196528397697,0.0020836269977735355,0.001193604802717429,-0.00022953577785637955,0.0006131353001581087,0.001109289599212172,0.0,0.0,0.0006546919466927648,0.001193604781292379,TRACKING,True,1
97196530492945,0.002094634997774847,0.001632271890996534,-0.0013556427187173864,2.0851293013656284e-05,0.0011511945591824106,0.0,0.0,0.001355802989564836,0.0016322719166055322,TRACKING,True,1
97196532577465,0.00208451300568413,0.0003841512093909575,0.0005548189996242615,8.405293456391218e-05,0.0011928849591528016,0.0,0.0,0.0005611497326754034,0.00038415120798163116,TRACKING,True,1
97196534659872,0.0020831940055359155,0.0015087358252167213,-0.0005325623644016495,0.0009142151189977501,0.0012345330991232228,0.0,0.0,0.0010580227244645357,0.0015087358187884092,TRACKING,True,1
97196536743296,0.0020831779984291643,0.0022862382626688523,-0.0005323855213131062,0.00018640756093315814,0.0012762015790936294,0.0,0.0,0.0005640763556584716,0.0022862383630126715,TRACKING,True,1
97196538812202,0.0020681899914052337,0.0009809284848691488,-1.178496843036605e-05,-0.000632818489612282,0.0013175796990642422,0.0,0.0,0.0006329282186925411,0.0009809285402297974,TRACKING,True,1
97196540886905,0.002075156007776968,0.0022926465163250823,-0.000484589755541334,-0.0001480419074987473,0.0013590737590347727,0.0,0.0,0.0005066987359896302,0.0022926463279873133,TRACKING,True,1
97196542976669,0.0020905389974359423,0.0016516105045603505,-0.00032378033920806427,-0.00011965621486615108,0.0014008690390050892,0.0,0.0,0.0003451830125413835,0.001651610480621457,TRACKING,True,1
97196545048645,0.002070914997602813,0.0011604886357621763,-6.673037741814702e-05,-0.0005852713175501514,0.0014423085589756585,0.0,0.0,0.0005890632164664567,0.0011604884639382362,TRACKING,True,1
97196547125452,0.0020768429967574775,0.0012648506611450088,-0.00010344646235612214,-0.00016686300190206743,0.0014838446989461592,0.0,0.0,0.00019632735347840935,0.0012648506090044975,TRACKING,True,1
97196549194504,0.0020690530072897673,0.0015535707163636676,-0.0001465511096783606,0.00037660570421969045,0.00152522573891677,0.0,0.0,0.00040411518421024084,0.0015535707352682948,TRACKING,True,1
97196551263133,0.0020686939969891682,0.0014050003559944717,-6.832479814794208e-05,-0.00033239066799792624,0.0015665983188873868,0.0,0.0,0.00033934027305804193,0.0014050003373995423,TRACKING,True,1
97196553331234,0.0020679139997810125,0.0013447029188003925,-0.0006322463954098562,0.0002593924604389821,0.001607960338858011,0.0,0.0,0.0006833885563537478,0.0013447029050439596,TRACKING,True,1
97196555401476,0.002070215006824583,0.001078106170002359,-0.00037292819909416245,0.00017962232600560228,0.001649365178828605,0.0,0.0,0.0004139319062232971,0.0010781061137095094,TRACKING,True,1
97196557485664,0.0020847879932262003,0.001892335621771267,-0.0002000573755025355,-0.0010096329052444008,0.001691048938799001,0.0,0.0,0.001029262668453157,0.0018923354800790548,TRACKING,True,1
97196559577374,0.0020919800008414313,0.0019431397824170775,0.00012978172944602982,-0.0007061906077358878,0.0017328831387692898,0.0,0.0,0.0007180169923231006,0.0019431397086009383,TRACKING,True,1
97196561659734,0.0020821369980694726,0.0021596913801369593,-0.0003505499002167131,-0.0005630940580766502,0.0017745303387397115,0.0,0.0,0.0006632949225604534,0.002159691182896495,TRACKING,True,1
97196563742241,0.0020826370018767193,0.0018640458341922595,-8.923521569960753e-05,0.00010131200049557376,0.0018161804787101311,0.0,0.0,0.00013500757631845772,0.0018640458583831787,TRACKING,True,1
97196565810505,0.002067433000775054,0.0010546717295185338,0.0009061150581361867,-0.000301329307271864,0.0018575457586807531,0.0,0.0,0.0009549051173962653,0.0010546717094257474,TRACKING,True,1
97196567876638,0.002066109998850152,0.0011290387644031998,0.00030942109428357475,-0.00017740206505058835,0.0018988684186514054,0.0,0.0,0.00035666918847709894,0.001129038748331368,TRACKING,True,1
97196569958178,0.002082132996292785,0.002102928461508291,-0.00016980421531251927,-2.9870180239960083e-05,0.0019404992186218388,0.0,0.0,0.0001724114263197407,0.0021029284689575434,TRACKING,True,1
97196572017688,0.00205908200587146,0.002104575840461902,-0.0003733264419914492,0.00033936979792977896,0.001981689418592585,0.0,0.0,0.0005045240395702422,0.0021045757457613945,TRACKING,True,1
97196574085862,0.0020681869937106967,0.0017881028490234366,-0.0004348435720852362,3.85162109112514e-05,0.0020230528985632082,0.0,0.0,0.00043654601904563606,0.001788102905265987,TRACKING,True,1
97196576158329,0.0020722090121125802,0.0022870228777792916,-0.0001145396708093198,-0.0004312598935397814,0.0020645022385337706,0.0,0.0,0.0004462111974135041,0.0022870227694511414,TRACKING,True,1
97196578225357,0.002067220993922092,0.002415735581658727,-0.0008801643960613884,-0.0005154320680177665,0.0021058427985044103,0.0,0.0,0.0010199801763519645,0.0024157355073839426,TRACKING,True,1
97196580291576,0.0020660979935200885,0.0021669286237417534,-0.0006805296991525337,1.399713212458462e-05,0.0021471671784750613,0.0,0.0,0.000680673576425761,0.0021669287234544754,TRACKING,True,1
97196582359777,0.002068350004265085,0.0021610996394364522,0.00044936989442908416,-0.00045739517590664573,0.002188531198445684,0.0,0.0,0.0006412048824131489,0.002161099575459957,TRACKING,True,1
97196584440709,0.0020815830066567287,0.0019171965765953048,0.00016659084235050008,-0.0012287817951029036,0.0022301498384161263,0.0,0.0,0.0012400230625644326,0.001917196554131806,TRACKING,True,1
97196586507223,0.002065845998004079,0.0038215012678440652,-0.0003493253652308845,-0.0003649175263627789,0.0022714801183867732,0.0,0.0,0.0005051663029007614,0.003821501275524497,TRACKING,True,1
97196588591441,0.002085083004203625,0.002743728233809025,-1.9915920717842064e-05,-0.0008897143093517956,0.0023131644783571685,0.0,0.0,0.0008899371605366468,0.002743727993220091,TRACKING,True,1
97196590674338,0.002082454986521043,0.0026682861083738886,0.0004276889169996043,-0.00022497313673797064,0.0023548224183275825,0.0,0.0,0.0004832501581404358,0.0026682859752327204,TRACKING,True,1
97196592740109,0.002065171007416211,0.002255337659152227,0.00024299229862969598,-0.00045439012495722473,0.00239613783829824,0.0,0.0,0.000515282095875591,0.002255337545648217,TRACKING,True,1
97196594820169,0.002080667996779084,0.0026569333203721487,9.964925522224901e-05,-0.000337466307887959,0.0024377390382686946,0.0,0.0,0.00035187139292247593,0.002656933618709445,TRACKING,True,1
97196596887879,0.0020672399987233803,0.0017830423013334017,-0.00011280291538054309,-0.00043771112913008425,0.002479093238239324,0.0,0.0,0.0004520127549767494,0.0017830422148108482,TRACKING,True,1
97196598968453,0.0020811200083699077,0.0030214098310498536,7.20426842499616e-05,0.0003910422612799483,0.0025207047182097715,0.0,0.0,0.00039762319647707045,0.00302140973508358,TRACKING,True,1
97196601041935,0.0020744959911098704,0.002629485325852548,0.00013145055854251535,-0.0003914994586151903,0.002562174358180319,0.0,0.0,0.0004129782901145518,0.0026294852141290903,TRACKING,True,1
97196603149371,0.0021061410079710186,0.002938346791436457,0.0008923491371535121,-0.00015484377775877085,0.0026043230781503846,0.0,0.0,0.0009056840208359063,0.002938346704468131,TRACKING,True,1
97196605237259,0.0020877149945590645,0.0023496935742636535,-7.891835109517617e-05,-0.00024064014180056188,0.002646080838120728,0.0,0.0,0.0002532504440750927,0.002349693328142166,TRACKING,True,1
97196607329323,0.002092330003506504,0.002337182468764242,6.909682198408337e-05,-0.00014545876652504524,0.002687922118091012,0.0,0.0,0.00016103609232231975,0.002337182406336069,TRACKING,True,1
97196609441188,0.0021120210003573447,0.003449596214982344,1.0082147756210948e-07,0.00016195598881571415,0.002730159418061015,0.0,0.0,0.0001619560207473114,0.003449596231803298,TRACKING,True,1
97196611538003,0.0020967869932064787,0.0032481066520311315,-0.00015037792625227148,0.0007183682700444693,0.002772095718031231,0.0,0.0,0.0007339389994740486,0.003248106688261032,TRACKING,True,1
97196613659754,0.002121762008755468,0.002498183631741037,-0.00040416385094306246,-0.00018313350942512603,0.002814530738001093,0.0,0.0,0.000443718716269359,0.0024981836322695017,TRACKING,True,1
97196615860158,0.0022003479971317574,0.00280118012198627,-0.0007006591000495258,-1.7547392064423397e-05,0.0028585388179698384,0.0,0.0,0.0007008787943050265,0.0028011801186949015,TRACKING,True,1
97196618078657,0.0022184949921211228,0.002069165502718616,0.0006960692002727493,-4.0498475703847086e-05,0.0029029087979383266,0.0,0.0,0.0006972463452257216,0.002069165464490652,TRACKING,True,1
97196620160548,0.0020818740013055503,0.002623567755560768,-0.00045416905914178623,-0.00019221523710409837,0.0029445466179087547,0.0,0.0,0.0004931695875711739,0.002623567823320627,TRACKING,True,1
97196622265929,0.002105494000716135,0.0028751145036636358,-0.0005222554828056802,-0.00045989754691141727,0.002986654237878849,0.0,0.0,0.0006958854501135647,0.002875114558264613,TRACKING,True,1
97196627165522,0.0048993980017257854,-1.83013385025984e-05,-0.000355644235966863,0.000893659627781434,7.528616402816991e-05,-9.525236206904247e-05,0.00042405307594227344,0.0009620006894692779,0.0,TRACKING,True,1
97196629885118,0.0027195720031159,0.0006986132711123028,-7.943333814024226e-05,0.0006260906203345007,0.00012967808398954024,-8.744393994018707e-05,0.00038929083430723683,0.0006311094621196389,0.0006986132357269526,TRACKING,True,1
97196631956822,0.0020715059945359826,-0.0004964820228524466,0.00023721312890720393,0.00034751830054800614,0.00017111216396011335,-8.149572580910352e-05,0.00036281003530463793,0.0006507944199256599,0.0,TRACKING,True,1
97196634044053,0.0020884100085822865,0.0004551909419058845,0.0007246751347735815,-0.0008042981100712535,0.00021285678393046593,-7.55029310232482e-05,0.0003361307681009286,0.0010826123179867864,0.00045519095147028565,TRACKING,True,1
97196636110958,0.0020655569969676435,0.00038466897342782154,-0.0006191280272203642,0.0006058096562636464,0.00025419488390110727,-6.956849563643269e-05,0.00030971131056140234,0.0008662129985168576,0.00038466896512545645,TRACKING,True,1
97196638180224,0.002069301001029089,-0.00036107651484251806,-0.0003113270649195204,0.0003846285522827018,0.00029558020387171496,-6.362728141752366e-05,0.0002832616744025149,0.0006125682848505676,0.0,TRACKING,True,1
97196640244240,0.0020639790018321946,0.0006436152170600834,-2.030409617221383e-05,-0.0001395363250445831,0.00033686052384239727,-5.770114084049987e-05,0.0002568791444493226,0.00014100581756792963,0.0006436152034439147,TRACKING,True,1
97196642309042,0.002064795990008861,0.00010139045495536443,0.00039047870210074146,0.00022773675989520847,0.00037815656381306843,-5.1772743523948104e-05,0.00023048656773847775,0.00045203723129816353,0.00010139045480173081,TRACKING,True,1
97196644386369,0.002077771001495421,-0.000422204094636967,0.0003760229693302328,0.00041205813465078274,0.0004197031037835617,-4.580838480461302e-05,0.00020393389479404564,0.0006996009033173323,0.0,TRACKING,True,1
97196646463802,0.002077413009828888,0.0008979595363800268,-0.00020815745492961117,0.00059145812615667,0.00046125176375405347,-3.984372174127035e-05,0.0001773798669433652,0.0006270185112953186,0.0008979595149867237,TRACKING,True,1
97196648542735,0.002079230995150283,-2.770203627631355e-05,0.0002511251535096264,-9.438348892297087e-05,0.0005028304237245239,-3.3874751923103325e-05,0.0001508066658910576,0.0002697026066016406,0.0,TRACKING,True,1
97196650622216,0.0020794120064238086,0.0008815958961550599,0.0004749178495043546,-0.00024376861577517586,0.0005444200436949865,-2.7904208703840474e-05,0.00012422646022908885,0.0005338258924894035,0.0008815958863124251,TRACKING,True,1
97196652687701,0.00206484500085935,0.0005601150039162763,-2.4965371502591896e-06,0.0006926575622407497,0.000585729743665648,-2.1973850378258697e-05,9.782515332043638e-05,0.0006926620262674987,0.0005601149168796837,TRACKING,True,1
97196654764406,0.0020774489967152476,0.0009825428893210407,-0.0006256500495318202,0.000300084561217891,0.0006272638436361501,-1.6011277526590772e-05,7.128043086361238e-05,0.0006938938749954104,0.0009825428714975715,TRACKING,True,1
97196656845116,0.002080544989439659,0.0010414226482961645,0.0010518657423243295,-0.0007948900324186521,0.0006688780436065953,-1.0037205639541839e-05,4.468451595844369e-05,0.0013184353010728955,0.0010414225980639458,TRACKING,True,1
97196658909282,0.002063391002593562,0.0004419852136102799,0.0006625749596566318,-0.0006592350806182577,0.0007101613635772754,-4.1106343870356054e-06,1.830006868508877e-05,0.0009346638107672334,0.0004419851757120341,TRACKING,True,1
97196660988760,0.0020802619983442128,0.00015202063158537503,0.0002585410942551022,0.0005092043195351043,0.0007517509235477381,-3.435046680693582e-12,-1.090428734720067e-11,0.0005710801342502236,0.0001520206278655678,TRACKING,True,1
97196663013427,0.0020238819997757673,0.0004579040198312022,0.00027006358271098403,5.847762381068619e-05,0.0007922442635189793,-3.435046680693582e-12,-1.090428734720067e-11,0.00027632221463136375,0.00045790401054546237,TRACKING,True,1
97196665083829,0.0020705060014734045,0.0015930268204989379,-7.592232894150771e-07,0.0004951236450797461,0.000833652303489571,-3.435046680693582e-12,-1.090428734720067e-11,0.0004951242008246481,0.0015930266818031669,TRACKING,True,1
97196667148813,0.0020649250072892755,0.00042339305380310687,-9.243942816605755e-05,-4.835223778519676e-05,0.0008749519834602396,-3.435046680693582e-12,-1.090428734720067e-11,0.00010432155249873176,0.000423393037635833,TRACKING,True,1
97196669223639,0.0020750859985128045,0.0014860024771733808,0.00028980651632518176,-0.00037587657655107205,0.0009164485034307684,-3.435046680693582e-12,-1.090428734720067e-11,0.0004746272461488843,0.001486002467572689,TRACKING,True,1
97196671292481,0.0020687639917014167,0.0012988092252413496,0.0003853156347787606,-5.582287206401074e-05,0.000957825343401382,-3.435046680693582e-12,-1.090428734720067e-11,0.0003893383254762739,0.001298809191212058,TRACKING,True,1
97196673373369,0.002081351005472243,0.0008706119458559201,-9.69016261463245e-05,-0.0008474962138987291,0.0009994431033718246,-3.435046680693582e-12,-1.090428734720067e-11,0.0008530180202797055,0.0008706118678674102,TRACKING,True,1
97196675451166,0.00207776200841181,0.0011353705474046202,0.00011728896117859336,-0.00043276427278378203,0.0010409990433423114,-3.435046680693582e-12,-1.090428734720067e-11,0.00044837663881480694,0.001135370577685535,TRACKING,True,1
97196677528416,0.002077277997159399,0.0014537671682503393,-0.0006864834713468594,-0.0002759064216007659,0.0010825440433128058,-3.435046680693582e-12,-1.090428734720067e-11,0.0007398539455607533,0.0014537671813741326,TRACKING,True,1
97196679607107,0.002078235993394628,0.0008865083287875035,0.0009937549125594136,-0.0007995920425332277,0.0011241178632832795,-3.435046680693582e-12,-1.090428734720067e-11,0.0012754985364153981,0.0008865083800628781,TRACKING,True,1
97196681685620,0.0020791520073544234,0.001447003250856887,0.00047106163535943487,0.00018886277111564614,0.001165688123253756,-3.435046680693582e-12,-1.090428734720067e-11,0.0005075117805972695,0.0014470031019300222,TRACKING,True,1
97196683780022,0.002095318995998241,0.0017984801354007014,-0.0005013688469982579,-0.001140129312060382,0.0012075761632240067,-3.435046680693582e-12,-1.090428734720067e-11,0.0012454980751499534,0.0017984801670536399,TRACKING,True,1
97196686026400,0.0022458479943452403,0.0016359126676772306,-0.0005979140857705918,-0.00016319994917725483,0.0012525037231920985,-3.435046680693582e-12,-1.090428734720067e-11,0.0006197866750881076,0.001635912572965026,TRACKING,True,1
97196688160030,0.002133045010850765,0.0007057533244494034,0.0005261709250397187,0.0004325751065294233,0.0012951763231617921,-3.435046680693582e-12,-1.090428734720067e-11,0.0006811586208641529,0.000705753278452903,TRACKING,True,1
97196690247182,0.002087047992972657,0.0009768875321786489,0.0004517459188697834,6.0638618755570826e-05,0.0013369193631321459,-3.435046680693582e-12,-1.090428734720067e-11,0.00045579756260849535,0.0009768875315785408,TRACKING,True,1
97196692330330,0.0020829749992117286,0.001308887907822683,2.8708327586136176e-05,-0.00010137469082926538,0.0013785823231025566,-3.435046680693582e-12,-1.090428734720067e-11,0.00010536126501392573,0.001308887847699225,TRACKING,True,1
97196694443119,0.002114094007993117,0.0017283407349780303,0.00015517378178649447,-0.00017473358412119843,0.0014208381030725462,-3.435046680693582e-12,-1.090428734720067e-11,0.00023368938127532601,0.0017283407505601645,TRACKING,True,1
97196696529020,0.0020847129926551133,0.0019656839959506962,-0.0003057378108169597,0.0001434668106294388,0.0014625561230429175,-3.435046680693582e-12,-1.090428734720067e-11,0.00033772524329833686,0.0019656838849186897,TRACKING,True,1
97196698642177,0.0021131779940333217,0.0017158969486390594,0.0007394035264832186,-0.00025272069257877136,0.001504819263012902,-3.435046680693582e-12,-1.090428734720067e-11,0.0007813996053300798,0.0017158968839794397,TRACKING,True,1
97196700719613,0.002077249009744264,0.002417909206138597,8.808247237616565e-05,-9.698846623057391e-05,0.0015463679829833933,-3.435046680693582e-12,-1.090428734720067e-11,0.0001310163497691974,0.002417909214273095,TRACKING,True,1
97196702801978,0.002082963997963816,0.00125177890748451,0.00029314670609221957,2.4467611316903424e-05,0.0015880152829538152,-3.435046680693582e-12,-1.090428734720067e-11,0.0002941660350188613,0.0012517789145931602,TRACKING,True,1
97196704919807,0.0021174129942664877,0.0010785672299598403,-0.0005639435915643649,-0.0002777596148045543,0.0016303718629237332,-3.435046680693582e-12,-1.090428734720067e-11,0.0006286356365308166,0.0010785672347992659,TRACKING,True,1
97196708039166,0.0031204929982777685,-0.0003469807063328921,0.0001943479110830521,0.001569264478000726,-8.977704397308107e-06,-0.00035080328478055277,0.0008814953290156367,0.0016188754234462976,0.0,TRACKING,True,1
97196710146478,0.0021061120060039684,0.0004686053478922721,-0.00014938523837051038,0.0006108796329633912,3.4325535958517876e-05,-0.0003283196833860421,0.0008249987368856951,0.0006288798176683486,0.00046860534348525107,TRACKING,True,1
97196712215473,0.0020686710049631074,0.00010408300417650578,0.00013610860440961846,0.0018350155323398482,7.684139871638295e-05,-0.00030624489860465445,0.0007695294154781919,0.001840056385844946,0.00010408299567643553,TRACKING,True,1
97196714277135,0.0020616149995476007,0.000575656178008647,-0.00042445442414752233,0.0007332692281460127,0.00011920657535775022,-0.0002842483520001603,0.0007142566902605688,0.0008472574991174042,0.0005756561295129359,TRACKING,True,1
97196716356141,0.002079950994811952,-7.93442960124271e-05,-0.0006532660445581499,0.0005663979749366524,0.00016192815456348927,-0.00026206675658344177,0.0006585189760456346,0.0008682503248564899,0.0,TRACKING,True,1
97196718436403,0.0020800479978788644,0.00030248288946708437,0.0006780790328471138,0.0006287638237111897,0.00020467554336452647,-0.00023987176049166818,0.000602747588734493,0.0009247351554222405,0.0003024828911293298,TRACKING,True,1
97196720574121,0.00213735100987833,0.0009272826353379265,0.0006666807930302769,0.0005848397532604513,0.00024860359785620857,-0.00021706374753209192,0.0005454358181305984,0.0008868487784639001,0.0009272825554944575,TRACKING,True,1
97196723766598,0.0031923979986459017,0.0004631100351332395,0.0005506285479537697,0.0013509118573082834,-0.00034078940867487983,0.00019316084566932797,0.0015596795047880913,0.0014588194899260998,0.000463110045529902,TRACKING,True,1
97196726219737,0.0024535279953852296,-0.00013360085527519235,0.00019029688107831093,0.0013280212738072607,-0.0002661908676996314,0.0001788579720558456,0.0014441907887797361,0.001348222023807466,0.0,TRACKING,True,1
97196728293881,0.00207370899443049,-0.00030250796240621487,0.00023886945683842403,0.001563634944620179,-0.0002031173459087481,0.0001667648051019295,0.0013465443743790706,0.0016104421811178327,0.0,TRACKING,True,1
97196730381128,0.0020877420029137284,-0.0005820863070306167,0.00014990141092737974,0.00048710358683630775,-0.00013964536945125245,0.00015459524192547671,0.0012482810978088105,0.0007736697443760931,0.0,TRACKING,True,1
97196732449316,0.0020675690029747784,5.364478345769086e-05,0.0004543365389479911,0.001232892498763131,-7.675296618241318e-05,0.00014253680105729888,0.0011509150795832276,0.0013139427173882723,5.3644776926375926e-05,TRACKING,True,1
97196734549623,0.0021006710012443364,0.00013004273329588698,0.0004252626441469547,0.0007194865430860361,-1.2883842663484555e-05,0.0001302910923671218,0.001052036965194536,0.0008357686456292868,0.0001300427393289283,TRACKING,True,1
97196736643478,0.0020945510041201487,-6.873535040259053e-05,0.0003735440235675743,0.0014544054650007772,5.0789079259703975e-05,0.00011808300165968202,0.0009534625976362056,0.0015031816437840462,0.0,TRACKING,True,1
97196738726365,0.0020827199914492667,0.00031158917130652965,0.0013823685703683176,0.0008097242947658804,0.00011412847063390339,0.00010593885919072065,0.0008554045808583161,0.0016020600451156497,0.00031158915953710675,TRACKING,True,1
97196740790559,0.002063173000351526,0.000676729633345605,0.0007272675442149514,0.0006913416687303599,0.00017689941866818194,9.390370508990995e-05,0.0007582265919012488,0.0010034297592937946,0.0006767296581529081,TRACKING,True,1
97196742873232,0.002083694009343162,-0.0001700241386754636,-0.0005095406534290226,0.0007413171497158274,0.0002402323024259076,8.176081033457315e-05,0.0006601786498012419,0.0009154731524176896,0.0,TRACKING,True,1
97196744955055,0.0020812639995710924,0.0008586853154436897,0.0002054570708788185,0.000648598761630037,0.00030353933817427517,6.962287145110968e-05,0.0005621707239451602,0.0006803623982705176,0.0008586852345615625,TRACKING,True,1
97196747054875,0.0021008009935030714,0.00017778671079795986,0.00033789486858077945,-0.0006045999892115199,0.0003673936523043128,5.738000218399414e-05,0.0004633155365103411,0.0006926139467395842,0.00017778671463020146,TRACKING,True,1
97196749122607,0.0020663559989770874,0.0005464588145637254,5.938737477179559e-05,-0.0003191991374581946,0.0004302721888763669,4.532421999531541e-05,0.00036597098582267585,0.0003246766864322126,0.0005464588175527751,TRACKING,True,1
97196751187290,0.00206472200807184,0.001580856969190313,-0.0006604204009667253,-0.00026999027266796233,0.000493058007118382,3.32862148105682e-05,0.0002687699757558679,0.0007134772604331374,0.0015808569733053446,TRACKING,True,1
97196753256498,0.0020694489940069616,-4.445012577796142e-05,0.0005764057277754861,-0.0002726864925420209,0.0005559814279984512,2.1221826896142385e-05,0.00017135593803757447,0.0006392005016095936,0.0,TRACKING,True,1
97196755323351,0.0020666619966505095,0.0009531614411699931,0.00030292624592265005,0.0002038879743779917,0.0006188332346878867,9.17116966202443e-06,7.405276885392152e-05,0.0003651501319836825,0.0009531614487059414,TRACKING,True,1
97196757406810,0.0020839329954469576,2.308679600662451e-05,-0.00030605319256841367,0.0008365575110446238,0.0006768762493350798,-3.5745034319620284e-12,2.6027585685664545e-11,0.0008907845476642251,2.3086795408744365e-05,TRACKING,True,1
97196759488500,0.0020815340103581548,7.313284961420197e-05,-0.0004158274837587226,-8.112323536260372e-05,0.0007185100493055112,-3.5745034319620284e-12,2.6027585685664545e-11,0.0004236667009536177,7.313284004339948e-05,TRACKING,True,1
97196761568219,0.0020797769975615665,0.0011645994652946562,0.00012581959172793108,0.00037102210567525483,0.0007601044292759703,-3.5745034319620284e-12,2.6027585685664545e-11,0.0003917753929272294,0.0011645994381979108,TRACKING,True,1
97196763680637,0.002112690999638289,0.0002687056727599678,0.0004723882933835025,0.0002845144343169968,0.0008023527892459652,-3.5745034319620284e-12,2.6027585685664545e-11,0.0005514518707059324,0.00026870565488934517,TRACKING,True,1
97196765781163,0.0021009769989177585,4.7081031654312125e-05,0.0007699581003791318,0.0011461989561152145,0.0008443633092161289,-3.5745034319620284e-12,2.6027585685664545e-11,0.0013807995710521936,4.7081026423256844e-05,TRACKING,True,1
97196767883584,0.00210136899841018,0.0005021230506129128,2.7826404733848223e-05,0.0006987113175813581,0.0008864117291862657,-3.5745034319620284e-12,2.6027585685664545e-11,0.0006992652197368443,0.0005021230317652225,TRACKING,True,1
97196769973510,0.00209075900784228,0.00018759013444297906,-0.0009949301631093786,-0.0006484720350723755,0.0009282102491565801,-3.5745034319620284e-12,2.6027585685664545e-11,0.0011876034550368786,0.00018759015074465424,TRACKING,True,1
97196772034726,0.002061261999187991,0.0006859011759492685,-0.00028922110956694725,0.00030367361294888367,0.0009694345691273021,-3.5745034319620284e-12,2.6027585685664545e-11,0.00041936442721635103,0.0006859011482447386,TRACKING,True,1
97196774106213,0.002070848990115337,0.0011451324950794081,-0.0006230386359090352,0.0002836900110720124,0.0010108643090978784,-3.5745034319620284e-12,2.6027585685664545e-11,0.0006845853640697896,0.0011451324680820107,TRACKING,True,1
97196776209965,0.0021037800033809617,0.0019899800199085983,0.0005985271359606382,0.000495553749869357,0.0010529393490679962,-3.5745034319620284e-12,2.6027585685664545e-11,0.0007770509691908956,0.0019899799954146147,TRACKING,True,1
97196778305125,0.0020953769999323413,0.001104931513298921,0.0004918156937477722,-0.0004830663839572024,0.001094842549038236,-3.5745034319620284e-12,2.6027585685664545e-11,0.0006893735262565315,0.0011049314634874463,TRACKING,True,1
97196780376317,0.0020708060037577525,0.0015117737075103427,-4.3624213315076724e-05,0.0005654528749673109,0.0011362663890088166,-3.5745034319620284e-12,2.6027585685664545e-11,0.0005671331309713423,0.001511773676611483,TRACKING,True,1
97196782462961,0.0020874750043731183,0.0014110045446081108,-0.0005449398964306796,6.39965027643408e-05,0.0011779992689791774,-3.5745034319620284e-12,2.6027585685664545e-11,0.000548684794921428,0.0014110045740380883,TRACKING,True,1
97196784546629,0.0020833979942835867,0.0018287833638554736,-0.0005646169461079032,-0.0002795699130647472,0.0012196726289495806,-3.5745034319620284e-12,2.6027585685664545e-11,0.0006300409440882504,0.0018287831917405128,TRACKING,True,1
97196786646027,0.0020993170037399977,0.0008773240847258895,-0.0007478229737973838,0.0004806341636624338,0.0012616605889197603,-3.5745034319620284e-12,2.6027585685664545e-11,0.0008889591554179788,0.0008773240260779858,TRACKING,True,1
97196788741293,0.002095768999424763,0.0019590645603830125,0.0004000215999540098,0.00012128518374622372,0.0013035659088899989,-3.5745034319620284e-12,2.6027585685664545e-11,0.0004180040559731424,0.0019590642768889666,TRACKING,True,1
97196790829706,0.002087913002469577,0.001319318476703106,0.00011969014668782431,-0.00036577793251795377,0.0013453341688603347,-3.5745034319620284e-12,2.6027585685664545e-11,0.00038486262201331556,0.0013193184277042747,TRACKING,True,1
97196792914496,0.0020849119900958613,0.0018339527690565578,0.0005227461584446893,0.00046627179302953915,0.001387029968830722,-3.5745034319620284e-12,2.6027585685664545e-11,0.0007004805374890566,0.0018339527305215597,TRACKING,True,1
97196794996063,0.00208162100170739,0.0011631871999417578,3.920216739889788e-05,-8.289038346209164e-05,0.0014286613088011547,-3.5745034319620284e-12,2.6027585685664545e-11,9.169310942525044e-05,0.0011631872039288282,TRACKING,True,1
97196797033749,0.0020376839966047555,0.002363702422755879,8.984809738677715e-05,-0.0009410354209376126,0.0014694150287722111,-3.5745034319620284e-12,2.6027585685664545e-11,0.0009453149395994842,0.002363702515140176,TRACKING,True,1
97196799102580,0.0020682040048995987,0.0017100444741583619,0.0009411331209609896,0.00034258788413886904,0.0015107916487428251,-3.5745034319620284e-12,2.6027585685664545e-11,0.0010015477892011404,0.001710044569335878,TRACKING,True,1
97196801169471,0.002066820001346059,0.001991869323736572,1.803062984994823e-05,-0.000985694717065006,0.0015521294687134667,-3.5745034319620284e-12,2.6027585685664545e-11,0.0009858595440164208,0.001991869416087866,TRACKING,True,1
97196803235833,0.002066400003968738,0.0006883278316576476,-0.0006229738909424456,-6.341599249227779e-05,0.0015934567086841156,-3.5745034319620284e-12,2.6027585685664545e-11,0.0006261933012865484,0.0006883277674205601,TRACKING,True,1
97196805302388,0.0020663989998865873,0.0017897870569004183,0.0003447070724952574,-0.00017022899535477616,0.0016347878086547618,-3.5745034319620284e-12,2.6027585685664545e-11,0.00038444879464805126,0.0017897869693115354,TRACKING,True,1
97196807382676,0.002080824997392483,0.0021548581978307574,-0.00013987438276431458,-0.0003522447316459339,0.0016763935686252129,-3.5745034319620284e-12,2.6027585685664545e-11,0.00037900026654824615,0.002154857851564884,TRACKING,True,1
97196809461626,0.002078933990560472,0.0021437934263181333,-0.00045722249512659,-0.0013645424393829639,0.0017179725685956835,-3.5745034319620284e-12,2.6027585685664545e-11,0.001439106767065823,0.0021437935065478086,TRACKING,True,1
97196811530702,0.0020685460040112957,0.0012293757090923443,4.707976917694523e-05,-0.0015400888534972434,0.0017593540885662937,-3.5745034319620284e-12,2.6027585685664545e-11,0.0015408083563670516,0.0012293757172301412,TRACKING,True,1
97196813610779,0.0020805670064873993,0.0016223866054474597,-0.00016604518295600833,-0.0007132279584570539,0.001800955628536748,-3.5745034319620284e-12,2.6027585685664545e-11,0.0007323012687265873,0.0016223867423832417,TRACKING,True,1
97196815690728,0.0020803609950235114,0.0011013028762083001,-0.00023123097762414117,-0.0002735500587898203,0.001842554608507204,-3.5745034319620284e-12,2.6027585685664545e-11,0.00035818625474348664,0.0011013029143214226,TRACKING,True,1
97196817771027,0.0020801200007554144,0.0025141198431734733,0.00018743151899189628,-0.000790427696725204,0.0018841605884776548,-3.5745034319620284e-12,2.6027585685664545e-11,0.0008123462903313339,0.0025141199585050344,TRACKING,True,1
97196819850534,0.002079215002595447,0.0014984249935297458,0.0003525707599865128,0.0009479884105065375,0.001925750728448117,-3.5745034319620284e-12,2.6027585685664545e-11,0.0010114287724718451,0.0014984251465648413,TRACKING,True,1
97196821929863,0.0020792809955310076,0.002160587055290694,0.00015535626875523914,0.000930376258113589,0.001967337308418582,-3.5745034319620284e-12,2.6027585685664545e-11,0.0009432579390704632,0.002160587115213275,TRACKING,True,1
97196824023656,0.002093852002872154,0.001997877446379333,-0.0001545504827418701,-0.0007066243651182485,0.002009213168388841,-3.5745034319620284e-12,2.6027585685664545e-11,0.0007233282667584717,0.0019978773780167103,TRACKING,True,1
97196826089969,0.00206580400117673,0.001794031387245638,0.001089356367724573,-0.0007108706702167729,0.002050539428359491,-3.5745034319620284e-12,2.6027585685664545e-11,0.001300782198086381,0.0017940312391147017,TRACKING,True,1
97196828157032,0.002067006003926508,0.0020974765417367544,-0.0007041637175506613,6.42379000534646e-05,0.00209188068833013,-3.5745034319620284e-12,2.6027585685664545e-11,0.0007070877472870052,0.0020974765066057444,TRACKING,True,1
97196830222912,0.0020659389992943034,0.002577021890026846,-0.00012182466348109742,0.0003651736611773342,0.002133198288300786,-3.5745034319620284e-12,2.6027585685664545e-11,0.00038495849003084004,0.002577021950855851,TRACKING,True,1
97196832290466,0.002067827997962013,0.002534971281025837,0.00022351240447895365,0.000858124025735562,0.002174549368271418,-3.5745034319620284e-12,2.6027585685664545e-11,0.0008867551223374903,0.0025349713396281004,TRACKING,True,1
97196834369601,0.0020791970018763095,0.002605550845240913,-0.00015247978664166155,-0.00034041174821847176,0.0022161320682418857,-3.5745034319620284e-12,2.6027585685664545e-11,0.00037300167605280876,0.0026055509224534035,TRACKING,True,1
97196836448702,0.0020794379961444065,0.0018350609144601787,0.00023793371524300253,-0.00016186088109749854,0.0022577140882123533,-3.5745034319620284e-12,2.6027585685664545e-11,0.00028776968247257173,0.0018350608879700303,TRACKING,True,1
97196838527167,0.002078257006360218,0.0036638669076849784,0.000921223799234575,-0.0001072619737255759,0.0022992833881828306,-3.5745034319620284e-12,2.6027585685664545e-11,0.0009274472249671817,0.003663867013528943,TRACKING,True,1
97196840604808,0.002077714991173707,0.0021762705810718245,0.000845088273083708,-0.0009416798646249075,0.0023408362081533195,-3.5745034319620284e-12,2.6027585685664545e-11,0.0012652806472033262,0.0021762705873697996,TRACKING,True,1
97196842683591,0.002078798002912663,0.002156636338471238,0.0004753784719231826,-0.0004560487594318961,0.002382411868123792,-3.5745034319620284e-12,2.6027585685664545e-11,0.0006587603129446507,0.002156636444851756,TRACKING,True,1
97196844764806,0.0020811529975617304,0.002185621181547487,-0.00017557058662184726,0.00033040427428086757,0.00242403616809423,-3.5745034319620284e-12,2.6027585685664545e-11,0.0003741550608538091,0.002185621066018939,TRACKING,True,1
97196846843302,0.00207856300403364,0.002534369530476271,0.0002010437015695636,0.0002976418886192556,0.0024656060880647065,-3.5745034319620284e-12,2.6027585685664545e-11,0.00035917857894673944,0.002534369472414255,TRACKING,True,1
97196848921965,0.002078621997497976,0.0025221484621237474,0.0005552830955498323,-0.0003644794095252319,0.002507179348035181,-3.5745034319620284e-12,2.6027585685664545e-11,0.0006642172229476273,0.002522148424759507,TRACKING,True,1
97196851015607,0.002094334995490499,0.0018309914401921238,-0.0008884359059807257,-0.0008105048634536433,0.0025490521880054424,-3.5745034319620284e-12,2.6027585685664545e-11,0.0012025957694277167,0.0018309915903955698,TRACKING,True,1
97196853082308,0.002065592008875683,0.0023151283432022995,0.0005150234430536563,8.708340471357397e-05,0.0025903862079760865,-3.5745034319620284e-12,2.6027585685664545e-11,0.0005223338375799358,0.002315128454938531,TRACKING,True,1
97196855147714,0.002065344000584446,0.002332421023179068,-0.0005349278000823348,-0.0002644427996377062,0.002631694327946749,-3.5745034319620284e-12,2.6027585685664545e-11,0.0005967225297354162,0.0023324210196733475,TRACKING,True,1
97196857212345,0.002064625994535163,0.002471153755219204,-0.0002825496990240947,-0.0007162721343437826,0.0026729869479174225,-3.5745034319620284e-12,2.6027585685664545e-11,0.0007699871202930808,0.0024711538571864367,TRACKING,True,1
97196859278310,0.0020660620066337287,0.002476402337326943,0.0005085680631150354,-0.0010873044447701503,0.0027143062478880773,-3.5745034319620284e-12,2.6027585685664545e-11,0.0012003635056316853,0.002476402325555682,TRACKING,True,1
97196861357200,0.0020798129989998415,0.002635579711636361,-0.001060674180990766,9.152383131653652e-05,0.002755884047858549,-3.5745034319620284e-12,2.6027585685664545e-11,0.0010646155569702387,0.002635579789057374,TRACKING,True,1
97196863436574,0.0020792169962078333,0.00242372683237486,-0.0010428438376208367,5.0351120994297887e-05,0.002797471527829013,-3.5745034319620284e-12,2.6027585685664545e-11,0.001044058590196073,0.0024237267207354307,TRACKING,True,1
97196865515024,0.002078074001474306,0.003747743204575685,5.444576310157791e-05,0.0005808957679187595,0.0028390405277994896,-3.5745034319620284e-12,2.6027585685664545e-11,0.0005834416951984167,0.0037477430887520313,TRACKING,True,1
97196867593278,0.0020781789935426787,0.0028448534066855156,-0.0010787954176555512,0.0002452417713395902,0.0028806056077699703,-3.5745034319620284e-12,2.6027585685664545e-11,0.0011063195997849107,0.0028448530938476324,TRACKING,True,1
97196869675349,0.002082481005345471,0.0027131073743342895,-0.000731042467410943,0.0003924183629891448,0.002922247027740396,-3.5745034319620284e-12,2.6027585685664545e-11,0.0008297079475596547,0.002713107271119952,TRACKING,True,1
97196871754890,0.0020792979921679944,0.0031072666304377715,-0.00026270482393359116,0.0004340347387286337,0.002963837847710858,-3.5745034319620284e-12,2.6027585685664545e-11,0.000507346005178988,0.0031072667334228754,TRACKING,True,1
97196873833607,0.0020787930116057396,0.002569376203784815,0.0003217161657955449,-0.00047023020859406436,0.0030054121876813313,-3.5745034319620284e-12,2.6027585685664545e-11,0.0005697523592971265,0.0025693762581795454,TRACKING,True,1
97196875913000,0.002079328987747431,0.0033139774285048345,-0.0005503739758491641,0.0007445941275381415,0.003047000047651795,-3.5745034319620284e-12,2.6027585685664545e-11,0.0009259222424589097,0.0033139775041490793,TRACKING,True,1
97196877998652,0.00208589801331982,0.003215866837630122,0.0007164375544220525,-0.0004112229627323392,0.00308871308762217,-3.5745034319620284e-12,2.6027585685664545e-11,0.0008260672329925001,0.0032158668618649244,TRACKING,True,1
97196880072863,0.0020734229910885915,0.002892146121108944,0.000419832395682897,-0.0013718585481270766,0.0031301973075927077,-3.5745034319620284e-12,2.6027585685664545e-11,0.0014346619136631489,0.0028921461198478937,TRACKING,True,1
97196882138810,0.0020658440043916926,0.0026381208202397363,0.000516588472566334,0.00023255468797477299,0.0031715162475633627,-3.5745034319620284e-12,2.6027585685664545e-11,0.0005665203207172453,0.0026381209027022123,TRACKING,True,1
97196884206310,0.002067551002255641,0.0037022509187428993,-0.00015488044711686546,0.0002819997168291462,0.0032128662475339955,-3.5745034319620284e-12,2.6027585685664545e-11,0.00032173245563171804,0.0037022510077804327,TRACKING,True,1
97196886299303,0.0020935020002070814,0.002889303972395855,-0.0006859801873857019,-0.0008473974608307246,0.0032547261075042662,-3.5745034319620284e-12,2.6027585685664545e-11,0.0010902528883889318,0.0028893037233501673,TRACKING,True,1
97196888399308,0.0020999309926992282,0.003020871421959225,-0.0002744707147867538,-0.0003146886727707701,0.003296726207474437,-3.5745034319620284e-12,2.6027585685664545e-11,0.00041756810969673097,0.0030208714306354523,TRACKING,True,1
97196890613349,0.0022141310037113726,0.0015666045419440197,-0.000999301803592774,-0.00026631621856914185,0.0033410070274429884,-3.5745034319620284e-12,2.6027585685664545e-11,0.0010341800516471267,0.0015666045947000384,TRACKING,True,1
97196895414933,0.004801650997251272,0.0006124826289278504,0.00025638867562651244,0.0009005800694399423,0.0004689743151290746,0.0005457849881500353,0.0013390286696152941,0.0009363651624880731,0.000612482603173703,TRACKING,True,1
97196898727833,0.0033133050019387156,-0.0006190043514938009,0.0015018091900413245,0.0006542099574906606,0.0005352323150820176,0.0004910596705533598,0.001204765597224124,0.0017511675832793117,0.0,TRACKING,True,1
97196900796363,0.0020676629937952384,0.0014183012339021826,0.0012372328801267577,0.0012578980817779272,0.0005766029150526357,0.00045688992162998417,0.0011209335488274606,0.001764384564012289,0.0014183011371642351,TRACKING,True,1
97196902864639,0.002068535002763383,0.0003316637324919184,0.0004888321340871302,0.0004605908073591371,0.0006179684350232575,0.00042272436849599834,0.0010371117943788147,0.0006716403295286,0.00033166370121762156,TRACKING,True,1
97196904931282,0.002066312008537352,0.000789666358342898,0.0003900618645784355,0.0012193403550740342,0.0006593012949939025,0.00038858579065364086,0.0009533562210999036,0.001280210679396987,0.0007896663155406713,TRACKING,True,1
97196907016286,0.002085369997075759,0.0011762197992861777,0.00122056315380516,0.0006746986078085307,0.0007010013749642868,0.0003541439100987377,0.0008688565250668575,0.0013946299441158772,0.0011762197827920318,TRACKING,True,1
97196909089897,0.0020732699922518805,0.0012641678038144743,-7.594456144574069e-05,0.0003375360834218579,0.0007424735949348327,0.00031989022886870966,0.0007848185571824885,0.0003459742874838412,0.0012641678331419826,TRACKING,True,1
97196911160864,0.002071056005661376,0.0004748647172457284,-0.00020530260440124073,0.0011910199027904815,0.0007838929349054163,0.0002856802234935899,0.0007008877436231525,0.001208584988489747,0.00047486467519775033,TRACKING,True,1
97196913240290,0.0020793050061911345,0.0012871020241067425,0.0008874863586363993,0.0006039639445408884,0.0008254814548758799,0.0002513304851167042,0.0006166141091729485,0.0010735010728240013,0.0012871020007878542,TRACKING,True,1
97196915310425,0.0020702079928014427,0.0010040749528901142,-7.207927587036964e-05,-4.276360955240131e-05,0.0008668841548464753,0.00021713422342966454,0.0005327170143724733,8.381019142689183e-05,0.0010040749330073595,TRACKING,True,1
97196917395252,0.0020854759932262823,0.0011320897700826404,0.0003168818223705174,-0.0001052821408477054,0.000908580694816862,0.0001826952667122496,0.00044822449168115596,0.000333913805661723,0.0011320897610858083,TRACKING,True,1
97196919470781,0.0020748260139953345,0.001242757508110684,-0.0007224537689831927,0.00027460955026878094,0.0009500912747873807,0.00014840990231667158,0.0003641087923310479,0.0007728841155767441,0.0012427575420588255,TRACKING,True,1
97196921557208,0.0020869099971605465,0.0006766628961999859,-0.0001506935926815253,-0.0002621774517399093,0.000991819814757745,0.00011394451542987184,0.0002795514258726909,0.00030239971238188446,0.0006766628939658403,TRACKING,True,1
97196923642116,0.0020849759894190356,0.0015097650204590782,0.000362478326709693,0.0007867657538712544,0.0010335179747281303,7.950422068513178e-05,0.0001950556204656671,0.000866251066327095,0.0015097650466486812,TRACKING,True,1
97196925742658,0.0021001940040150657,0.0011407774890208823,-0.0006042211569501467,-7.957454857245076e-05,0.0010755288146982937,4.4805670147791076e-05,0.00010992621039995635,0.0006094384589232504,0.0011407773708924651,TRACKING,True,1
97196927830935,0.0020888300059596077,0.0005215354519818588,0.00023370730586760573,0.0006246468328600866,0.0011172943546686315,1.0309723377640244e-05,2.5293868335959577e-05,0.0006669353460893035,0.0005215354030951858,TRACKING,True,1
97196929916275,0.002085333995637484,0.001317046350428806,-0.00030626043231836653,-0.00019166350375170467,0.001159001154639011,2.461145827067912e-11,5.7490006028296237e-11,0.00036128985811956227,0.0013170463498681784,TRACKING,True,1
97196932025775,0.0021090679947519675,0.0012964161559423698,-0.0007301786721637819,6.730112911978367e-05,0.0012011911546090472,2.461145827067912e-11,5.7490006028296237e-11,0.0007332737441174686,0.0012964161578565836,TRACKING,True,1
97196934098739,0.002072663002763875,0.0013343993733417883,-0.0002801214132146356,-0.00021701757603268334,0.0012426504345796024,2.461145827067912e-11,5.7490006028296237e-11,0.00035435098106972873,0.001334399334155023,TRACKING,True,1
97196936167622,0.0020689030061475933,0.0013609504160926995,-0.00041914439901663607,-0.0004202313395083067,0.0012840280945502155,2.461145827067912e-11,5.7490006028296237e-11,0.000593528791796416,0.0013609504094347358,TRACKING,True,1
97196938278661,0.0021115229901624843,0.0017062343067242238,0.0001016853843805658,0.0008293318578975982,0.00132624887452023,2.461145827067912e-11,5.7490006028296237e-11,0.0008355425088666379,0.0017062342958524823,TRACKING,True,1
97196940376579,0.0020976940140826628,0.0008642182350261838,-0.0009004828997162957,0.00045938949957394546,0.0013682072344904307,2.461145827067912e-11,5.7490006028296237e-11,0.001010894775390625,0.0008642182219773531,TRACKING,True,1
97196942458762,0.002082728999084793,0.0018769231038564989,-0.00038109163842265433,-0.0007464284489582534,0.001409850894460855,2.461145827067912e-11,5.7490006028296237e-11,0.0008380849030800164,0.001876923139207065,TRACKING,True,1
97196944553792,0.0020949229947291315,0.0014156561988322167,-0.000888952669993416,-0.00018448226583936972,0.0014517514944310968,2.461145827067912e-11,5.7490006028296237e-11,0.0009078934672288597,0.0014156561810523272,TRACKING,True,1
97196946645660,0.002091720001772046,0.0003881327543954925,-0.000133972857172723,-0.0010756750776079833,0.0014935888544013835,2.461145827067912e-11,5.7490006028296237e-11,0.0010839860187843442,0.0003881327575072646,TRACKING,True,1
97196948712098,0.002065843000309542,0.0014004978136533876,0.0007422556548667981,-0.00015034755539288942,0.0015349176143720316,2.461145827067912e-11,5.7490006028296237e-11,0.0007573294569738209,0.0014004978584125638,TRACKING,True,1
97196950777194,0.0020649499929277226,0.0019438388252751692,-0.0003385383477677728,-0.0004642414620632034,0.0015762195343426984,2.461145827067912e-11,5.7490006028296237e-11,0.0005745679372921586,0.001943838782608509,TRACKING,True,1
97196952843753,0.0020665690099122003,0.000850011527297329,0.000501154256038247,-4.848980780050901e-05,0.0016175507143133447,2.461145827067912e-11,5.7490006028296237e-11,0.0005034946952946484,0.000850011536385864,TRACKING,True,1
97196954923047,0.0020798709883820266,0.002450295728173264,-0.0006099092304894465,-0.0001325461429612392,0.00165913659428381,2.461145827067912e-11,5.7490006028296237e-11,0.0006241456139832735,0.0024502957239747047,TRACKING,True,1
97196957015407,0.00209256200469099,0.0017190771882814144,0.0006840858739121501,0.0008884673831202173,0.0017009837942540897,2.461145827067912e-11,5.7490006028296237e-11,0.00112131517380476,0.0017190773505717516,TRACKING,True,1
97196959125159,0.002109766995999962,0.0013958821554491642,-0.0005901419313133358,-0.0008919226816077026,0.0017431788342241222,2.461145827067912e-11,5.7490006028296237e-11,0.0010694828815758228,0.0013958821073174477,TRACKING,True,1
97196961204068,0.0020787710091099143,0.002429118598556849,-6.799709083194753e-05,-0.00034873839951184745,0.001784757014194593,2.461145827067912e-11,5.7490006028296237e-11,0.00035530561581254005,0.0024291183799505234,TRACKING,True,1
97196963292315,0.002087756001856178,0.0017758019508470866,-0.0013044542116931433,-0.000888316455352085,0.001826521954164931,2.461145827067912e-11,5.7490006028296237e-11,0.0015781973488628864,0.0017758018802851439,TRACKING,True,1
97196965357233,0.002064912987407297,0.002309721457571956,0.00017201630153743886,4.9039804036168234e-05,0.0018678203141356008,2.461145827067912e-11,5.7490006028296237e-11,0.00017887009016703814,0.002309721428900957,TRACKING,True,1
97196967422423,0.0020651010127039626,0.0013822806588940982,0.0002676725490475236,0.0008629527202570017,0.0019091241141062664,2.461145827067912e-11,5.7490006028296237e-11,0.0009035131661221385,0.001382280606776476,TRACKING,True,1
97196969505676,0.0020842879894189537,0.0013121550560921099,-1.908153969739584e-05,-0.00024409180669181683,0.0019507891740766755,2.461145827067912e-11,5.7490006028296237e-11,0.0002448364975862205,0.0013121550437062979,TRACKING,True,1
97196971572295,0.002065610999125056,0.002145927471442071,-1.9712582135959632e-05,-0.00010030992008566889,0.001992121554047321,2.461145827067912e-11,5.7490006028296237e-11,0.00010222849232377484,0.0021459273993968964,TRACKING,True,1
97196973689496,0.0021175250003580004,0.001566557900638587,-3.4792602482097525e-05,-0.00033414552223723864,0.002034465574017248,2.461145827067912e-11,5.7490006028296237e-11,0.000335952005116269,0.0015665579121559858,TRACKING,True,1
97196975790431,0.0021007400064263493,0.0019762859844366897,-5.8756864059656356e-05,0.0003001478173157199,0.0020764842739874056,2.461145827067912e-11,5.7490006028296237e-11,0.00030584484920836985,0.0019762860611081123,TRACKING,True,1
97196977888603,0.0020989040058339015,0.0018002890481779907,-0.00018871007710722707,0.0005089835083755572,0.002118447713957603,2.461145827067912e-11,5.7490006028296237e-11,0.0005428403965197504,0.001800288911908865,TRACKING,True,1
97196979982547,0.002093981995130889,0.002024162996118015,-0.0001579820856396286,0.0004051351311938368,0.00216032659392786,2.461145827067912e-11,5.7490006028296237e-11,0.0004348480433691293,0.0020241630263626575,TRACKING,True,1
97196982041106,0.0020586419996106997,0.0023107608663527593,1.8621336551926336e-05,8.309780007375503e-05,0.00220149777389862,2.461145827067912e-11,5.7490006028296237e-11,8.515866647940129e-05,0.0023107605520635843,TRACKING,True,1
97196984110286,0.0020682619942817837,0.001596371220932853,0.0002041018491067563,0.0006368990410918081,0.0022428813738692285,2.461145827067912e-11,5.7490006028296237e-11,0.0006688033463433385,0.001596371061168611,TRACKING,True,1
97196986250417,0.002142637997167185,0.0025506422160429714,-0.0008030885058011944,0.00011763020632017298,0.00228568399383883,2.461145827067912e-11,5.7490006028296237e-11,0.0008116575772874057,0.002550642006099224,TRACKING,True,1
97196989358491,0.003105728013906628,0.0018714830145818758,-0.00013666978806967824,4.19549175355252e-05,0.002347845473794682,2.461145827067912e-11,5.7490006028296237e-11,0.00014296449080575258,0.0018714829348027706,TRACKING,True,1
97196992163924,0.002805924988933839,5.7727007522780506e-05,0.0008779205204634548,0.0007586182465224187,0.0006762422688825677,0.0002318678003794513,0.0008144490758409126,0.0011602784506976604,5.772700751549564e-05,TRACKING,True,1
97196994490355,0.002326133006135933,0.0010979740838198075,0.0005107136122544508,0.0014032732882383488,0.0007227708888495226,0.0002139736829340279,0.0007515949525837599,0.0014933198690414429,0.0010979740181937814,TRACKING,True,1
97196996566155,0.0020756669982802123,0.0013401710759600957,-0.0005585727610892422,0.0006979176794731891,0.0007642868888200375,0.0001980073340531843,0.0006955122279909403,0.0008939197869040072,0.0013401709729805589,TRACKING,True,1
97196998667361,0.0021044869936304167,-0.0002798917495310197,-6.004291997860968e-05,0.0009779544423112034,0.0008063110087901915,0.00018184557084549482,0.0006387430992642904,0.0010189894819632173,0.0,TRACKING,True,1
97197000737705,0.002066818007733673,0.0012868662151610819,0.0007928341667716057,0.0003769189567959355,0.000847717888760784,0.00016592118766437848,0.0005828077816207812,0.0008778689661994576,0.0012868663761764765,TRACKING,True,1
97197002825208,0.0020883609977317974,0.0010324499892900665,0.000181701638696597,0.0011432522782517567,0.0008894679487311327,0.00014986482328061915,0.0005264088723637794,0.00115760148037225,0.0010324500035494566,TRACKING,True,1
97197004919532,0.002094966999720782,0.0017090044240449655,-6.201065525924455e-05,0.002345643161035916,0.0009313544287013845,0.00013375599408054018,0.0004698256774027368,0.0023464628029614687,0.0017090043984353542,TRACKING,False,2
97197007112566,0.0021921839943388477,0.0009571947415805416,-8.255629557536064e-05,0.000694495612991545,0.0009752151086702342,0.00011688792107179564,0.0004105755946179361,0.0006993852439336479,0.0009571947739459574,TRACKING,True,3
97197009199539,0.002086533000692725,0.0013805507611695089,0.0003586427606491831,1.4352687828953056e-05,0.0010169545686405906,0.00010083563326810508,0.0003541910045843826,0.00035892982850782573,0.0013805507915094495,TRACKING,True,3
97197011283335,0.002083782004774548,0.0017805309743696943,9.771971381725246e-05,0.0010531273321803414,0.0010586304886109918,8.480778186984594e-05,0.0002978922488393115,0.0010576513595879078,0.0017805310199037194,TRACKING,True,3
97197013366164,0.002082795006572269,0.0017835679993384707,-0.0005806402463596323,-0.0002605369445427394,0.001100287068581407,6.878736830729723e-05,0.00024161961892268274,0.0006364138098433614,0.0017835678299888968,TRACKING,True,3
97197015510028,0.002143852994777262,0.0006310477796457442,0.00016583627454136294,0.00019975504308065474,0.001143164348550955,5.229749424569163e-05,0.00018369798183025558,0.0002596223202999681,0.0006310477619990706,TRACKING,True,3
97197022021936,0.006511840998427942,0.0013971901282254537,-0.0004141452960358365,0.00021133682379278647,0.0012734025084584588,2.210108655578669e-06,7.763140835083653e-06,0.00046495115384459496,0.001397190149873495,TRACKING,True,3
97197024631262,0.0026091510080732405,0.0025779015970347863,-0.0008106244931381395,-6.581534225406274e-05,0.0018853492921506567,-0.00013382713581526956,4.108227956972041e-05,0.0008132919319905341,0.0025779015850275755,TRACKING,True,3
97197027683036,0.0030519409920088947,0.0020618876387007404,-0.00019483986623450883,-6.982255067060388e-05,0.001946384761449111,-0.00012131457694433111,3.724117170884362e-05,0.00020697286527138203,0.0020618876442313194,TRACKING,True,3
97197029755422,0.0020723310008179396,0.0028639644664545856,0.0005207161519044892,0.0004513302398153749,0.00198783247418195,-0.00011281760048791308,3.4632768152298805e-05,0.0006890894728712738,0.002863964531570673,TRACKING,True,3
97197031863391,0.0021091469970997423,0.0016413920650942813,0.0010086286295829586,0.0002049309095012617,0.002029991846790011,-0.00010417473040296799,3.197957814006835e-05,0.0010292368242517114,0.0016413918929174542,TRACKING,True,3
97197033960021,0.0020968239987269044,0.0017754364680175037,-0.00027176699201312063,-0.00022282364964647076,0.0020719244394378344,-9.557835127870266e-05,2.9340659932379936e-05,0.00035143658169545233,0.001775436452589929,TRACKING,True,3
97197036017365,0.002056034005363472,0.0031663396342040866,8.4504394090186e-06,5.141103042361865e-05,0.0021130713122234205,-8.714304842935276e-05,2.675118895224586e-05,5.210089875617996e-05,0.0031663395930081606,TRACKING,True,3
97197038081660,0.0020641040027840063,0.0010710511253255084,0.00028322588030884417,-0.0005115950094295869,0.0021543572049846317,-7.867924582978808e-05,2.4152969113008533e-05,0.0005847617867402732,0.0010710511123761535,TRACKING,True,3
97197040146131,0.0020643899915739894,0.0016241683008720279,0.0002295641273682447,-0.0004166497308414318,0.002195646617745226,-7.02147216137599e-05,2.155452775180283e-05,0.0004757065325975418,0.0016241682460531592,TRACKING,True,3
97197042213538,0.0020676429994637147,0.0026484122257484847,0.0004927083844511573,-0.0008822450692440407,0.002236994750495524,-6.17381595230906e-05,1.8952391001397432e-05,0.0010105038527399302,0.0026484120171517134,TRACKING,True,3
97197044281216,0.002067564011667855,0.002203793285810724,-0.0008466694707626506,-2.1117078249871963e-05,0.0022783483032448727,-5.326048630707125e-05,1.634991315750663e-05,0.0008469328167848289,0.00220379326492548,TRACKING,True,3
97197046364426,0.0020840090001001954,0.002769611485192868,-0.0007331328133907602,0.0009083077913693614,0.002320012495939755,-4.471913043814789e-05,1.3727885999906778e-05,0.0011672646505758166,0.0027696113102138042,TRACKING,True,3
97197048431628,0.0020664599869633093,0.002199035959251091,-0.0006350273088864763,-5.8532668718178204e-05,0.002361356528690773,-3.624340886665482e-05,1.1126007272248628e-05,0.0006377191748470068,0.0021990358363837004,TRACKING,True,3
97197050515485,0.002084392006509006,0.002791421025245838,-0.0007241660482511913,1.3701851955384417e-06,0.0024030336613833866,-2.7699400237209403e-05,8.503165769685491e-06,0.0007241673301905394,0.0027914210222661495,TRACKING,True,3
97197052608666,0.002093090006383136,0.0017499910259069149,0.0005746559234266779,7.480503505371053e-05,0.0024448972740433047,-1.9117162335572583e-05,5.868588637388688e-06,0.0005795042961835861,0.0017499909736216068,TRACKING,True,3
97197054673966,0.002064651998807676,0.002264860839644293,0.0004980939980485394,-0.0006500365259415488,0.0024862032668009917,-1.0649239141997572e-05,3.269103857366038e-06,0.0008189292275346816,0.0022648607846349478,TRACKING,True,3
97197056755975,0.0020826949912589043,0.002322000042697212,0.0009116464760186337,-7.088460189656336e-05,0.0025278434395000857,-2.1128074854189123e-06,6.48588335470834e-07,0.0009143981151282787,0.0023219999857246876,TRACKING,True,3
97197058834227,0.00207815199973993,0.0032381889430995875,8.786797047838822e-05,-0.00035981248114005026,0.0025694084776708803,-4.6823450878304834e-12,-2.9768384073947454e-13,0.00037038602749817073,0.003238189034163952,TRACKING,True,3
97197060905429,0.0020706909999717027,0.002477721832084422,2.846701610085128e-05,-0.00021500685811913573,0.0026108325176414605,-4.6823450878304834e-12,-2.9768384073947454e-13,0.0002168831997551024,0.0024777217768132687,TRACKING,True,3
97197062973698,0.0020684589981101453,0.0022298470327319626,-0.0004011958437309201,-0.0007522339686795319,0.0026521978976120826,-4.6823450878304834e-12,-2.9768384073947454e-13,0.0008525339071638882,0.002229847013950348,TRACKING,True,3
97197065032799,0.0020599440031219274,0.0027379315525522616,0.0001860404177700753,0.0003636499507266788,0.002693379917582835,-4.6823450878304834e-12,-2.9768384073947454e-13,0.00040847560740076005,0.0027379312086850405,TRACKING,True,3
97197067102278,0.002068547997623682,0.0018209763746879731,0.000391933856082364,-1.955303667693676e-05,0.0027347694975534396,-4.6823450878304834e-12,-2.9768384073947454e-13,0.0003924212942365557,0.0018209762638434768,TRACKING,True,3
97197069175566,0.0020734170102514327,0.0020509272815903675,3.7917551541707904e-05,0.00039629740528385584,0.00277623525752399,-4.6823450878304834e-12,-2.9768384073947454e-13,0.0003981072222813964,0.002050927374511957,TRACKING,True,3
97197071245567,0.002069845999358222,0.0030678456430858403,0.0003516636141338281,0.00046166721725558936,0.0028176352774945874,-4.6823450878304834e-12,-2.9768384073947454e-13,0.0005803481326438487,0.0030678457114845514,TRACKING,True,3
97197073318304,0.0020728399977087975,0.0032960686448951205,-2.872502910688541e-05,-0.0010521153045449578,0.002859090017465146,-4.6823450878304834e-12,-2.9768384073947454e-13,0.0010525074321776628,0.003296068636700511,TRACKING,True,3
97197075401718,0.002083990999381058,0.0025101425112239793,0.00016729806450861904,-0.00024543641098491036,0.0029007582974355526,-4.6823450878304834e-12,-2.9768384073947454e-13,0.00029703142354264855,0.0025101425126194954,TRACKING,True,3
97197077488511,0.0020870430016657338,0.0032746852615603817,0.0003884090478093662,1.3677805366895001e-05,0.0029424941574059116,-4.6823450878304834e-12,-2.9768384073947454e-13,0.0003886497870553285,0.003274685237556696,TRACKING,True,3
97197079574111,0.002085574989905581,0.003913799708560344,-0.0004977664754580831,0.00045552916599922894,0.002984206157376287,-4.6823450878304834e-12,-2.9768384073947454e-13,0.0006747431471012533,0.00391379976645112,TRACKING,True,3
97197081661094,0.0020862520032096654,0.0027796528156200113,-0.0004002331617379035,0.0002844076346648237,0.0030259458173466434,-4.6823450878304834e-12,-2.9768384073947454e-13,0.0004909932031296194,0.0027796528302133083,TRACKING,True,3
97197083728753,0.002067603010800667,0.0027494921126412896,0.0004196444861757126,-0.0005931468439067954,0.003067298997317274,-4.6823450878304834e-12,-2.9768384073947454e-13,0.0007265842286869884,0.0027494921814650297,TRACKING,True,3
97197085816771,0.002089130997774191,0.0031168513243155643,-0.00043146496583410107,-0.0001272390301057911,0.0031090593572876152,-4.6823450878304834e-12,-2.9768384073947454e-13,0.000449835293693468,0.0031168514396995306,TRACKING,True,3
97197087899038,0.0020818310003960505,0.002954999026433036,-0.00057398469523402,0.0003181398328532147,0.0031507046972580385,-4.6823450878304834e-12,-2.9768384073947454e-13,0.0006562555790878832,0.002954998752102256,TRACKING,True,3
97197089967953,0.0020683379989350215,0.0025599612266282478,-0.0004995447881603081,0.00043637558403344397,0.003192082997228651,-4.6823450878304834e-12,-2.9768384073947454e-13,0.0006633013254031539,0.002559961285442114,TRACKING,True,3
97197092140925,0.0021732839959440753,0.0037129126127016855,0.0003247226329880445,0.00016102029519014539,0.003235542437197786,-4.6823450878304834e-12,-2.9768384073947454e-13,0.00036245319643057883,0.003712912555783987,TRACKING,True,3
97197094232913,0.0020918520021950826,0.0044075184639717005,-0.0006137027109132525,-0.0003804940909676183,0.0032773821971680706,-4.6823450878304834e-12,-2.9768384073947454e-13,0.000722085009329021,0.004407518543303013,TRACKING,True,3
97197096328626,0.0020958809909643605,0.002813657730125086,0.000440729411542043,0.00013550497316441976,0.0033192964571383027,-4.6823450878304834e-12,-2.9768384073947454e-13,0.000461090006865561,0.002813657745718956,TRACKING,True,3
97197098425889,0.0020972610072931275,0.003908234683444338,0.0004778811614442424,-0.00012081247918758174,0.003361241717108513,-4.6823450878304834e-12,-2.9768384073947454e-13,0.0004929158603772521,0.003908234648406506,TRACKING,True,3
97197100615748,0.002190015002270229,0.002987340562838755,-0.0005042249873349105,0.0010978368555155278,0.003405038897077408,-4.6823450878304834e-12,-2.9768384073947454e-13,0.0012080930173397064,0.002987340558320284,TRACKING,True,3
97197102809631,0.002193724998505786,0.003924828230550131,0.0002887659999128236,-0.00017716522130781028,0.0034489165570462453,-4.6823450878304834e-12,-2.9768384073947454e-13,0.00033878209069371223,0.0039248280227184296,TRACKING,True,3
97197105073455,0.002263692003907636,0.003387493951633277,-0.0001795460725639589,-0.00016939241457664844,0.0034941930370140893,-4.6823450878304834e-12,-2.9768384073947454e-13,0.0002468411985319108,0.0033874940127134323,TRACKING,True,3
97197107166942,0.002093440998578444,0.0023268130926835965,-3.809971299799359e-05,-0.00019856683366474548,0.003536062776984353,-4.6823450878304834e-12,-2.9768384073947454e-13,0.00020218896679580212,0.0023268128279596567,TRACKING,True,3
97197109260361,0.0020934299973305315,0.0037154093185881774,9.741977690241788e-05,0.0004193589963650658,0.003577931156954618,-4.6823450878304834e-12,-2.9768384073947454e-13,0.00043052592081949115,0.003715409431606531,TRACKING,True,3
97197111356277,0.0020960239926353097,0.003606024836708546,0.00039121589145610575,-0.0012877215110420428,0.0036198494769248473,-4.6823450878304834e-12,-2.9768384073947454e-13,0.001345836790278554,0.0036060248967260122,TRACKING,True,3
97197113448085,0.002091868009301834,0.003103847094607967,0.0008557213938489547,-0.0006167594491566829,0.0036616856368951347,-4.6823450878304834e-12,-2.9768384073947454e-13,0.0010548229329288006,0.003103847149759531,TRACKING,True,3
97197115568665,0.0021207230020081624,0.003557444852352405,0.00034630176286495147,-0.00044835980100366146,0.0037040972368650137,-4.6823450878304834e-12,-2.9768384073947454e-13,0.0005665257340297103,0.0035574447829276323,TRACKING,True,3
97197117760491,0.002191641993704252,0.004102121004429262,-0.0007211282276756122,-0.0009637530921641542,0.0037479337568338805,-4.6823450878304834e-12,-2.9768384073947454e-13,0.0012036801781505346,0.004102121107280254,TRACKING,True,3
97197119853221,0.0020927690056851134,0.0031180622061638937,-0.0008339337116811664,-1.592968769456983e-05,0.0037897883568041553,-4.6823450878304834e-12,-2.9768384073947454e-13,0.0008340858039446175,0.0031180621590465307,TRACKING,True,3
97197122063410,0.0022102389921201393,0.003668022470305486,0.0001571387910398132,-0.0005249472353409026,0.003833992136772761,-4.6823450878304834e-12,-2.9768384073947454e-13,0.0005479618557728827,0.0036680225748568773,TRACKING,True,3
97197124152109,0.0020886080019408837,0.005140144802459247,-5.4810418846110544e-05,-2.99586946495802e-05,0.0038757661167430927,-4.6823450878304834e-12,-2.9768384073947454e-13,6.246363773243502e-05,0.005140144843608141,TRACKING,True,3
97197126252672,0.0021006449969718233,0.004138607444685926,-0.00012879988151798035,-0.00032276039227725084,0.003917777376713256,-4.6823450878304834e-12,-2.9768384073947454e-13,0.0003475107077974826,0.004138607531785965,TRACKING,True,3
97197128345466,0.0020925410062773153,0.00399553252835619,0.0004523887853611087,0.0003258795257468375,0.003959633256683529,-4.6823450878304834e-12,-2.9768384073947454e-13,0.0005575419636443257,0.003995532635599375,TRACKING,True,3
97197130633308,0.0022878549934830517,0.00446943027358631,-0.00028889035379438624,-0.0003941508561724616,0.004005390096651033,-4.6823450878304834e-12,-2.9768384073947454e-13,0.0004886845126748085,0.004469430074095726,TRACKING,True,3
97197133276894,0.0026431790029164404,0.0035773629535326952,-0.0009318541917991389,0.00016741436081206356,0.0025817794170320324,-0.0008059093091981887,-6.543251216440379e-05,0.0009467733325436711,0.0035773629788309336,TRACKING,True,3
97197135360495,0.0020845670078415424,0.0029864123564402596,-5.098759165958434e-05,-0.0007429326413692885,0.002623451437002436,-0.0007552387676440917,-6.131852462685191e-05,0.0007446802919730544,0.0029864120297133923,TRACKING,True,3
97197137437832,0.0020764419896295294,0.0024189635623533285,-0.0009273672111566398,-0.000213757248898474,0.0026649981769729294,-0.000704720558649009,-5.7216905108865775e-05,0.0009516837890259922,0.00241896347142756,TRACKING,True,3
97197139527229,0.002090617999783717,0.001494668559305897,-0.0007077071131525062,-0.0015056781070369306,0.002706786116943251,-0.0006539090657040999,-5.3091473599186964e-05,0.0016637054504826665,0.001494668540544808,TRACKING,True,3
97197141612079,0.0020843189995503053,0.0028920298158627428,-0.00033978429241420666,0.0002447361500753743,0.0027484831169136375,-0.0006032081500493948,-4.8975019960671216e-05,0.00041874710586853325,0.0028920297045260668,TRACKING,True,3
97197143671080,0.0020580630080075935,0.002182122304961669,-8.061194021004276e-05,-0.0004818632387222896,0.0027896631368843914,-0.0005531358493879787,-4.4909604147467595e-05,0.0004885595990344882,0.0021821223199367523,TRACKING,True,3
97197145750488,0.002080288002616726,0.002212837720598158,-0.0009974817629317765,-0.0004693230262692453,0.002831251296854855,-0.0005025672762917277,-4.0803895522118654e-05,0.0011023764964193106,0.002212837804108858,TRACKING,True,3
97197147828553,0.0020778739999514073,0.0029545673159975753,-4.4026011229751736e-05,-0.001091728861332644,0.0028728125968253376,-0.0004520313632572193,-3.670083859700546e-05,0.0010926162358373404,0.0029545670840889215,TRACKING,True,3
97197149933751,0.0021065609907964244,0.0026402780379641733,4.615021567309517e-05,6.555326274251897e-05,0.002914916556795435,-0.0004008356099730723,-3.254420863950441e-05,8.016902575036511e-05,0.0026402778457850218,TRACKING,True,3
97197152043669,0.0021094080002512783,0.003208001561498942,-0.0011018605570492243,0.0004459904473393519,0.0029571149167654655,-0.0003495250722574842,-2.837825922920158e-05,0.0011886984575539827,0.003208001609891653,TRACKING,True,3
97197154113733,0.002068836009129882,0.002214044109486975,-0.00020414800141093444,0.000656337695482733,0.0029985161967360616,-0.00029918373342550995,-2.4290999961263613e-05,0.0006873540696687996,0.002214044099673629,TRACKING,True,3
97197156180855,0.002067190987872891,0.003979533831630183,6.854334709852918e-06,0.00042027505142350197,0.0030398586367067,-0.0002489139403133027,-2.020954955564405e-05,0.0004203309363219887,0.003979533910751343,TRACKING,True,3
97197158248392,0.002067307010293007,0.002778043559591454,-0.0004393561210438324,0.0005685844059448025,0.0030812093766773322,-0.00019863405492587347,-1.6127279748983652e-05,0.000718555529601872,0.002778043271973729,TRACKING,True,3
97197160314317,0.0020665049960371107,0.00312333106788422,-0.0002120502832705282,-0.0007173272428659264,0.0031225278766479877,-0.0001483933713400295,-1.2048192772390306e-05,0.0007480131462216377,0.003123331116512418,TRACKING,True,3
97197162380704,0.0020657080021919683,0.003239151105566007,0.00022479025104292277,-0.00040505293121534256,0.003163855616618636,-9.814145249839633e-05,-7.968193595120169e-06,0.00046324782306328416,0.0032391510903835297,TRACKING,True,3
97197164445944,0.0020653129904530942,0.002951620505364934,0.0007423108707640941,8.52426154505721e-05,0.003205160416589301,-4.791742724635263e-05,-3.890459123859284e-06,0.0007471892167814076,0.002951620612293482,TRACKING,True,3
97197166551449,0.0021061280131107196,0.003102973693766893,-0.0005684913800862949,-0.0003097895139073895,0.0032472705165593942,1.4583374004922822e-11,1.7331339407242533e-12,0.0006474195397458971,0.0031029738020151854,TRACKING,True,3
97197168648223,0.002097033997415565,0.003164207871008856,0.0006845639401902328,-0.00030524734735798957,0.003289205996529611,1.4583374004922822e-11,1.7331339407242533e-12,0.0007495356840081513,0.0031642077956348658,TRACKING,True,3
97197170742396,0.0020944799907738343,0.004228257340232892,-0.000464343893892057,-0.00017879340067989276,0.003331089456499865,1.4583374004922822e-11,1.7331339407242533e-12,0.0004975764895789325,0.004228257108479738,TRACKING,True,3
97197172832204,0.002089278001221828,0.00379465744042564,-0.00012009745098416767,-0.0004151310194671694,0.003372885616470181,1.4583374004922822e-11,1.7331339407242533e-12,0.00043215410551056266,0.0037946575321257114,TRACKING,True,3
97197174899950,0.002067179011646658,0.003348318830699973,0.00022435626129784075,-0.000857867105691391,0.0034142405364408104,1.4583374004922822e-11,1.7331339407242533e-12,0.000886719673871994,0.003348318859934807,TRACKING,True,3
97197176981238,0.0020819589990423992,0.003331598123536912,-5.4668297642448834e-05,-0.00020187387822969907,0.0034558662964112473,1.4583374004922822e-11,1.7331339407242533e-12,0.00020914511696901172,0.003331598127260804,TRACKING,True,3
97197179036141,0.002055548000498675,0.0038646423895715544,-0.0002842760701745633,-0.00018225742256003342,0.0034969643563820593,1.4583374004922822e-11,1.7331339407242533e-12,0.0003376842360012233,0.0038646424654871225,TRACKING,True,3
97197181105272,0.002067823996185325,0.0035571682700339326,0.00036442456174110406,-0.00011058130709072129,0.003538346976352669,1.4583374004922822e-11,1.7331339407242533e-12,0.0003808326437138021,0.0035571681801229715,TRACKING,True,3
97197183172480,0.002067213994450867,0.004337989771774184,-0.0004538591354284902,0.0006432571779001767,0.003579691136323306,1.4583374004922822e-11,1.7331339407242533e-12,0.0007872533751651645,0.00433798972517252,TRACKING,True,3
97197185238944,0.00206648200401105,0.0031921096407386213,-8.153322640456314e-05,0.00018202309441690844,0.0036210204162939533,1.4583374004922822e-11,1.7331339407242533e-12,0.000199449437786825,0.003192109754309058,TRACKING,True,3
97197187306715,0.002067719993647188,0.0046897957668944334,0.000447913087909921,-0.00020293142304533785,0.003662375836264582,1.4583374004922822e-11,1.7331339407242533e-12,0.0004917390760965645,0.004689795896410942,TRACKING,True,3
97197189388060,0.002082215010887012,0.004353562294030879,-0.00010685243786347927,-0.00039572292641668993,0.0037040027362350183,1.4583374004922822e-11,1.7331339407242533e-12,0.00040989520493894815,0.004353562369942665,TRACKING,True,3
97197191468551,0.002080443999147974,0.003969954902098808,4.723543860002245e-05,0.0004768331853647516,0.003745612556205467,1.4583374004922822e-11,1.7331339407242533e-12,0.00047916703624650836,0.003969954792410135,TRACKING,True,3
97197193551985,0.002083346000290476,0.0035124120541022165,0.00019075176341383656,0.0003172746681505183,0.003787281236175873,1.4583374004922822e-11,1.7331339407242533e-12,0.00037020191666670144,0.003512412076815963,TRACKING,True,3
97197195660885,0.002109094988554716,0.003968482015921258,-1.4491751462305024e-05,-0.0003488091853123665,0.0038294592361459183,1.4583374004922822e-11,1.7331339407242533e-12,0.00034911007969640195,0.003968481905758381,TRACKING,True,3
97197197738952,0.0020775700104422867,0.004322896471794095,6.861226473959067e-05,0.0002481519879875624,0.003871020576116401,1.4583374004922822e-11,1.7331339407242533e-12,0.00025746269966475666,0.004322896245867014,TRACKING,True,3
97197199927450,0.002188690996263176,0.0037394014156550194,6.505859954450031e-06,-0.0005186139941192253,0.0039147905360853155,1.4583374004922822e-11,1.7331339407242533e-12,0.0005186548223719001,0.003739401465281844,TRACKING,True,3
97197202042172,0.0021145909995539114,0.003999847623623179,0.00038260517641052963,4.649664477305e-05,0.003957084976055278,1.4583374004922822e-11,1.7331339407242533e-12,0.0003854201058857143,0.003999847453087568,TRACKING,True,3
97197204116243,0.002073979005217552,0.004428262801284939,0.00015645525564470997,0.000681928316742793,0.003998566396025817,1.4583374004922822e-11,1.7331339407242533e-12,0.0006996459560468793,0.004428262822329998,TRACKING,True,3
97197206187993,0.002071500988677144,0.003944976579919987,-0.0008193150986930809,0.00021624411627591905,0.004040001395996389,1.4583374004922822e-11,1.7331339407242533e-12,0.0008473716443404555,0.003944976720958948,TRACKING,True,3
97197208257221,0.0020692310063168406,0.003998791212028216,-0.00048714667655795586,0.0003256326806945165,0.004081385955966997,1.4583374004922822e-11,1.7331339407242533e-12,0.0005859594675712287,0.003998791333287954,TRACKING,True,3
97197210327577,0.0020706630020868033,0.004254957645564909,0.00022266931555068394,-0.00016618797366021174,0.00412279307593759,1.4583374004922822e-11,1.7331339407242533e-12,0.000277849001577124,0.004254957661032677,TRACKING,True,3
97197213702724,0.003374991996679455,0.004288819598013526,0.00012716953666108642,0.000887327555003984,0.004190296015889649,1.4583374004922822e-11,1.7331339407242533e-12,0.000896394019946456,0.004288819618523121,TRACKING,True,3
97197216835135,0.0031329189951065928,0.003277882731273169,-0.0008776960619240282,0.00033867168697306174,0.0036198626135025115,-0.0008724489621453303,0.00015674178083823848,0.0009407704346813262,0.0032778827007859945,TRACKING,True,3
97197218915671,0.002079845013213344,0.002799079870425259,-0.0016157704599071082,0.0012292016182581023,0.003661473333472959,-0.0008142862761930114,0.00014629243284419708,0.0020301849581301212,0.0027990797534585,TRACKING,False,4
97197221023300,0.0021080039878142998,0.002820066436612188,-0.00046790161614231426,-0.00028840569089858556,0.003703625913443022,-0.0007553661884699438,0.00013570701213370059,0.0005496451049111784,0.0028200666420161724,TRACKING,True,5
97197223091018,0.0020672750106314197,0.003363400222038086,-0.0016888242898657495,-0.0003250472445055923,0.0037449802734136517,-0.0006975618377295784,0.00012532204165708143,0.0017198206624016166,0.0033634002320468426,TRACKING,True,5
97197225281882,0.002191194987972267,0.004180986861134373,-0.0013306862839483882,0.00041203201909355345,0.0037887975533825325,-0.0006363148634901318,0.00011431857892266225,0.001393017009831965,0.004180986899882555,TRACKING,True,5
97197227382236,0.002100584009895101,0.0039874535080269904,0.00043155299673118194,-0.00013349709523294664,0.0038308046333526986,-0.0005775981529450142,0.00010376969639591103,0.00045172940008342266,0.0039874534122645855,TRACKING,True,5
97197229504815,0.002122605001204647,0.004504963232923952,-7.38256514949929e-05,-5.0225018313520786e-05,0.003873256213322549,-0.0005182601286157129,9.310919034562187e-05,8.929042087402195e-05,0.004504963289946318,TRACKING,True,5
97197231624593,0.0021197669993853197,0.0030841737788243565,0.00029571978179887835,-0.0005997317007978925,0.00391565177329244,-0.00045900040799437563,8.246275212387846e-05,0.000668676511850208,0.0030841738916933537,TRACKING,True,5
97197233818902,0.002194218002841808,0.0037228299769498734,4.3931143376166066e-05,0.0006294197715121499,0.003959537953261271,-0.0003976571266239273,7.144198711550706e-05,0.0006309510208666325,0.0037228299770504236,TRACKING,True,5
97197236033351,0.002214519990957342,0.0035811035851508223,-0.0003517516618982739,-6.896915068295184e-05,0.004003826933229817,-0.0003357508189491615,6.032007035172262e-05,0.00035844941157847643,0.0035811036359518766,TRACKING,True,5
97197238165857,0.0021324630070012063,0.004637256340990707,0.0009761814079682633,-0.0008653337061286413,0.004046477053199526,-0.0002761352791221959,4.960970663132495e-05,0.001304504694417119,0.0046372562646865845,TRACKING,True,5
97197240264501,0.002098643992212601,0.00454666138816185,-0.0016465540611506186,4.610259854348907e-05,0.004088449933169716,-0.00021746637269725612,3.90694124611654e-05,0.0016471993876621127,0.0045466613955795765,TRACKING,True,5
97197242364708,0.002100222001899965,0.0035760618111652905,0.00083715562342589,0.00011170553238226488,0.004130454073139884,-0.00015875377162913632,2.8521268231735238e-05,0.0008445754065178335,0.0035760619211941957,TRACKING,True,5
97197244491427,0.002126759005477652,0.0038046025791317827,-0.0003489564383632882,-0.000269807906702993,0.004172988453109676,-9.930001100887803e-05,1.783996931811887e-05,0.0004410973924677819,0.003804602660238743,TRACKING,True,5
97197246605832,0.002114301998517476,0.004309432357360987,-0.00011926473115500608,0.00033516330360758507,0.004215276553079643,-4.019049596515236e-05,7.220516616824029e-06,0.0003557506133802235,0.004309432581067085,TRACKING,True,5
97197248808763,0.0022031279950169846,0.005029465714010697,0.00035070601683720426,-0.0006130015198779635,0.004259335173048352,-6.6165377213614485e-12,3.974083106865478e-12,0.0007062333752401173,0.005029465537518263,TRACKING,True,5
97197251053425,0.002244746996439062,0.003492325009773476,-0.0003777097694443887,0.0005266076361289498,0.0043042284130164685,-6.6165377213614485e-12,3.974083106865478e-12,0.0006480588344857097,0.0034923250786960125,TRACKING,True,5
97197253140622,0.0020868200081167743,0.004178448276154147,-0.00033378641615482976,6.914128287702442e-05,0.004345972352986821,-6.6165377213614485e-12,3.974083106865478e-12,0.0003408722404856235,0.004178448114544153,TRACKING,True,5
97197255234454,0.002093944000080228,0.0036800860181613725,-0.0005696638674511836,0.00025516271657881963,0.00438784899295708,-6.6165377213614485e-12,3.974083106865478e-12,0.0006241994560696185,0.0036800859961658716,TRACKING,True,5
97197257322042,0.0020873140019830316,0.004278024006473317,-0.00022661812766179663,0.00015881751663233512,0.0044296007529274276,-6.6165377213614485e-12,3.974083106865478e-12,0.00027672870783135295,0.0042780241928994656,TRACKING,True,5
97197259404731,0.002082610997604206,0.00417881893130744,-0.00034314552989787503,-0.00022990507729275396,0.004471254532897845,-6.6165377213614485e-12,3.974083106865478e-12,0.00041304383194074035,0.00417881878092885,TRACKING,True,5
97197261495575,0.0020910629973514006,0.004814381707423946,2.9909961244063856e-05,-0.0005972987883640723,0.004513071412868146,-6.6165377213614485e-12,3.974083106865478e-12,0.000598047161474824,0.0048143817111849785,TRACKING,True,5
97197263611010,0.00211567799851764,0.004403851655573493,0.00032411195660911557,0.0009353759755525217,0.004555380112838098,-6.6165377213614485e-12,3.974083106865478e-12,0.000989937805570662,0.004403851460665464,TRACKING,True,5
97197265687236,0.002076056000078097,0.004025727636747632,0.00016926764040772375,-0.00012937413443359566,0.004596904632808607,-6.6165377213614485e-12,3.974083106865478e-12,0.0002130474167643115,0.0040257275104522705,TRACKING,True,5
97197267772069,0.0020852960005868226,0.00505136101118512,0.0002247774820414956,0.0007360884578444905,0.004638601292778994,-6.6165377213614485e-12,3.974083106865478e-12,0.0007696435204707086,0.005051360931247473,TRACKING,True,5
97197269836576,0.002063581006950699,0.004939616883886974,-0.0002725566627309914,-0.000269296585115561,0.004679891432749669,-6.6165377213614485e-12,3.974083106865478e-12,0.0003831550420727581,0.004939616657793522,TRACKING,True,5
97197271915848,0.0020799529884243384,0.004924251927578699,0.00019747158809575746,0.0011989686377667842,0.0047214768727201345,-6.6165377213614485e-12,3.974083106865478e-12,0.0012151217088103294,0.004924251697957516,TRACKING,True,5
97197273979284,0.002062706000288017,0.0056009119525236226,-0.0005867891828040655,0.00017511240186086053,0.004762745592690825,-6.6165377213614485e-12,3.974083106865478e-12,0.0006123608909547329,0.005600912030786276,TRACKING,True,5
97197276036823,0.0020580260024871677,0.004138401941977304,-0.0008278384544762017,0.000371773004695438,0.0048038963726616,-6.6165377213614485e-12,3.974083106865478e-12,0.0009074864210560918,0.004138401709496975,TRACKING,True,5
97197278145326,0.002109506996930577,0.005121940199154228,-0.0005192839037850426,0.0008218433730233491,0.00484606643263165,-6.6165377213614485e-12,3.974083106865478e-12,0.0009721535025164485,0.005121940281242132,TRACKING,True,5
97197280240063,0.002093552000587806,0.004399176207851749,-0.0005838641971898725,0.00032630911468409734,0.004887961172601896,-6.6165377213614485e-12,3.974083106865478e-12,0.0006688610301353037,0.004399176221340895,TRACKING,True,5
97197282305075,0.0020646780030801892,0.005039730685430339,-8.0254007100954e-05,-3.353291247639884e-05,0.004929261412572564,-6.6165377213614485e-12,3.974083106865478e-12,8.69779396452941e-05,0.005039730574935675,TRACKING,True,5
97197284394887,0.002090680005494505,0.005082958048172144,-6.978999949095536e-05,-8.625243016643542e-05,0.00497105765254288,-6.6165377213614485e-12,3.974083106865478e-12,0.00011095100489910692,0.005082957912236452,TRACKING,True,5
97197286570883,0.002175346002331935,0.0040665992281787465,-0.0006709806896213712,0.0003054747891354639,0.005014577572511971,-6.6165377213614485e-12,3.974083106865478e-12,0.0007372447871603072,0.004066599067300558,TRACKING,True,5
97197289476234,0.0029052879981463775,0.004720534147247357,0.0002725966229393142,0.0006177319535969129,0.005072684592470704,-6.6165377213614485e-12,3.974083106865478e-12,0.0006752049084752798,0.004720534197986126,TRACKING,True,5
97197292040979,0.0025655569916125387,0.004149931904761906,0.00026129365356277856,0.001874205858091053,0.00432740731798612,0.00011980876289123585,0.0008359676347017092,0.0018923324532806873,0.004149931948632002,TRACKING,True,5
97197294108858,0.002067082008579746,0.00471623271911352,0.0010328565417735205,0.0015476245817443368,0.004368764897956748,0.00011191962639785151,0.0007809210547872972,0.0018606274388730526,0.004716232884675264,TRACKING,True,5
97197296171256,0.002062157989712432,0.0047866930326880205,4.810451967967796e-05,0.0003050236115233915,0.0044100128579274535,0.00010405140039155093,0.0007260203781411668,0.0003087935328949243,0.004786693025380373,TRACKING,True,5
97197298232575,0.0020614100067177787,0.003895390243136991,0.0003393517582038203,0.0009052401126250755,0.004451239237898174,9.618729086318563e-05,0.0006711484242876792,0.0009667571284808218,0.003895390313118696,TRACKING,True,5
97197300295222,0.002062710002064705,0.004405181073852525,0.0005125513054437378,0.0003139725621332112,0.004492492177868876,8.831811490043844e-05,0.000616241119304785,0.0006010720389895141,0.004405180923640728,TRACKING,True,5
97197302374135,0.0020796009921468794,0.0050891799718949405,0.00010039041513974515,0.0005427375283360291,0.004534070437839347,8.038688274668518e-05,0.0005609008162263118,0.0005519440746866167,0.005089180078357458,TRACKING,True,5
97197304453556,0.0020793480071006343,0.004575522209320077,2.315807413691564e-05,0.001749679134440408,0.00457565885780981,7.245371252917742e-05,0.0005055469902760475,0.0017498322995379567,0.0045755221508443356,TRACKING,True,5
97197306531505,0.0020778110047103837,0.003811457923206493,0.00015313743000935345,0.0010722854433797145,0.004617217837780295,6.45261581184544e-05,0.0004502323487101859,0.0010831652907654643,0.0038114578928798437,TRACKING,True,5
97197308611535,0.0020800739875994623,0.00501757496403701,-9.445032134014226e-05,0.0012649228233940863,0.004658818437750749,5.6590664513492896e-05,0.0003948623112856681,0.0012684441171586514,0.00501757487654686,TRACKING,True,5
97197310692310,0.0020805860112886876,0.0041661875088383525,-0.0006044957361897519,0.0006235077235567173,0.004700433937721194,4.865232866936383e-05,0.00033947244209051183,0.0008684336207807064,0.004166187718510628,TRACKING,True,5
97197312774446,0.002082474995404482,0.004014841757075106,-0.0011482660759902972,0.0007254896621756788,0.004742076657691619,4.070880049301052e-05,0.00028404634331167893,0.0013582526007667184,0.0040148417465388775,TRACKING,True,5
97197314838465,0.002063213993096724,0.005164032193972518,0.00039897782170381687,-1.4633056415045738e-05,0.004783357037662301,3.2834390232091654e-05,0.00022910251592701814,0.00039924608427099884,0.005164031870663166,TRACKING,True,5
97197316917424,0.002079596000839956,0.004916409281477442,-0.0004577603065368482,0.0010409365916428607,0.0048249362176327705,2.49029825843764e-05,0.00017376098833653242,0.0011371426517143846,0.004916409496217966,TRACKING,True,5
97197318995530,0.0020781930070370436,0.005262010463355477,0.00038810286539024,-0.0008565502029953852,0.004866498337603253,1.6974829205130832e-05,0.00011844216745793214,0.0009403733420185745,0.005262009799480438,TRACKING,True,5
97197321032604,0.002036945996223949,0.00531089083956926,0.00075618922743069,0.0006723466541182401,0.004907239817574318,9.203216440010432e-06,6.421561129455367e-05,0.0010118656791746616,0.005310890730470419,TRACKING,True,5
97197323100789,0.0020677190041169524,0.0053431686854431915,8.343280154373179e-07,-0.0001617555379142462,0.004948603517544941,1.3129125302700198e-06,9.16088571327532e-06,0.000161757692694664,0.005343168042600155,TRACKING,True,5
97197325168521,0.002067706998786889,0.005290779000325012,0.00019138467813310448,0.00011818728372199639,0.004989958157515571,2.3442302244346125e-13,1.8529070638928502e-11,0.00022493628785014153,0.005290778819471598,TRACKING,True,5
97197327233423,0.0020651280065067112,0.004876643824091732,0.0008406282641971394,-0.0005839216275689218,0.0050312561974862405,2.3442302244346125e-13,1.8529070638928502e-11,0.0010235332883894444,0.004876643884927034,TRACKING,True,5
97197329297818,0.002064067986793816,0.0050612278695508755,-0.000290090436160225,0.0005160215425744998,0.0050725440974569175,2.3442302244346125e-13,1.8529070638928502e-11,0.0005919719114899635,0.0050612278282642365,TRACKING,True,5
97197331363273,0.002065442007733509,0.0058290939510747194,0.0006220444206395573,0.0003777036094083176,0.005113853197427579,2.3442302244346125e-13,1.8529070638928502e-11,0.0007277356926351786,0.005829093977808952,TRACKING,True,5
97197333443238,0.0020805800013476983,0.004454151509158031,0.0010406163540075868,0.00025834806331639503,0.005155452497398035,2.3442302244346125e-13,1.8529070638928502e-11,0.0010722060687839985,0.004454151727259159,TRACKING,True,5
97197335525323,0.0020820319914491847,0.005142862574870052,1.075029829178498e-05,-0.00016975954829673016,0.00519709419736846,2.3442302244346125e-13,1.8529070638928502e-11,0.00017009959265124053,0.005142862442880869,TRACKING,True,5
97197337605454,0.002080210004351102,0.00545063710370082,0.00015508390428972508,-0.00018005000430428069,0.005238696817338914,2.3442302244346125e-13,1.8529070638928502e-11,0.0002376321208430454,0.005450637079775333,TRACKING,True,5
97197339718928,0.002113185008056462,0.003996020578921155,-1.7560667289563115e-05,0.00023841799664882138,0.0052809662973088934,2.3442302244346125e-13,1.8529070638928502e-11,0.00023906384012661874,0.003996020648628473,TRACKING,True,5
97197341856117,0.002137368996045552,0.005586793999724699,-7.673250015342063e-05,0.00022665740326077442,0.005323710077278537,2.3442302244346125e-13,1.8529070638928502e-11,0.00023929365852382034,0.00558679411187768,TRACKING,True,5
97197346285746,0.004429180989973247,0.005926462127434105,-0.00023512514104751035,0.0007331395412383847,0.005412302657215618,2.3442302244346125e-13,1.8529070638928502e-11,0.0007699203561060131,0.005926462356001139,TRACKING,True,5
97197349620476,0.003335123008582741,0.003811360296288312,-0.0003858982259191873,0.00010177526928450498,0.004788939447198774,0.00024462604094034797,0.0005543477444722141,0.00039909352199174464,0.0038113603368401527,TRACKING,True,5
97197351696340,0.002076346005196683,0.0036082233724315177,-0.00027223147587313105,0.0011400639067387494,0.004830456727169289,0.00022764983464326223,0.0005158779189205583,0.0011721157934516668,0.003608223283663392,TRACKING,True,5
97197353776825,0.002080880993162282,0.0054928309597660286,0.00025931506963762757,0.0013378234405575452,0.004872066427139737,0.00021063583827452497,0.00047732245718855836,0.0013627237640321255,0.005492831114679575,TRACKING,True,5
97197355857561,0.0020801259961444885,0.00503342625708328,-5.528618905500837e-05,0.0005595777286263767,0.004913681147110182,0.00019361978925311847,0.0004387623439349686,0.00056230224436149,0.005033425986766815,TRACKING,True,5
97197357933068,0.002075736003462225,0.004886617981898751,0.0005446132327160037,-0.00035122618558419396,0.0049551912870807015,0.00017664650246600452,0.0004002991342925063,0.000648045795969665,0.004886617884039879,TRACKING,True,5
97197360022390,0.002089197005261667,0.005496685198716639,-7.020312759116801e-05,0.0007892414138981492,0.004996977727051024,0.00015956023800309184,0.00036157990564302043,0.0007923575467430055,0.005496685393154621,TRACKING,True,5
97197362081906,0.0020585929887602106,0.004267647946098577,-6.69116037259681e-05,0.00036244465072444017,0.00503816804702177,0.00014271772400017602,0.0003234130405493323,0.00036856922088190913,0.004267647862434387,TRACKING,True,5
97197364141904,0.002060076003544964,0.005530094321468092,-0.0004828942663360256,0.0011189593710060133,0.00507936800699251,0.00012587126824990333,0.0002852372430516351,0.0012187112588435411,0.005530094262212515,TRACKING,True,5
97197366203626,0.002061774008325301,0.005361934184464982,-0.0001538769953999379,0.000855680513551481,0.005120602446963224,0.0001090107138016157,0.0002470294964574408,0.0008694062707945704,0.005361934192478657,TRACKING,True,5
97197368268479,0.002064892993075773,0.00521325501844521,0.0006712730447069213,0.0013703376306744906,0.005161899506933895,9.212455435130663e-05,0.00020876372630110448,0.0015259203501045704,0.005213255062699318,TRACKING,True,5
97197370346298,0.0020786160021089017,0.005587720075733671,-0.00018820737152349908,-4.259604692504195e-05,0.005203455886904381,7.513236026151829e-05,0.00017025767077053226,0.00019296746177133173,0.00558771938085556,TRACKING,True,5
97197372425724,0.0020792199939023703,0.005536321580064078,0.00020207973283478626,-0.00028479314739388484,0.0052450444068748445,5.812702428790737e-05,0.00013172183438261032,0.000349203881341964,0.005536321550607681,TRACKING,True,5
97197374503393,0.002077559009194374,0.004952543029032344,0.00037402707152407776,0.0012665677440764664,0.005286597786845333,4.113605688298115e-05,9.321855864581694e-05,0.0013206400908529758,0.004952542949467897,TRACKING,True,5
97197376583311,0.0020801170030608773,0.00401301245616182,0.00038608476629438344,-5.0849986976536713e-05,0.005328196146815789,2.412669738302255e-05,5.467360453430053e-05,0.0003894190303981304,0.004013012629002333,TRACKING,True,5
97197378694130,0.0021108989894855767,0.0057600948836559005,0.00044072532165621067,4.197503689167558e-05,0.0053704125267858074,6.864632623573841e-06,1.555599437240158e-05,0.00044271969818510115,0.005760095082223415,TRACKING,True,5
97197380789881,0.002096447002259083,0.004904340773244941,-0.0006985259571067803,-0.0009370893353575317,0.005412327546756039,-1.0355283091515594e-11,8.939050671549764e-12,0.001168792019598186,0.004904340952634811,TRACKING,True,5
97197382879804,0.002089803005219437,0.006065298806843812,-0.00010485119323378062,-0.00027013747474022727,0.005454126006726353,-1.0355283091515594e-11,8.939050671549764e-12,0.0002897723752539605,0.006065298803150654,TRACKING,True,5
97197384987957,0.002107544001773931,0.005357429361283212,-0.0006697338695535692,0.00015230729869958058,0.0054962890666964085,-1.0355283091515594e-11,8.939050671549764e-12,0.0006868339842185378,0.005357429385185242,TRACKING,True,5
97197387042744,0.002055416989605874,0.006196735554689119,0.0005692303050301984,-0.0007828995266748093,0.005537384806667222,-1.0355283091515594e-11,8.939050671549764e-12,0.0009679642389528453,0.006196735426783562,TRACKING,True,5
97197389115655,0.002071756010991521,0.006260598968542254,-0.00038211845771845085,-0.0009564761236823319,0.005578843026637778,-1.0355283091515594e-11,8.939050671549764e-12,0.001029981067404151,0.006260599009692669,TRACKING,True,5
97197391181236,0.0020653510000556707,0.00500541852890313,-0.0004832570659778101,-3.473911230968826e-06,0.005620154646608437,-1.0355283091515594e-11,8.939050671549764e-12,0.00048326954129152,0.005005418322980404,TRACKING,True,5
97197393248415,0.002067230991087854,0.005145510490085952,-0.0007551227407452473,-0.0001322470086266004,0.005661498226579075,-1.0355283091515594e-11,8.939050671549764e-12,0.0007666156743653119,0.005145510658621788,TRACKING,True,5
97197395313226,0.00206484500085935,0.006664746417946532,-0.00035117545154958354,0.00023212676666392335,0.005702794446549746,-1.0355283091515594e-11,8.939050671549764e-12,0.0004209596663713455,0.006664746440947056,TRACKING,True,5
97197397401293,0.002089272005832754,0.00578452920213482,0.001329033846742004,-0.0009491290708906888,0.005744555786520087,-1.0355283091515594e-11,8.939050671549764e-12,0.0016331493388861418,0.005784529261291027,TRACKING,True,5
97197399488357,0.0020862770034000278,0.006333987890097931,-0.0006406925082553399,-0.0002962076180710171,0.005786297066490442,-1.0355283091515594e-11,8.939050671549764e-12,0.0007058511255308986,0.006333987694233656,TRACKING,True,5
97197401555834,0.0020670519879786298,0.005779305779764369,0.0015930430905437372,-0.00038150264620261234,0.005827646606461075,-1.0355283091515594e-11,8.939050671549764e-12,0.0016380874440073967,0.005779305938631296,TRACKING,True,5
97197403636386,0.0020813220035051927,0.004924815589807354,0.00064868178981533,-0.00041961804522600086,0.005869257646431522,-1.0355283091515594e-11,8.939050671549764e-12,0.0007725718896836042,0.004924815613776445,TRACKING,True,5
97197405704047,0.0020669429941335693,0.005789135689556807,-1.2020921827411356e-05,4.849440172949689e-05,0.005910610866402153,-1.0355283091515594e-11,8.939050671549764e-12,4.996208372176625e-05,0.005789135582745075,TRACKING,True,5
97197407769722,0.0020656750130001456,0.005866855052194366,0.00013387820763174378,0.00019367981005692246,0.005951924366372811,-1.0355283091515594e-11,8.939050671549764e-12,0.00023544688883703202,0.005866854917258024,TRACKING,True,5
97197409863729,0.002094604991725646,0.006420765915452038,-0.00021361657830511408,-0.00037436506273840116,0.005993804506343068,-1.0355283091515594e-11,8.939050671549764e-12,0.00043102347990497947,0.00642076600342989,TRACKING,True,5
97197411944339,0.002080480000586249,0.005503641566979987,0.00029635443972931636,-2.3149063659006924e-05,0.006035416706313515,-1.0355283091515594e-11,8.939050671549764e-12,0.00029725718195550144,0.005503641441464424,TRACKING,True,5
97197414036293,0.002092023001750931,0.006353858071997717,0.0002690981105526526,0.0008429384756163533,0.0060772557862838,-1.0355283091515594e-11,8.939050671549764e-12,0.0008848497527651489,0.0063538579270243645,TRACKING,True,5
97197416113956,0.0020769639959326014,0.0062225615940378065,0.00037618564798974836,-0.0006012949042083561,0.006118809046254289,-1.0355283091515594e-11,8.939050671549764e-12,0.0007092751329764724,0.006222561467438936,TRACKING,True,5
97197418184583,0.0020708869997179136,0.0056200707481299005,-0.00015586888325746349,-0.0006083588289681729,0.006160221586224877,-1.0355283091515594e-11,8.939050671549764e-12,0.0006280092056840658,0.005620070733129978,TRACKING,True,5
97197420254990,0.0020704990020021796,0.006546426335091043,-0.0006665264044924434,3.4191518306907374e-05,0.0062016297261954685,-1.0355283091515594e-11,8.939050671549764e-12,0.0006674028118140996,0.006546426564455032,TRACKING,True,5
97197422333910,0.002078653997159563,0.005014160315416139,-0.0005523898720579557,-0.00016951765919542288,0.006243208126165939,-1.0355283091515594e-11,8.939050671549764e-12,0.0005778155755251646,0.005014160182327032,TRACKING,True,5
97197424443869,0.0021104629995534196,0.006155887462703356,-0.0008958228820384209,5.433454848528284e-05,0.006285407306135969,-1.0355283091515594e-11,8.939050671549764e-12,0.0008974691154435277,0.006155887618660927,TRACKING,True,5
97197426543190,0.0020992790086893365,0.0068148257404577915,0.00032412019226351826,-0.0003292915232799035,0.00632739372610615,-1.0355283091515594e-11,8.939050671549764e-12,0.0004620463296305388,0.006814825814217329,TRACKING,True,5
97197428632835,0.002090288995532319,0.006075538206992199,-0.0005931501512050042,0.0003148940062450299,0.006369186626076468,-1.0355283091515594e-11,8.939050671549764e-12,0.0006715544150210917,0.006075538229197264,TRACKING,True,5
97197430718674,0.0020855629991274327,0.0071317328249228176,-0.00026297774810554595,-0.0008489090245348395,0.00641090340604684,-1.0355283091515594e-11,8.939050671549764e-12,0.0008887090953066945,0.007131733000278473,TRACKING,True,5
97197432801858,0.0020831260044360533,0.0065525692073197,0.0003538847016979828,-0.0013610619159234957,0.006452567086017251,-1.0355283091515594e-11,8.939050671549764e-12,0.0014063157141208649,0.006552569102495909,TRACKING,True,5
97197434883755,0.0020819810015382245,0.006563383045803768,0.0010821934794851373,0.000410323813653895,0.0064942050259876784,-1.0355283091515594e-11,8.939050671549764e-12,0.0011573713272809982,0.006563383154571056,TRACKING,True,5
97197436964491,0.002080573991406709,0.006811049146419351,0.00020106062830724998,0.0005309494195863807,0.006535819745958123,-1.0355283091515594e-11,8.939050671549764e-12,0.0005677434965036809,0.006811049301177263,TRACKING,True,5
97197439030971,0.0020665120100602508,0.006106565719025298,-0.00042266891157377964,0.00020378466338611886,0.006577149345928771,-1.0355283091515594e-11,8.939050671549764e-12,0.00046923040645197034,0.006106565706431866,TRACKING,True,5
97197441097552,0.002065845998004079,0.006275816293654231,0.00012935119975211404,-0.0009562812328761457,0.006618480965899416,-1.0355283091515594e-11,8.939050671549764e-12,0.0009649898856878281,0.0062758163549005985,TRACKING,True,5
97197443164728,0.0020673120015999302,0.007038801817727371,0.0004234856957446343,2.1838959987679793e-05,0.006659824485870054,-1.0355283091515594e-11,8.939050671549764e-12,0.00042404845589771867,0.007038801908493042,TRACKING,True,5
97197445233791,0.002068952002446167,0.0067834172164147125,0.0008103255324963385,-0.0005415473050019515,0.006701205745840665,-1.0355283091515594e-11,8.939050671549764e-12,0.0009746286668814719,0.006783417426049709,TRACKING,True,5
97197447301247,0.002067488996544853,0.006285976537668687,-0.0005469031573130095,-0.0002123650766887225,0.006742554865811298,-1.0355283091515594e-11,8.939050671549764e-12,0.0005866872961632907,0.006285976618528366,TRACKING,True,5
97197449382359,0.002081667000311427,0.0062786021452775525,1.852422823918665e-05,-0.0003253683940604922,0.006784177105781738,-1.0355283091515594e-11,8.939050671549764e-12,0.0003258952929172665,0.006278601940721273,TRACKING,True,5
97197451529881,0.0021473050001077354,0.006102552985923547,-0.000775088878442651,0.0006058285623797674,0.006827127545751234,-1.0355283091515594e-11,8.939050671549764e-12,0.0009837637189775705,0.006102553103119135,TRACKING,True,5
97197454217374,0.002687394997337833,0.005895646878454759,-0.0003475158564783666,0.0007424388115307726,0.005930086287431531,-0.00023384694431108447,0.0007291540188292667,0.0008197454735636711,0.005895646754652262,TRACKING,True,5
97197456911697,0.0026948949962388724,0.005942791689471187,0.0001632146163318331,0.000951024092428109,0.005983972747393261,-0.00021484185145934936,0.0006698945783304918,0.0009649278363212943,0.005942791700363159,TRACKING,True,5
97197459025722,0.002113305003149435,0.005731399374186297,-0.0006116935668142418,8.003792554625946e-05,0.006026253247363233,-0.0001999300382076014,0.0006233983198268073,0.0006169076659716666,0.005731399171054363,TRACKING,True,5
97197461095522,0.0020698120060842484,0.005442083599228041,0.000515742642788755,0.00011960513685515422,0.006067649247333833,-0.00018533017724641697,0.0005778747541873631,0.0005294297588989139,0.005442083813250065,TRACKING,True,5
97197463159768,0.002063982989056967,0.005099411270533689,-0.0005925117237662147,0.00013829249709965965,0.006108934167304512,-0.00017076949283744938,0.0005324733442555048,0.0006084365304559469,0.0050994111225008965,TRACKING,True,5
97197465223118,0.0020633690000977367,0.0063151269743551034,-0.000599206421485159,0.0007544681746324028,0.006150201167275203,-0.00015621512859246924,0.0004870916411140674,0.0009634679881855845,0.006315127015113831,TRACKING,True,5
97197467289293,0.00206621500547044,0.006385788154546632,0.0004917739215263109,0.0015251443439346839,0.006191524667245855,-0.00014164083749116708,0.0004416478043979216,0.0016024690121412277,0.006385788321495056,TRACKING,True,5
97197469367304,0.002078657998936251,0.007657536949781803,0.0005484342632891913,-0.00018390651613892664,0.006233084887216339,-0.0001269830581521914,0.0003959436444993869,0.0005784477107226849,0.007657536771148443,TRACKING,True,5
97197471446379,0.0020789910049643368,0.006072566690686042,1.1505297887171506e-05,0.001384279834785384,0.006274666387186808,-0.00011231777361848065,0.00035021608278722747,0.001384327537380159,0.006072566844522953,TRACKING,True,5
97197473525209,0.002078849996905774,0.0066545531534558675,0.0005040319850467837,0.0002175179688446732,0.006316242987157279,-9.765421725461021e-05,0.0003044939096505738,0.0005489647737704217,0.006654553115367889,TRACKING,True,5
97197475653092,0.002127850995748304,0.006653942895282388,0.000276451474911425,2.9538607989393762e-05,0.006358800647127055,-8.26446530736903e-05,0.00025769285572093927,0.00027802507975138724,0.006653943099081516,TRACKING,True,5
97197477682388,0.0020289079984650016,0.006788050548925404,0.00046707479948037155,0.00013387727520269816,0.0063993865670982295,-6.833049738275994e-05,0.00021306014258060612,0.0004858827160205692,0.006788050755858421,TRACKING,True,5
97197481859739,0.0041777440055739135,0.00641563172550642,0.00048214941938656163,0.0007634370095923164,0.005906558458447009,-0.0003418279357734945,0.0007302870403539101,0.0009029419161379337,0.0064156316220760345,TRACKING,True,5
97197484894241,0.0030348729924298823,0.005967409587292268,-0.0004650004558793623,0.0003530443476052562,0.005967248498403906,-0.0003101918083661425,0.0006626990761182423,0.0005838370998390019,0.005967409815639257,TRACKING,True,5
97197486977268,0.002082837003399618,0.006086984611697155,-0.0004943886865348389,0.00046031314250657247,0.006008909038374319,-0.0002884752606212557,0.0006163034717067341,0.0006755060167051852,0.006086984649300575,TRACKING,True,5
97197489035096,0.00205774100322742,0.005663319961264927,-0.0010350454744218773,0.00010184708292103399,0.006050065598345089,-0.00026702142444305697,0.0005704691287841868,0.0010400442406535149,0.005663319956511259,TRACKING,True,5
97197491103834,0.0020683469920186326,0.006255939073294245,-0.000837023033286423,0.00020040483884439428,0.006091440358315704,-0.00024545384632301267,0.0005243917856297031,0.0008606797200627625,0.00625593913719058,TRACKING,True,5
97197493174678,0.002070847011054866,0.006953937301761328,0.0003393935700878295,0.0001315595090070698,0.006132857238286289,-0.00022386431215076612,0.0004782675351893846,0.000363999861292541,0.006953937467187643,TRACKING,True,5
97197495247224,0.002072684990707785,0.006475997871644505,-0.0005274000060721464,0.0012458999591207045,0.006174308158256851,-0.0002022570338185726,0.00043210537582195744,0.0013529291609302163,0.006475998088717461,TRACKING,True,5
97197497329473,0.0020829690038226545,0.005923106290558496,-0.00013969024691347687,0.0010781314080578162,0.006215953138227274,-0.00018054859709392012,0.00038572709993294667,0.0010871433187276125,0.005923106335103512,TRACKING,True,5
97197499414245,0.0020846160041401163,0.005843710198454511,0.0004934532469257026,-6.943304093749101e-05,0.006257648578197662,-0.00015881385689362363,0.00033929262884822777,0.0004983142134733498,0.005843710154294968,TRACKING,True,5
97197501497761,0.0020829360000789165,0.0064184167706032485,-0.00028489955751383173,0.0002486336145571767,0.006299318898168067,-0.00013709221109103176,0.00029288613285895443,0.00037813547533005476,0.006418416742235422,TRACKING,True,5
97197503581707,0.002084566993289627,0.006421042968152898,-0.0001525382783630636,-0.0002621966451531407,0.006340997818138466,-0.00011536608233381174,0.00024647005940866076,0.00030333976610563695,0.006421043071895838,TRACKING,True,5
97197505652505,0.0020700820023193955,0.00681570368981332,0.00026649263674093164,0.0008452650956505102,0.006382413778109052,-9.377702773345563e-05,0.0002003468335339399,0.0008862795075401664,0.006815703585743904,TRACKING,True,5
97197507744262,0.0020925660064676777,0.007116722996493984,-0.0007439533787217429,0.0007965124276648364,0.0064242489180793404,-7.19694655841407e-05,0.0001537567843905523,0.001089907600544393,0.007116722874343395,TRACKING,True,5
97197509816367,0.0020711989927804098,0.007114558354940156,-0.0003164883816656082,0.000626306750423946,0.006465691018049908,-5.0366784886810045e-05,0.0001076044474889623,0.0007017300231382251,0.007114558480679989,TRACKING,True,5
97197511898727,0.002082840001094155,0.007241453803818053,-0.00029807494268702534,-0.0006281559753331083,0.00650733821802033,-2.8657190934334932e-05,6.12236992786183e-05,0.0006952902767807245,0.007241453975439072,TRACKING,True,5
97197513993042,0.002094014998874627,0.006369456254885577,0.0013895305717884525,0.00013270690177889089,0.006549224517990581,-6.822960417720203e-06,1.457667537874195e-05,0.0013958533527329564,0.006369456183165312,TRACKING,True,5
97197516040298,0.002048056005151011,0.0059830649120892684,-0.00012647363350639228,-0.0004970261271341533,0.006590169637961502,2.6971068607661852e-12,-1.983582601557815e-11,0.0005128650227561593,0.005983064882457256,TRACKING,True,5
97197518110733,0.0020694949926109985,0.0064319380400237455,4.7572061975524225e-05,-0.0012807985223067587,0.006631578337932093,2.6971068607661852e-12,-1.983582601557815e-11,0.0012816817034035921,0.006431938149034977,TRACKING,True,5
97197520184124,0.00207364400557708,0.006853246548642335,0.0007073348212128224,-9.868442250907744e-05,0.0066730461579026425,2.6971068607661852e-12,-1.983582601557815e-11,0.0007141857058741152,0.006853246595710516,TRACKING,True,5
97197522254829,0.0020705450006062165,0.006523112796420746,0.0005467952256545228,-0.0006333193328655632,0.00671446025787323,2.6971068607661852e-12,-1.983582601557815e-11,0.00083670683670789,0.006523112766444683,TRACKING,True,5
97197524362490,0.002107888998580165,0.006133668387289005,-0.0006952680286511557,-7.868899826865494e-05,0.006756613477843292,2.6971068607661852e-12,-1.983582601557815e-11,0.0006997067830525339,0.006133668590337038,TRACKING,True,5
97197527341776,0.0029790639964630827,0.006616942274311969,0.00043375520983151287,0.0010334043192206216,0.006419928785503368,0.0004790416818614477,0.0007585162075715745,0.0011207445058971643,0.006616942118853331,TRACKING,True,5
97197530348110,0.0030063440062804148,0.006895429065441892,0.0006838492490339691,0.0002853349042123954,0.006480055465460666,0.00043555661539821066,0.0006896618074830263,0.0007409897516481578,0.006895428989082575,TRACKING,True,5
97197532433257,0.002085396001348272,0.006387714560862882,0.001029519640066213,0.0001185621585226592,0.006521758405431048,0.00040539604246099905,0.000641905455134473,0.0010363240726292133,0.006387714762240648,TRACKING,True,5
97197534527392,0.002094398994813673,0.006436929253158332,0.00016646855591987675,0.0005038989201473948,0.0065636411054013025,0.0003751054627522937,0.0005939432496278886,0.0005306843668222427,0.006436929106712341,TRACKING,True,5
97197536614134,0.0020871360029559582,0.006067541699505704,-0.00032974493232865485,0.0018241323566926806,0.006605375945371662,0.00034492181896500056,0.0005461503668179355,0.0018536965362727642,0.006067541893571615,TRACKING,True,5
97197538706288,0.002091902992106043,0.007120169567885779,-4.1648724091945723e-05,0.0004687510441526963,0.006647219025341945,0.0003146598933967413,0.0004982335323734405,0.0004705976461991668,0.007120169699192047,TRACKING,True,5
97197540801406,0.00209533900488168,0.007027475642958832,0.00011252460566059188,0.0007585105960857376,0.006689121385312185,0.0002843550951014341,0.000450248813109141,0.0007668116595596075,0.007027475629001856,TRACKING,True,5
97197542891954,0.0020904179982608184,0.006423289998627417,7.485182458269625e-05,0.00035998438313956254,0.00673093234528249,0.00025411639949256715,0.0004023687610602621,0.0003676840278785676,0.006423289887607098,TRACKING,True,5
97197544960852,0.002067818000796251,0.00654356254987456,-0.001002220385375558,0.0003655606033706821,0.006772310305253104,0.00022419085993653044,0.00035498456135577244,0.0010668084723874927,0.00654356274753809,TRACKING,True,5
97197547030264,0.0020701799949165434,0.00694450955308787,0.00043235611988380715,-0.00018940391469673902,0.00681369854522371,0.0001942578856363295,0.00030758858945243675,0.0004720229480881244,0.0069445096887648106,TRACKING,True,5
97197549093745,0.002062677012872882,0.007027091847992421,0.00027226099362878415,-0.0006240804798052501,0.006854968165194399,0.00016441070018367296,0.0002603284558980422,0.0006808836478739977,0.007027091924101114,TRACKING,True,5
97197551156964,0.002063180989352986,0.0057952648924354646,0.000372802596743486,-0.0002640183451258339,0.006896232545165093,0.00013456730442551256,0.00021307432295862344,0.00045682323980145156,0.00579526461660862,TRACKING,True,5
97197553222748,0.002065995999146253,0.007438651389057348,0.0011748724554343783,-0.00012560200944250043,0.00693754822513575,0.0001046868072689452,0.0001657614435405277,0.001181567320600152,0.0074386512860655785,TRACKING,True,5
97197555343431,0.0021217330067884177,0.0066352645069003065,6.816416192847954e-05,0.0004545645446965445,0.0069799618851056275,7.401222447060783e-05,0.00011719120625385806,0.00045964689343236387,0.006635264493525028,TRACKING,True,5
97197559934437,0.004590087992255576,0.005569181380481682,-6.897318973393392e-05,0.0004173245916710145,0.006137080987286581,-0.0006917090210381654,-7.82861971354414e-05,0.0004229859623592347,0.005569181405007839,TRACKING,True,5
97197562374416,0.0024399410031037405,0.00651643380642278,-0.0009107363280254835,0.0003856248361714235,0.006185880567251923,-0.0006408158379136483,-7.252621175058961e-05,0.0009890132350847125,0.006516433786600828,TRACKING,True,5
97197564472328,0.002097721997415647,0.006656445237237365,-0.0011975429515970362,0.000977518415978039,0.006227838807222124,-0.0005970575024545635,-6.757373369290749e-05,0.001545849721878767,0.006656445097178221,TRACKING,True,5
97197566565267,0.0020938210072927177,0.006119433920826744,-0.00036880990692780255,-0.00032471071356715597,0.006269697587192396,-0.0005534028940356206,-6.263299524745928e-05,0.0004913835437037051,0.006119433790445328,TRACKING,True,5
97197568650893,0.0020861840021098033,0.006503858492930861,7.014038832225489e-05,-0.0004613938493769719,0.006311410107162771,-0.0005099008204738177,-5.7709520382197375e-05,0.00046669470611959696,0.006503858603537083,TRACKING,True,5
97197570734436,0.0020834799943258986,0.005525368033318593,-0.0006914349375298782,-0.0007058139692565071,0.006353080967133176,-0.00046644219421235965,-5.279096279268114e-05,0.0009880565339699388,0.005525368265807629,TRACKING,True,5
97197572815818,0.002080627004033886,0.006015422243482987,-0.00048627014479376223,-7.995620793780839e-05,0.006394708607103611,-0.00042302864217847987,-4.7877506611175654e-05,0.0004927997943013906,0.006015422288328409,TRACKING,True,5
97197574895845,0.0020800929924007505,0.007081673628586676,-0.000887042528365071,0.0001333869526261736,0.006436309147074067,-0.0003796433527907679,-4.296724913760843e-05,0.0008970153867267072,0.007081673480570316,TRACKING,True,5
97197576974759,0.0020786340028280392,0.006224103700601425,0.0003462472391857827,0.001225789628743924,0.006477887427044537,-0.00033628127840319217,-3.80596190898237e-05,0.0012737533543258905,0.0062241037376224995,TRACKING,True,5
97197579011435,0.002036158010014333,0.006670340814933198,0.000543295319754567,-0.0002983544947437673,0.006518620947015608,-0.0002938002059704748,-3.325169902425003e-05,0.000619826780166477,0.006670340895652771,TRACKING,True,5
97197581119460,0.002109349996317178,0.0057610781925896085,-0.0008850301911379341,-0.0008178203162436276,0.006560781446985665,-0.00024983093313818384,-2.8275347510199215e-05,0.001205034670419991,0.005761078093200922,TRACKING,True,5
97197583199943,0.0020796070020878688,0.006125016445905743,-0.0003265454845901831,0.0005516877090428607,0.006602391106956113,-0.00020643613248356963,-2.336401357108229e-05,0.0006410860223695636,0.00612501660361886,TRACKING,True,5
97197585267259,0.00206703798903618,0.006993666983074844,6.856595079893324e-05,-0.0002303517974916194,0.0066437374269267485,-0.00016331596966075656,-1.8483762574712956e-05,0.00024033983936533332,0.006993666756898165,TRACKING,True,5
97197587340871,0.0020744479988934472,0.006324253506786634,-0.00010343215678586245,5.5244716352873696e-05,0.006685209666897295,-0.00012006448460896051,-1.3588648799613555e-05,0.00011726120283128694,0.006324253510683775,TRACKING,True,5
97197589427742,0.0020869750005658716,0.006855052691551242,0.00010923761930366999,-6.746921096975584e-05,0.0067269470868676524,-7.653644278554953e-05,-8.66223490012056e-06,0.00012839374539908022,0.006855052895843983,TRACKING,True,5
97197591509279,0.0020813170121982694,0.005806249679071985,-0.0005907391733072612,-0.00041655558140090917,0.006768577826838086,-3.311965775524477e-05,-3.7484128147549872e-06,0.000722835655324161,0.005806249566376209,TRACKING,True,5
97197593593723,0.0020845039980486035,0.007658633059457655,-0.00021363622308336985,0.0003375170679777613,0.006810266706808478,1.2803099834653164e-11,3.1155362713525606e-12,0.0003994473663624376,0.007658632937818766,TRACKING,True,5
97197595676397,0.0020825219980906695,0.0075840394250663405,0.00016668183830418379,-0.00019639577920674457,0.006851920186778895,1.2803099834653164e-11,3.1155362713525606e-12,0.000257592968409881,0.0075840395875275135,TRACKING,True,5
97197597743179,0.0020661049929913133,0.006746645322556421,-0.0005111963301405325,0.000153269450203516,0.006893255826749539,1.2803099834653164e-11,3.1155362713525606e-12,0.000533678918145597,0.006746645551174879,TRACKING,True,5
97197599825680,0.0020829340064665303,0.0074989407459935455,0.00028490571852109094,0.00038565858684672506,0.006934905846719958,1.2803099834653164e-11,3.1155362713525606e-12,0.00047948287101462483,0.007498940918594599,TRACKING,True,5
97197601909067,0.0020835489995079115,0.00733541406237541,0.0010020115458660274,-0.0003169065488414655,0.006976573586690365,1.2803099834653164e-11,3.1155362713525606e-12,0.0010509315179660916,0.007335414178669453,TRACKING,True,5
97197603977294,0.002067637993604876,0.007096700052914567,0.00035273803144141133,0.0006236331611496621,0.007017938126660988,1.2803099834653164e-11,3.1155362713525606e-12,0.0007164791459217668,0.00709669990465045,TRACKING,True,5
97197606035971,0.0020591770007740706,0.0058452904501795,-0.0002611707874551664,-0.00010424683260387563,0.007059111666631746,1.2803099834653164e-11,3.1155362713525606e-12,0.00028120737988501787,0.00584529060870409,TRACKING,True,5
97197608124887,0.002089002009597607,0.0065861798288589,0.0004235671772062231,0.00010949476125599995,0.007100889986602075,1.2803099834653164e-11,3.1155362713525606e-12,0.00043749084579758346,0.006586179602891207,TRACKING,True,5
97197610198262,0.002072908988338895,0.006944132670252197,-0.0008170602350267465,-0.0006618861588827902,0.007142357486572624,1.2803099834653164e-11,3.1155362713525606e-12,0.0010515135945752263,0.006944132503122091,TRACKING,True,5
97197612266043,0.0020675780106103048,0.006691045751066917,0.0002274060289891593,-0.0006096304489308051,0.007183713106543253,1.2803099834653164e-11,3.1155362713525606e-12,0.0006506633362732828,0.006691045593470335,TRACKING,True,5
97197614349362,0.002084065999952145,0.006190665555247287,-0.0007262587465221362,-0.0002959811114620179,0.0072253794865136615,1.2803099834653164e-11,3.1155362713525606e-12,0.0007842553895898163,0.006190665531903505,TRACKING,True,5
97197616432135,0.0020827589905820787,0.00810367273981338,0.0012509652472828129,-0.0002406894322463586,0.007267034946484077,1.2803099834653164e-11,3.1155362713525606e-12,0.0012739095836877823,0.008103672415018082,TRACKING,True,5
97197618514292,0.0020821369980694726,0.007780607274905345,0.0007006055052363518,0.0006422709993678566,0.007308678086454501,1.2803099834653164e-11,3.1155362713525606e-12,0.0009504525805823505,0.00778060732409358,TRACKING,True,5
97197620607320,0.0020934600033797324,0.007292145807391751,-0.00065103963758115,-0.00024415217628397107,0.0073505386464247716,1.2803099834653164e-11,3.1155362713525606e-12,0.0006953149568289518,0.007292145863175392,TRACKING,True,5
97197622688629,0.0020810170099139214,0.006461173641383441,0.00011931785630543111,0.0003887469996502434,0.007392164826395209,1.2803099834653164e-11,3.1155362713525606e-12,0.0004066459950990975,0.006461173761636019,TRACKING,True,5
97197624770271,0.0020816159958485514,0.006487302430795294,-2.5909599145013075e-05,0.0001461778458872468,0.00743379766636564,1.2803099834653164e-11,3.1155362713525606e-12,0.00014845629630144686,0.006487302482128143,TRACKING,True,5
97197626851965,0.0020818240009248257,0.008100091990488698,0.0006893115708849342,0.0004006369737441686,0.007475431546336071,1.2803099834653164e-11,3.1155362713525606e-12,0.000797283195424825,0.00810009241104126,TRACKING,True,5
97197628916069,0.0020631859952118248,0.007173346592773774,-0.00018417381793006828,0.0006021463493476319,0.0075167136263067525,1.2803099834653164e-11,3.1155362713525606e-12,0.000629682675935328,0.007173346821218729,TRACKING,True,5
97197630996696,0.0020814949966734275,0.007255372893141019,-2.112394352889207e-05,0.0007804052713057662,0.007558326166277199,1.2803099834653164e-11,3.1155362713525606e-12,0.0007806910434737802,0.007255373056977987,TRACKING,True,5
97197633033069,0.002036304009379819,0.0076629943956588245,-0.0006872576470753394,-0.00014779486566523814,0.007599053626248274,1.2803099834653164e-11,3.1155362713525606e-12,0.0007029696716926992,0.00766299432143569,TRACKING,True,5
97197635097285,0.002063360996544361,0.0079599989286165,-9.51654480890282e-05,0.000580656040660908,0.0076403379462189535,1.2803099834653164e-11,3.1155362713525606e-12,0.0005884028505533934,0.007959999144077301,TRACKING,True,5
97197637162790,0.0020656650012824684,0.00832265282544663,-0.00032540895899840143,-0.00025182934923547926,0.007681648046189615,1.2803099834653164e-11,3.1155362713525606e-12,0.0004114717594347894,0.00832265242934227,TRACKING,True,5
97197639229524,0.0020667310018325225,0.007670829428281247,-0.0006008819693240638,0.00018890915977984557,0.007722982726160258,1.2803099834653164e-11,3.1155362713525606e-12,0.0006298776133917272,0.00767082953825593,TRACKING,True,5
97197641294077,0.0020643809984903783,0.007674160224507699,0.0003926017645581847,-0.00030005170951681354,0.007764273786130933,1.2803099834653164e-11,3.1155362713525606e-12,0.000494132749736309,0.007674160413444042,TRACKING,True,5
97197643370407,0.0020769160037161782,0.007365917046328485,0.0009188917620475917,-0.0004396630619796215,0.007805800386101441,1.2803099834653164e-11,3.1155362713525606e-12,0.001018658746033907,0.007365916855633259,TRACKING,True,5
97197645436833,0.002066017987090163,0.0075543175406354735,-0.00036624378591172495,-0.0001523118671806768,0.007847128906072089,1.2803099834653164e-11,3.1155362713525606e-12,0.0003966527874581516,0.007554317358881235,TRACKING,True,5
97197647515376,0.002079404002870433,0.007430676629192513,-2.2493098024353706e-05,-0.00035243817393022103,0.007888699766042565,1.2803099834653164e-11,3.1155362713525606e-12,0.0003531551919877529,0.007430676836520433,TRACKING,True,5
97197649597570,0.0020819159981328994,0.007721906089430846,0.0001814090075868648,0.0003507904145127641,0.007930343646012989,1.2803099834653164e-11,3.1155362713525606e-12,0.00039492169162258506,0.007721906062215567,TRACKING,True,5
97197651662806,0.002064522006548941,0.008205133238589516,-0.00036803321983853337,0.00019858220399178748,0.007971648365983654,1.2803099834653164e-11,3.1155362713525606e-12,0.00041819055331870914,0.008205133490264416,TRACKING,True,5
97197653726715,0.002063779000309296,0.007952695099646303,-5.316263206010956e-05,-0.0008611846061044223,0.008012926545954337,1.2803099834653164e-11,3.1155362713525606e-12,0.0008628239738754928,0.007952694781124592,TRACKING,True,5
97197655804861,0.002078874997096136,0.008390148072983855,-6.980268215698054e-05,0.000853133726129618,0.00805448946592482,1.2803099834653164e-11,3.1155362713525606e-12,0.0008559845737181604,0.008390148170292377,TRACKING,True,5
97197657884665,0.0020799180056201294,0.008416136505725418,-0.0005582586691977469,-0.000686096781407265,0.008096085545895278,1.2803099834653164e-11,3.1155362713525606e-12,0.0008845233242027462,0.008416136726737022,TRACKING,True,5
97197659979171,0.0020943809940945357,0.008713464890985588,-0.0004374356063450214,0.0003422456068437051,0.008137975665865526,1.2803099834653164e-11,3.1155362713525606e-12,0.0005554115632548928,0.008713465183973312,TRACKING,True,5
97197662030730,0.0020518450037343428,0.008028621403994072,0.0010519173800958345,4.009671902477997e-05,0.008179006845836386,1.2803099834653164e-11,3.1155362713525606e-12,0.0010526812402531505,0.008028621785342693,TRACKING,True,5
97197664098189,0.0020666780037572607,0.00897824262476647,0.0006670735983400211,-0.0002305281157764735,0.00822035602580702,1.2803099834653164e-11,3.1155362713525606e-12,0.0007057834882289171,0.008978242985904217,TRACKING,True,5
97197666164425,0.0020662569877458736,0.00809865493109019,0.0007447560385073556,3.5390918588482718e-06,0.00826168074577767,1.2803099834653164e-11,3.1155362713525606e-12,0.0007447644020430744,0.008098655380308628,TRACKING,True,5
97197668232529,0.0020686280040536076,0.00787270321782289,0.0006068286891290775,0.0012924232558449164,0.008303042825748294,1.2803099834653164e-11,3.1155362713525606e-12,0.0014277950394898653,0.007872703485190868,TRACKING,True,5
97197672021652,0.00378869500127621,0.008367075591901084,0.0007092062400136001,-6.992745871123803e-05,0.008378825285694473,1.2803099834653164e-11,3.1155362713525606e-12,0.0007126452983357012,0.008367075584828854,TRACKING,True,5
97197674093279,0.0020719890017062426,0.006277651431913627,-0.00017285643295306566,0.0010879378135233305,0.005587075660468973,-6.71218513638949e-05,0.00040612300674916404,0.0011015842901542783,0.006277651526033878,TRACKING,True,5
97197676774899,0.0026814470038516447,0.0059296401571959645,-0.000135000837366595,0.0005104853334006913,0.005640708060430883,-6.157305476535726e-05,0.0003725498267630091,0.000528034579474479,0.005929640028625727,TRACKING,True,5
97197678859161,0.0020851430017501116,0.005432035554608902,-0.0005985551317114589,-0.0001588640238961756,0.005682393300401278,-5.72603087774614e-05,0.0003464554124670599,0.0006192786386236548,0.0054320357739925385,TRACKING,True,5
97197680929689,0.0020698139996966347,0.00571949856172098,-0.000556630574333084,0.0005672648707087155,0.005723803860371868,-5.2975981123439965e-05,0.0003205329442536765,0.0007947496487759054,0.005719498731195927,TRACKING,True,5
97197683006036,0.0020766480010934174,0.006058956193263947,0.00021569400661048858,7.606524838468039e-05,0.005765330800342375,-4.8679612819584885e-05,0.00029453762368450084,0.00022871341207064688,0.006058956030756235,TRACKING,True,5
97197685075220,0.002068554997094907,0.00586589031608462,-2.5618874051342867e-05,0.0009623090264913698,0.005806714480312984,-4.439806616459703e-05,0.0002686319819990749,0.0009626499377191067,0.00586589053273201,TRACKING,True,5
97197687143885,0.0020684229966718704,0.005477157259412415,-0.0001994503606079544,0.0001592653400137112,0.0058480877802836,-4.0117593422182415e-05,0.00024273283805770391,0.0002552369551267475,0.005477157421410084,TRACKING,True,5
97197689210365,0.0020668380020651966,0.005851655980569485,-0.0003766770902330035,-6.343037540094832e-05,0.0058894173802542474,-3.584164187239308e-05,0.00021686104974400196,0.0003819804114755243,0.005851656198501587,TRACKING,True,5
97197691276288,0.002065642998786643,0.006473294517590686,-0.000316199576171675,0.0006846112701209098,0.005930735840224903,-3.156684286461394e-05,0.00019099623492440146,0.000754105276428163,0.006473294459283352,TRACKING,True,5
97197693353750,0.0020778509933734313,0.0070252295831283885,0.0006473563273660543,-0.0007039853854781462,0.005972285080195394,-2.726816740754276e-05,0.0001649869548472849,0.0009563815547153354,0.007025229744613171,TRACKING,True,5
97197695431746,0.002078465011436492,0.006436180579333869,0.00025182297110833856,0.00044678366225036573,0.006013845000165878,-2.2968386999962696e-05,0.00013897098923004237,0.0005128649645484984,0.006436180789023638,TRACKING,True,5
97197697510500,0.002078704987070523,0.005277394707772843,0.0003964424766353406,-0.00039661482688455485,0.00605542008013635,-1.866703814203482e-05,0.00011294553365134754,0.0005607762141153216,0.005277394782751799,TRACKING,True,5
97197699588722,0.002078071003779769,0.006779263043895928,0.0005563485638614378,0.001396227212931068,0.0060969845201068315,-1.4366790096224412e-05,8.692673857330259e-05,0.0015029883943498135,0.006779263261705637,TRACKING,True,5
97197701654590,0.002065157998003997,0.005978684236314096,-0.0007394806348776711,0.0006182046669086199,0.006138301880077487,-1.0092104894209296e-05,6.106261233929561e-05,0.0009638509363867342,0.005978683941066265,TRACKING,True,5
97197703734506,0.0020807070104638115,0.006649463700004001,-0.00016509351265745983,0.0007474730753232328,0.006179900200047944,-5.788351630866981e-06,3.502260882497091e-05,0.0007654880173504353,0.006649463903158903,TRACKING,True,5
97197705801083,0.002065769993350841,0.006597588510904885,-0.0006141378424071264,-0.00013530101078530502,0.00622123174001859,-1.5121993690938202e-06,9.149606096676825e-06,0.000628865382168442,0.006597588304430246,TRACKING,True,5
97197707879197,0.0020789099944522604,0.006070944198794283,-2.3731709521845526e-05,0.00012708841665824718,0.0062627940199890715,-1.0664787195718839e-13,-6.276284993025211e-12,0.00012928518117405474,0.0060709440149366856,TRACKING,True,5
97197709962370,0.0020833610033150762,0.005987465224075284,-6.790948927919308e-05,0.000325672148652301,0.006304457479959482,-1.0664787195718839e-13,-6.276284993025211e-12,0.00033267709659412503,0.0059874653816223145,TRACKING,True,5
97197712030653,0.002068225003313273,0.0063396295048778655,-0.00010461661867822408,-0.00012188177980174384,0.0063458231399301035,-1.0664787195718839e-13,-6.276284993025211e-12,0.00016062318172771484,0.0063396296463906765,TRACKING,True,5
97197714110210,0.0020786359964404255,0.006367671376565162,-0.0009275605967361417,0.00011052047564616114,0.0063874142799005655,-1.0664787195718839e-13,-6.276284993025211e-12,0.0009341217810288072,0.006367671303451061,TRACKING,True,5
97197716176244,0.002066120010567829,0.005944637103915281,8.330428162519308e-05,-0.0007059636780816659,0.006428734959871219,-1.0664787195718839e-13,-6.276284993025211e-12,0.0007108616991899908,0.0059446366503834724,TRACKING,True,5
97197718242550,0.0020662219903897494,0.006961424289837314,0.00014870841611242113,-0.0006454695194199019,0.006470061079841868,-1.0664787195718839e-13,-6.276284993025211e-12,0.00066237838473171,0.006961424369364977,TRACKING,True,5
97197720309509,0.0020669910009019077,0.006660261731750661,-0.0003496257300493211,0.0009310660358448695,0.006511400259812509,-1.0664787195718839e-13,-6.276284993025211e-12,0.000994546222500503,0.006660261657088995,TRACKING,True,5
97197722387442,0.0020785230008186772,0.006828912287003664,-0.00036788519478032157,0.0001432445991610371,0.006552958919782994,-1.0664787195718839e-13,-6.276284993025211e-12,0.000394789210986346,0.006828912068158388,TRACKING,True,5
97197724465120,0.002077662997180596,0.006609152810874816,0.0006303134687946177,0.00021008015023809743,0.006594512479753482,-1.0664787195718839e-13,-6.276284993025211e-12,0.000664401042740792,0.006609153002500534,TRACKING,True,5
97197726542309,0.0020771830022567883,0.0069248566344646025,-0.0005270725662036161,0.00042879131445865376,0.006636056259723977,-1.0664787195718839e-13,-6.276284993025211e-12,0.0006794611690565944,0.006924856454133987,TRACKING,True,5
97197728624613,0.0020830279972869903,0.00775763244219801,0.0003516963771046847,1.351857501079784e-05,0.0066777023396944,-1.0664787195718839e-13,-6.276284993025211e-12,0.0003519561141729355,0.007757632527500391,TRACKING,True,5
97197732199289,0.0035733380063902587,0.006864558381390797,-0.00044300769918988674,0.00012667634950219847,0.006749195859643625,-1.0664787195718839e-13,-6.276284993025211e-12,0.00046076319995336235,0.006864558439701796,TRACKING,True,5
97197734277827,0.002079408004647121,0.0057761192154795055,-0.0001133443120030922,0.0009049776814239825,0.006291625211903702,-0.0001692332461533315,0.0010651339069717809,0.0009120479808188975,0.005776119418442249,TRACKING,True,5
97197736952504,0.0026744520000647753,0.005963685947062623,0.00016897137930405292,0.0002671655820731558,0.006345118751865711,-0.00015536319180876245,0.0009778374354893634,0.0003161151544190943,0.0059636859223246574,TRACKING,True,5
97197739028714,0.002076292992569506,0.006400751231209148,-0.0007728453099096933,0.0018597126149456909,0.00638664295183622,-0.00014459660371953233,0.0009100738112997847,0.0020139068365097046,0.006400751415640116,TRACKING,False,6
97197741124180,0.0020951439946657047,0.007450716686162162,0.00032418234841246956,0.0018250518376363154,0.0064285522718064555,-0.00013373015992194603,0.0008416817071648273,0.0018536204006522894,0.007450716570019722,TRACKING,True,7
97197743215734,0.0020916740031680092,0.006801625715046061,0.00018288863394830767,0.0005951563247469002,0.006470383351776746,-0.00012288400255617784,0.0007734172834176098,0.0006226229597814381,0.0068016257137060165,TRACKING,True,7
97197745298212,0.0020823520026169717,0.006098579669776457,-1.3973866383578022e-05,0.0004717900236845603,0.0065120329117471665,-0.00011208491054193854,0.0007054490833920508,0.0004719969292636961,0.006098579615354538,TRACKING,True,7
97197747374014,0.0020758460013894364,0.006368572954608082,0.0002971200455804393,0.0006076632711365442,0.006553548951717681,-0.0001013204382155361,0.0006376987755619295,0.0006764133577235043,0.006368572823703289,TRACKING,True,7
97197749463568,0.0020904499979224056,0.005848530709909529,-0.00016539160686602992,0.00022091602114863144,0.006595340031688001,-9.048465223617797e-05,0.0005694996280865628,0.000275967875495553,0.005848530679941177,TRACKING,True,7
97197751550951,0.002087016007862985,0.006522696873302282,-0.0005957936687297078,0.0011340968592204142,0.006637087691658352,-7.966012439676799e-05,0.00050137133800429,0.0012810721527785063,0.006522696930915117,TRACKING,True,7
97197753636970,0.0020858869975199923,0.007662800718499981,-0.0005922055696618047,0.0007899481805687614,0.006678808071628722,-6.884266984288968e-05,0.00043328756633941945,0.0009872819064185023,0.00766280060634017,TRACKING,True,7
97197755720412,0.0020836109906667843,0.00705174052874192,-0.0005630879077417849,0.0004479386542201217,0.006720476911599128,-5.803857882040074e-05,0.0003652879031508285,0.0007195255602709949,0.0070517403073608875,TRACKING,True,7
97197757787368,0.0020661870075855404,0.00749937764062169,0.000407968272459259,0.0011389937234930615,0.006761816031569769,-4.7319979136090036e-05,0.0002978263122711029,0.0012098533334210515,0.007499377708882093,TRACKING,True,7
97197759868934,0.0020814930030610412,0.006249459185543814,-0.000378979533438332,0.00040599199110177885,0.006803447351540201,-3.652561647405378e-05,0.00022988787822550796,0.0005553872906602919,0.006249458994716406,TRACKING,True,7
97197761936226,0.0020673929975600913,0.00705196809678599,1.592545374411963e-05,-1.99480477981322e-06,0.006844793191510838,-2.580527439682617e-05,0.00016241532093211135,1.604990211490076e-05,0.007051968015730381,TRACKING,True,7
97197764035360,0.0020998219988541678,0.006710100838535255,-0.0002906674539832852,0.00034704807687103566,0.0068867758714810205,-1.4919809476563806e-05,9.390350011457974e-05,0.00045269186375662684,0.006710100919008255,TRACKING,True,7
97197766107380,0.0020713489939225838,0.005575557546818367,0.000822493310430364,-0.000211247713280921,0.00692821627145159,-4.174949441862794e-06,2.6276629714528125e-05,0.0008491883054375648,0.005575557705014944,TRACKING,True,7
97197768177123,0.0020697529980679974,0.006280314655583673,0.0002977068098177165,-0.0006776109078238945,0.0069696111314221905,5.486273734573929e-12,-3.977575083538576e-11,0.0007401256007142365,0.006280314642935991,TRACKING,True,7
97197770251499,0.00207475500064902,0.00722871421518836,-0.00017680550711630212,0.0003189215229591252,0.007011098651392726,5.486273734573929e-12,-3.977575083538576e-11,0.00036465204902924597,0.0072287144139409065,TRACKING,True,7
97197774968673,0.004716827010270208,0.006200427887346088,0.0005576752812679744,0.0006704158851715242,0.005782684815474843,-0.00011222805184263462,0.0008960650992410535,0.0008720430778339505,0.006200427655130625,TRACKING,True,7
97197778078754,0.0031105099915293977,0.005720850367467486,-8.67209991061526e-05,0.00012490801138354782,0.005844886435430666,-0.00010165275174486423,0.0008116284826087089,0.00015206098032649606,0.005720850080251694,TRACKING,True,7
97197780147973,0.0020688649965450168,0.006203084272239666,-1.0262560849830747e-05,0.00010478931757545041,0.005886270815401275,-9.461672538638407e-05,0.0007554505723126863,0.00010529065184528008,0.006203084252774715,TRACKING,True,7
97197782232358,0.0020848250132985413,0.006552539050662942,0.0006145541875665862,5.922304740740424e-05,0.005927958515371668,-8.752912963106736e-05,0.0006988609152718538,0.0006174012087285519,0.006552538834512234,TRACKING,True,7
97197784325359,0.0020930999889969826,0.006274583577084828,0.0005634219717109929,0.0010802832028152345,0.005969818535341938,-8.041223663698345e-05,0.0006420373396003153,0.0012183826183900237,0.006274583749473095,TRACKING,True,7
97197786423532,0.0020988030009903014,0.005539285932014241,-0.000754223807562684,0.0005447382190985821,0.0060117819953121356,-7.327775713884844e-05,0.0005850733475919604,0.0009303726255893707,0.005539285950362682,TRACKING,True,7
97197788525229,0.0021011310018366203,0.005822867915823827,-5.327826567782682e-05,0.000493124445498095,0.006053815935282283,-6.61312948796392e-05,0.0005280136813432842,0.0004959942307323217,0.005822868086397648,TRACKING,True,7
97197790623133,0.0020972509955754504,0.006375777014075634,-0.00032328189881568873,0.0004058872244258841,0.006095774015252483,-5.8997730070133306e-05,0.00047105699250480623,0.0005188984796404839,0.006375777069479227,TRACKING,True,7
97197792692275,0.00206909301050473,0.00763668863747292,-0.00010167767705679138,0.0007980179181065231,0.006137156855223093,-5.196196553702281e-05,0.00041488117270722447,0.0008044693386182189,0.007636688649654388,TRACKING,True,7
97197794778983,0.0020872289896942675,0.006337671123677603,7.837757167397652e-05,-8.383905487651115e-05,0.006178891015193453,-4.486647081633282e-05,0.0003582284477718782,0.00011476946383481845,0.00633767107501626,TRACKING,True,7
97197796883645,0.002104369006701745,0.00649812818018055,-5.015598828773196e-05,0.0007229243175297234,0.006220984255163558,-3.770992658022654e-05,0.0003010882837585731,0.0007246620953083038,0.006498128175735474,TRACKING,True,7
97197801181183,0.00429727700247895,0.007240891161237023,0.0006609297389785913,0.0010615499729375577,0.006202434247344663,0.0005559969352516549,0.0006683982417643969,0.0012504864716902375,0.007240890990942717,TRACKING,True,7
97197804099840,0.002918837999459356,0.0057613200439419416,0.0005777096991563886,0.0013973881222202186,0.006260807387303205,0.0005071670507946958,0.0006096968217429033,0.001512098591774702,0.005761319771409035,TRACKING,True,7
97197806169980,0.0020698769949376583,0.006284071045694592,0.00016572515387738314,0.0006828633406655682,0.006302210187273801,0.000472533074616704,0.0005680611798557975,0.0007026856765151024,0.006284071132540703,TRACKING,True,7
97197808245911,0.0020762610074598342,0.006262886503337268,0.0003289197802399344,0.0003513157713483935,0.006343728807244314,0.00043780221351496465,0.0005263090666178806,0.0004812598053831607,0.0062628863379359245,TRACKING,True,7
97197810312170,0.002065805994789116,0.007389636921780525,-2.1075927463784006e-05,0.00028943085957516964,0.006385053987214964,0.0004032331674680494,0.0004847514812516689,0.00029019720386713743,0.0073896367102861404,TRACKING,True,7
97197812394480,0.002083034996758215,0.006152580004987581,0.0009994513340933217,0.00031438400318346046,0.0064267001871853875,0.000368395584050892,0.0004428710705268197,0.0010477310279384255,0.00615258002653718,TRACKING,True,7
97197814461343,0.0020660419977502897,0.007131100422028062,0.00042792643644463816,0.00040042859306001926,0.006468037447156029,0.0003338164329281792,0.00040130133722486464,0.0005860581295564771,0.007131100632250309,TRACKING,True,7
97197816542301,0.002081758007989265,0.005790050303331604,0.0009154171647014481,0.0006406152019333617,0.006509656607126471,0.0002990014688197607,0.0003594481185681033,0.0011173076927661896,0.005790050141513348,TRACKING,True,7
97197818689175,0.0021466360049089417,0.00676576314894007,0.00021499553210096615,0.00011853481888479442,0.006552594087095976,0.0002630837130287755,0.00031626916591720125,0.00024550678790546954,0.006765763275325298,TRACKING,True,7
97197820782630,0.002094112991471775,0.005971019328539857,0.0007115247606137465,0.00041922446963532677,0.00659446318706624,0.00022805967088684415,0.00027416460164291493,0.0008258429588750005,0.00597101915627718,TRACKING,True,7
97197822868418,0.0020856610062764958,0.006467207855027806,-0.00011142521105872677,0.0003008310618396595,0.006636178947036614,0.0001931638996325612,0.00023221423972515928,0.00032080354867503047,0.0064672078005969524,TRACKING,True,7
97197824950804,0.0020819380006287247,0.006642995871860829,0.000990379998303409,0.0005879237423689146,0.006677826667007034,0.0001583250447158002,0.00019033230045210393,0.0011517407838255167,0.006642995867878199,TRACKING,True,7
97197827029744,0.002079047990264371,0.006432041732835654,-0.0004185535079944539,4.129105635563475e-05,0.006719405466977505,0.00012354384226791052,0.00014851966877271045,0.00042058530380018055,0.006432041525840759,TRACKING,True,7
97197829098358,0.002068154004518874,0.006315754935571432,0.0001378064304968433,0.0003199430323363061,0.006760777746948122,8.893539646353963e-05,0.00010691471852458537,0.0003483592299744487,0.006315754726529121,TRACKING,True,7
97197831166189,0.002067769004497677,0.007131452144439842,0.00027388686946701606,-1.8109338578576443e-05,0.00680213436691875,5.4340050451138e-05,6.532551634547872e-05,0.0002744849189184606,0.007131452206522226,TRACKING,True,7
97197833232085,0.0020656359993154183,0.007155799363208895,-0.00041234704226443086,-2.6367573931218692e-06,0.006843452286889405,1.9777077487855986e-05,2.3775231808198906e-05,0.0004123554681427777,0.0071557993069291115,TRACKING,True,7
97197835298609,0.0020666229975176975,0.007304090990612583,0.00015735261720389363,-0.0006219625303925627,0.006884782766860053,2.2080156821847885e-11,1.199789996086248e-11,0.0006415584357455373,0.00730409100651741,TRACKING,True,7
97197837380053,0.0020821539947064593,0.006362752940165381,-0.000793330359750389,0.0009165296075197188,0.006926411646830487,2.2080156821847885e-11,1.199789996086248e-11,0.0012121879262849689,0.006362752988934517,TRACKING,True,7
97197839655308,0.002274864003993571,0.006211811988026599,-5.4015994250669165e-05,0.0009336229186502671,0.006971916746798169,2.2080156821847885e-11,1.199789996086248e-11,0.0009351842454634607,0.006211812142282724,TRACKING,True,7
97197844717322,0.005061720992671326,0.007627313944711376,0.0006744065415307249,-0.00023347614727033467,0.007073157026726267,2.2080156821847885e-11,1.199789996086248e-11,0.000713677320163697,0.007627313956618309,TRACKING,True,7
97197847732279,0.0030156880093272775,0.007675642719659932,0.002151419294259528,0.0009817738186921586,0.007289915101202206,0.0006123276706402792,0.0009834879274626218,0.0023648436181247234,0.007675642613321543,TRACKING,False,8
97197849803748,0.002070921997074038,0.007554747787042985,0.00043045679469248734,0.0009279150662493718,0.007331344481172782,0.0005712548079129278,0.0009175188897729054,0.0010228975443169475,0.0075547476299107075,TRACKING,True,9
97197851870189,0.002066298999125138,0.0075766860324853694,0.0012409694615506549,0.000418972607223079,0.00737267330114343,0.0005302816398244021,0.0008517099762856288,0.0013097875053063035,0.00757668586447835,TRACKING,True,9
97197853953560,0.0020844090031459928,0.0067176465994661805,0.0005195210303725411,0.0009058767809347258,0.007414340721113837,0.0004889727855315574,0.0007853619015518712,0.001044277218170464,0.00671764649450779,TRACKING,True,9
97197856025812,0.002089476998662576,0.008179397679905963,0.0008247679262287371,0.000425314405752274,0.0074557857610844025,0.00044788439756510503,0.0007193679280525862,0.0009279733058065176,0.008179397322237492,TRACKING,True,9
97197858110526,0.0020664740004576743,0.007799058965375816,0.0009828700843341081,0.0008143580371538519,0.0074974800410547915,0.0004065489144138789,0.000652977083469211,0.0012764062266796827,0.007799059152603149,TRACKING,True,9
97197860174288,0.0020636660046875477,0.00738712650065734,0.0007222286456328657,0.0004280096449019638,0.007538755281025477,0.00036562886524687524,0.0005872534867556688,0.0008395275217480958,0.007387126330286264,TRACKING,True,9
97197862238576,0.002064309999695979,0.006664526348918793,0.0010080881028595742,-0.00010566412184407031,0.007580041040996155,0.00032469838660890456,0.0005215131387830805,0.0010136106284335256,0.006664526183158159,TRACKING,True,9
97197864303186,0.002064456988591701,0.0074713759365620455,0.00014284548205059492,0.00030492206047101297,0.007621333240966829,0.0002837615233898476,0.0004557625362374641,0.0003367228782735765,0.007471376098692417,TRACKING,True,9
97197866382382,0.0020798690093215555,0.007537015408363558,-0.0004614499375840002,0.0006682361134039739,0.0076629171609372965,0.00024253545054431734,0.0003895474206415718,0.0008120810380205512,0.007537015248090029,TRACKING,True,9
97197868454721,0.0020720680040540174,0.007733526300802855,0.00023621680730717513,0.0008743048404513032,0.00770436394090786,0.00020144533755129819,0.0003235506764967792,0.0009056529961526394,0.007733526173979044,TRACKING,True,9
97197870545884,0.002091882997774519,0.008310531973728384,0.0008437442302440851,0.0011963717355080632,0.007746187200878157,0.00015998198432732235,0.0002569544538343398,0.0014639705186709762,0.008310532197356224,TRACKING,True,9
97197872630323,0.0020838189957430586,0.008028512942171995,-0.000636456181988728,0.00031093714597316927,0.00778787598084855,0.00011865195384627855,0.00019057236703848865,0.0007083490490913391,0.008028512820601463,TRACKING,True,9
97197874709220,0.0020793790026800707,0.007849860498472154,0.00012586462154987906,-0.00016187625765116465,0.00782945392081902,7.743180954032831e-05,0.00012436677354612233,0.00020505079010035843,0.007849860936403275,TRACKING,True,9
97197876809992,0.0021004129957873374,0.007440982260396281,0.0004479410921710964,0.0005563912844373061,0.00787146936078918,3.577793010623429e-05,5.7464537864342384e-05,0.0007142985705286264,0.007440982386469841,TRACKING,True,9
97197878942477,0.0021322340035112575,0.007369175285527015,0.00028375154585193185,-7.054529848564586e-05,0.00791411906075889,2.6511695725046913e-11,-1.936301227863091e-11,0.0002923894498962909,0.007369175087660551,TRACKING,True,9
97197881106633,0.002164150995668024,0.007777448705412363,0.0003560479246255515,-1.1805106659197309e-05,0.00795740218072815,2.6511695725046913e-11,-1.936301227863091e-11,0.0003562436031643301,0.007777448743581772,TRACKING,True,9
97197883200135,0.0020936060027452186,0.007735824460634752,4.1330513167839107e-05,-0.0009851753870099209,0.007999272220698413,2.6511695725046913e-11,-1.936301227863091e-11,0.0009860419668257236,0.007735824678093195,TRACKING,True,9
97197885454438,0.0022544340026797727,0.0077609683287999465,-0.00020751338884723272,-0.0006871870162342637,0.008044358280666393,2.6511695725046913e-11,-1.936301227863091e-11,0.0007178355008363724,0.007760968524962664,TRACKING,True,9
97197887567609,0.0021140489989193156,0.008186448615253486,0.00014514032239856033,-0.00029118367232692393,0.008086621700636377,2.6511695725046913e-11,-1.936301227863091e-11,0.0003253515751566738,0.008186448365449905,TRACKING,True,9
97197889744800,0.002176109002903104,0.00805429452560326,0.00034524593380079016,0.0005380883956567836,0.008130165520605451,2.6511695725046913e-11,-1.936301227863091e-11,0.0006393229705281556,0.008054294623434544,TRACKING,True,9
97197891921462,0.00217665899253916,0.0078013967297801984,0.00017678819685995324,0.0005253830244506712,0.008173698760574534,2.6511695725046913e-11,-1.936301227863091e-11,0.0005543296574614942,0.007801396772265434,TRACKING,True,9
97197894086120,0.002164610006730072,0.008208190109044467,-0.0003800487659009766,-0.00037815330437830847,0.008216991920543787,2.6511695725046913e-11,-1.936301227863091e-11,0.0005361314979381859,0.008208190090954304,TRACKING,True,9
97197898072619,0.003986283001722768,0.008140283867881671,-0.0005123357724185897,0.0010100335155400133,0.008296721900487162,2.6511695725046913e-11,-1.936301227863091e-11,0.0011325438972562551,0.00814028363674879,TRACKING,True,9
97197900146456,0.0020743379864143208,0.007368688316293023,0.0008428256787492952,-0.00013137689184462817,0.007650485444694919,0.0006509660248550742,-0.00022536115820294574,0.0008530035265721381,0.0073686884716153145,TRACKING,True,9
97197902616832,0.0024709270073799416,0.008020391706556211,0.0004099260644718155,-0.0008562981525085676,0.00769989296465983,0.0006009848930136937,-0.0002080579415511623,0.0009493607794865966,0.008020391687750816,TRACKING,True,9
97197904696240,0.0020784399966942146,0.008561339944876331,0.000520154251303596,-0.00013499410411874955,0.007741481124630294,0.0005589139024438285,-0.00019349317605333861,0.0005373861058615148,0.008561340160667896,TRACKING,True,9
97197906834018,0.002137852003215812,0.007884416799877442,0.0011465016876745942,0.00020601436638316892,0.007784236684599928,0.0005156619585836216,-0.00017851957046155164,0.0011648639338091016,0.007884416729211807,TRACKING,True,9
97197908968343,0.0021344209962990135,0.00841395534135875,0.0008838963007065406,-8.664680041690135e-05,0.007826923184569613,0.00047247987649678367,-0.0001635701506645986,0.0008881330722942948,0.008413955569267273,TRACKING,True,9
97197911055972,0.002087558008497581,0.007996310161509791,5.9359985064838495e-05,-0.0011175261275177088,0.00786867576453996,0.0004302425570422192,-0.00014894780294281615,0.0011191015364602208,0.007996310479938984,TRACKING,True,9
97197913135229,0.002079207988572307,0.007791376838201958,-0.000147491292233959,0.0011599356711787321,0.007910260904510424,0.0003881746215339754,-0.00013438409509197187,0.0011692752595990896,0.007791376672685146,TRACKING,True,9
97197915205232,0.0020701830071629956,0.008731871807152451,0.0009323867501415987,-0.0003944759867980495,0.007951660964481022,0.00034629391476907284,-0.00011988520489111108,0.0010124013060703874,0.008731871843338013,TRACKING,True,9
97197917276322,0.002071063994662836,0.00902324139848192,-0.0005469253936573667,-0.0007088235727847271,0.007993082764451603,0.00030439121560693535,-0.00010537870103285543,0.0008952978532761335,0.009023241698741913,TRACKING,True,9
97197919344498,0.0020682199974544346,0.007644784783122939,-0.00021567900915545643,-2.3856667812330917e-05,0.008034446284422226,0.00026254747306443216,-9.089260766001711e-05,0.0002169944200431928,0.007644784636795521,TRACKING,True,9
97197921427864,0.0020840650104219094,0.00817381717072777,0.0011761696353815888,0.00042316950912279014,0.008076113604392634,0.00022039640346213293,-7.63001192036204e-05,0.001249979017302394,0.008173816837370396,TRACKING,True,9
97197923511121,0.0020834019960602745,0.00872900154803042,0.00038826167999401584,-0.00013453781306610688,0.008117778744363043,0.00017824753916921609,-6.170839421424857e-05,0.0004109106375835836,0.008729001507163048,TRACKING,True,9
97197925577064,0.002064907006570138,0.007816686507945933,-0.0006173291004933883,-0.0004813088389502905,0.008159097604333698,0.00013644897512075666,-4.7237941408993236e-05,0.0007827856461517513,0.007816686294972897,TRACKING,True,9
97197927646870,0.002070737988105975,0.008010855062032786,0.00047677343442384,-0.0008751734663566043,0.008200493724304299,9.45722540984992e-05,-3.274043105220493e-05,0.0009966150391846895,0.008010854944586754,TRACKING,True,9
97197929741875,0.0020948190067429096,0.007560037364837073,0.00016271808388826866,-0.0005417585850707861,0.00824239382427454,5.218570196499758e-05,-1.8066419726977688e-05,0.0005656673456542194,0.007560037542134523,TRACKING,True,9
97197931823803,0.0020819899946218356,0.008452508491577967,-0.00019502358251203886,-0.00037862669847110926,0.008284032384244968,1.0063726260788422e-05,-3.4840034318816464e-06,0.0004259018169250339,0.008452508598566055,TRACKING,True,9
97197933906201,0.002082309001707472,0.007659895510867018,-4.6238896865969356e-05,-0.00036362053364580424,0.008325680344215389,9.33253420289798e-12,4.791150088430049e-12,0.00036654865834861994,0.007659895345568657,TRACKING,True,9
97197936058206,0.0021513840038096532,0.008062953060410173,-0.00031795172221203585,9.383935397813479e-05,0.00836872044418482,9.33253420289798e-12,4.791150088430049e-12,0.0003315103822387755,0.008062953129410744,TRACKING,True,9
97197938475530,0.0024170319957192987,0.008491681747347976,-0.0008564605904866167,-8.024490858193492e-05,0.008417066924150484,9.33253420289798e-12,4.791150088430049e-12,0.0008602116140536964,0.008491681888699532,TRACKING,True,9
97197940553201,0.002077930999803357,0.007583619338569997,0.0013428792006709787,0.0002633288295344541,0.007384252916281969,0.0008231483115853541,-0.0001283096487470207,0.0013684540754184127,0.007583619561046362,TRACKING,True,9
97197942718174,0.002164803008781746,0.007532324278779725,0.0001971826961116431,-0.000504746717013557,0.007427552376251217,0.000768407465535961,-0.00011977682620001461,0.0005418951041065156,0.007532324176281691,TRACKING,True,9
97197944822436,0.002104339000652544,0.007926912043579341,0.00036411858808330213,0.00040164902279118226,0.007469637616221328,0.0007152016832053787,-0.00011148328432286042,0.0005421293899416924,0.007926912046968937,TRACKING,True,9
97197947025446,0.0022030629916116595,0.008150681567545424,0.00012841108633981078,0.00011750678414056433,0.007513697816190035,0.0006594990803298355,-0.00010280054629366566,0.00017406106053385884,0.008150681853294373,TRACKING,True,9
97197949142098,0.002116812000167556,0.007499994281886704,0.0016198318429599384,0.0003245648077939985,0.00755603085615997,0.0006059800196892918,-9.445817162674578e-05,0.001652028295211494,0.007499994244426489,TRACKING,True,9
97197951238425,0.002096384996548295,0.00734272769778065,0.0007566291045231438,-0.0005450377728378388,0.0075979573961301936,0.0005529748720148469,-8.619590401809772e-05,0.0009324986604042351,0.007342727854847908,TRACKING,True,9
97197953311183,0.002072617004159838,0.0075636712943737226,0.0006030603699127811,-3.3408688219898892e-06,0.007639412556100752,0.0005005656611029104,-7.802652906659152e-05,0.0006030696094967425,0.007563671097159386,TRACKING,True,9
97197955390977,0.002079648998915218,0.007834892700723572,-5.491617988657418e-06,-0.0009964693047273296,0.00768100843607121,0.0004479785465437674,-6.982942308128455e-05,0.0009964844211935997,0.007834892719984055,TRACKING,True,9
97197957472223,0.002081924001686275,0.007541175962890736,-5.082387075611448e-05,-0.0004117186616896386,0.007722633356041648,0.0003953547184974523,-6.162659431867817e-05,0.0004148437292315066,0.007541175931692123,TRACKING,True,9
97197959554007,0.002081818995065987,0.008832937046036384,0.0009241612802097155,-0.00014064722431866362,0.007764269036012078,0.0003427172872444576,-5.3421645133077916e-05,0.0009348025196231902,0.008832937106490135,TRACKING,True,9
97197961616054,0.002061060004052706,0.007088792241297005,-0.00035851899139855803,0.00013530355213601652,0.007805509975982788,0.0002905789015123433,-4.5294485517421626e-05,0.00038320088060572743,0.00708879204466939,TRACKING,True,9
97197963688947,0.00207296600274276,0.008381642244054669,9.390881150841943e-05,3.0425255725969027e-05,0.007846967835953345,0.00023816627715635152,-3.712457848951362e-05,9.87145394901745e-05,0.008381642401218414,TRACKING,True,9
97197965786041,0.0020975609950255603,0.008016312582009511,0.0007182383317211169,-0.0009690949628104779,0.007888909715923556,0.00018514173606271858,-2.8859287898641968e-05,0.0012062385212630033,0.008016312494874,TRACKING,True,9
97197967863578,0.002077580997138284,0.008008436597983094,0.0003353771590658837,0.0004543749712694129,0.007930460455894047,0.0001326116892312255,-2.0671077442511855e-05,0.0005647428333759308,0.008008436299860477,TRACKING,True,9
97197969961871,0.002097999007673934,0.008170495312383329,-0.0004707916146800611,-0.00030267784859262353,0.007972426315864242,7.955683169742767e-05,-1.2401061224930838e-05,0.0005596951232291758,0.008170495741069317,TRACKING,True,9
97197972053366,0.0020922370022162795,0.007252164919134791,0.00012327509820443084,9.202217917516575e-05,0.008014256215834535,2.667386003539062e-05,-4.157838010160716e-06,0.00015383376739919186,0.007252165116369724,TRACKING,True,9
97197974115996,0.0020614989916794,0.008311424625586476,-0.0004849359989310952,-0.000570115345042398,0.008055508815805237,-5.481479419672253e-12,-3.823732752953821e-12,0.0007484613452106714,0.008311424404382706,TRACKING,True,9
97197976177764,0.0020618249982362613,0.008859543454198574,9.109104485380613e-05,0.0008730017069116998,0.00809674417577595,-5.481479419672253e-12,-3.823732752953821e-12,0.0008777411421760917,0.00885954312980175,TRACKING,True,9
97197978240284,0.002062579005723819,0.008357716650013254,-0.0007308535829258036,0.0004027083874835604,0.008137994575746654,-5.481479419672253e-12,-3.823732752953821e-12,0.0008344585075974464,0.008357716724276543,TRACKING,True,9
97197980303423,0.0020631460065487772,0.008796822520781306,-0.00022536172344399664,-0.0009623293285957218,0.008179257355717348,-5.481479419672253e-12,-3.823732752953821e-12,0.000988365150988102,0.008796822279691696,TRACKING,True,9
97197982383611,0.00208082799508702,0.008553481803269801,-7.017629142729213e-05,0.00013879649868465586,0.0082208611156878,-5.481479419672253e-12,-3.823732752953821e-12,0.00015552871627733111,0.00855348166078329,TRACKING,True,9
97197984463341,0.0020796890021301806,0.006919199750889011,0.00022856252586747464,-0.0013752579072229222,0.00826245571565826,-5.481479419672253e-12,-3.823732752953821e-12,0.001394121558405459,0.006919199600815773,TRACKING,True,9
97197986531057,0.0020685689960373566,0.007870106868126253,0.0004429507014835245,-0.000912238580286913,0.00830381003562889,-5.481479419672253e-12,-3.823732752953821e-12,0.0010140929371118546,0.00787010695785284,TRACKING,True,9
97197988622175,0.002090299007249996,0.007413731042031024,-0.0002248895021576677,0.0008233300355104925,0.008345632395599187,-5.481479419672253e-12,-3.823732752953821e-12,0.0008534914231859148,0.0074137309566140175,TRACKING,True,9
97197990704856,0.0021088099892949685,0.009195112152112798,-0.00030414126784790354,0.0004997613600386782,0.008387286015569605,-5.481479419672253e-12,-3.823732752953821e-12,0.0005850328016094863,0.009195111691951752,TRACKING,True,9
97197992813763,0.002083094004774466,0.008718922221411955,0.00013049082081041438,0.00017719411788864696,0.00842946415553965,-5.481479419672253e-12,-3.823732752953821e-12,0.0002200581948272884,0.008718921802937984,TRACKING,True,9
97197994879026,0.0020644460018957034,0.008107715001346218,0.00040002202408492864,0.000529984067353291,0.008470769415510315,-5.481479419672253e-12,-3.823732752953821e-12,0.0006640036008320749,0.008107715286314487,TRACKING,True,9
97197996974313,0.002096274998621084,0.009862630671549499,0.00045759805056381315,-0.0012273598708851749,0.008512675155480553,-5.481479419672253e-12,-3.823732752953821e-12,0.001309888670220971,0.009862630628049374,TRACKING,True,9
97197999034569,0.0020599489944288507,0.007950329376797353,0.00016505232967027017,3.253455662244565e-05,0.008553880275451288,-5.481479419672253e-12,-3.823732752953821e-12,0.00016822833276819438,0.007950329221785069,TRACKING,True,9
97198001104123,0.0020690560049843043,0.007663066611228329,-7.198332619718987e-05,-0.00018135798002893397,0.008595271355421891,-5.481479419672253e-12,-3.823732752953821e-12,0.00019512127619236708,0.007663066498935223,TRACKING,True,9
97198003170770,0.002066403001663275,0.008609464940943785,-6.363277685092167e-05,0.00045785729260671847,0.008636604295392538,-5.481479419672253e-12,-3.823732752953821e-12,0.0004622579726856202,0.008609465323388577,TRACKING,True,9
97198005237866,0.0020673270046245307,0.0094076981522955,0.0003393188443732472,-0.0005576483894588042,0.008677946215363176,-5.481479419672253e-12,-3.823732752953821e-12,0.0006527702207677066,0.009407698176801205,TRACKING,True,9
97198007305319,0.002067484994768165,0.008285206794107516,-0.0003334724824938429,-3.0472519687345443e-05,0.00871929527533381,-5.481479419672253e-12,-3.823732752953821e-12,0.0003348618629388511,0.008285206742584705,TRACKING,True,9
97198009372377,0.0020669530058512464,0.008545028994188407,-0.00017720252847239806,-0.0004634309382798344,0.008760636435304447,-5.481479419672253e-12,-3.823732752953821e-12,0.000496154185384512,0.00854502897709608,TRACKING,True,9
97198011456384,0.0020845209946855903,0.009274777213776432,0.00042359083391638094,0.00047520078136891527,0.008802316575274846,-5.481479419672253e-12,-3.823732752953821e-12,0.0006365885492414236,0.00927477702498436,TRACKING,True,9
97198013525108,0.0020683769980678335,0.008801510164277139,0.00022543921526219703,-0.0004575022762024946,0.008843691055245462,-5.481479419672253e-12,-3.823732752953821e-12,0.0005100305425003171,0.00880151055753231,TRACKING,True,9
97198015602108,0.0020775729935849085,0.008377394640751115,-0.00027379497726050283,0.0002905921703077473,0.00888523105521596,-5.481479419672253e-12,-3.823732752953821e-12,0.0003992586862295866,0.008377394638955593,TRACKING,True,9
97198017702369,0.0021001940040150657,0.008851031761338595,-0.0005727293686576763,4.4987802227831265e-05,0.008927236275186127,-5.481479419672253e-12,-3.823732752953821e-12,0.0005744935479015112,0.00885103177279234,TRACKING,True,9
97198019786168,0.00208379200194031,0.00917883860004189,8.016428264177904e-05,-0.0003345200425538173,0.008968912255156529,-5.481479419672253e-12,-3.823732752953821e-12,0.0003439912397880107,0.009178838692605495,TRACKING,True,9
97198021868627,0.0020821280049858615,0.00904160300327188,-0.0002119474569391354,-0.00016389531315116863,0.009010561435126949,-5.481479419672253e-12,-3.823732752953821e-12,0.0002679242461454123,0.009041602723300457,TRACKING,True,9
97198023949155,0.0020807709952350706,0.009006325503096104,0.0003756857936986464,0.0009116444194269072,0.009052171995097396,-5.481479419672253e-12,-3.823732752953821e-12,0.0009860199643298984,0.009006325155496597,TRACKING,True,9
97198026032747,0.002083875995595008,0.0098722159132418,0.000313371614071042,-0.00020079207086725256,0.0090938438350678,-5.481479419672253e-12,-3.823732752953821e-12,0.00037218170473352075,0.009872215799987316,TRACKING,True,9
97198028098717,0.0020650160004151985,0.008980149782492527,-0.0001335089648866567,0.0005755204038725426,0.009135163235038456,-5.481479419672253e-12,-3.823732752953821e-12,0.000590803159866482,0.008980149403214455,TRACKING,True,9
97198030164684,0.00206597700889688,0.007793822892948458,0.00012890087328750632,-0.0009962447187417797,0.00917648257500911,-5.481479419672253e-12,-3.823732752953821e-12,0.0010045490926131606,0.007793822791427374,TRACKING,True,9
97198032232163,0.00206749199423939,0.009215897065058659,0.0006622724812442819,-0.00045547050880885445,0.009217832154979743,-5.481479419672253e-12,-3.823732752953821e-12,0.0008037774823606014,0.00921589694917202,TRACKING,True,9
97198034311275,0.0020797670003958046,0.008117980514884262,0.0006485603384746077,0.0007529111951821228,0.009259414394950212,-5.481479419672253e-12,-3.823732752953821e-12,0.0009937332943081856,0.0081179803237319,TRACKING,True,9
97198036392674,0.002081379003357142,0.009550330903705185,0.0006276341412316619,-0.0004012448939370244,0.009301042374920647,-5.481479419672253e-12,-3.823732752953821e-12,0.0007449308759532869,0.00955033116042614,TRACKING,True,9
97198038473723,0.0020812080038012937,0.009928970850788987,0.0008503120944113697,0.00032008946160516313,0.009342663354891086,-5.481479419672253e-12,-3.823732752953821e-12,0.0009085636702366173,0.009928970597684383,TRACKING,True,9
97198040544515,0.002069997994112782,0.009524611287335403,0.0006416441639444028,0.0005659737700564784,0.009384079194861674,-5.481479419672253e-12,-3.823732752953821e-12,0.0008555895765312016,0.009524610824882984,TRACKING,True,9
97198042626970,0.0020831809961237013,0.00905131460037544,0.0006800133188376498,0.0003723098377838945,0.009425728294832094,-5.481479419672253e-12,-3.823732752953821e-12,0.0007752630044706166,0.009051314555108547,TRACKING,True,9
97198044710414,0.002083416999084875,0.009546744570583748,0.0006518594407781932,0.0004627262442889338,0.0094673971748025,-5.481479419672253e-12,-3.823732752953821e-12,0.0007993974722921848,0.009546744637191296,TRACKING,True,9
97198046777624,0.002066619010292925,0.009881708632366733,-0.00025392410435693107,0.0004167373061597249,0.009508741374773137,-5.481479419672253e-12,-3.823732752953821e-12,0.0004880035121459514,0.009881708770990372,TRACKING,True,9
97198048859083,0.0020821340003749356,0.008996113348592572,-6.322456686722382e-05,-0.0008466306423165563,0.009550370554743571,-5.481479419672253e-12,-3.823732752953821e-12,0.0008489881292916834,0.008996113203465939,TRACKING,True,9
97198050941616,0.002082584993331693,0.008739825264911214,0.00022152804618047147,-4.1003353603257996e-05,0.00959202121471399,-5.481479419672253e-12,-3.823732752953821e-12,0.000225290801608935,0.008739825338125229,TRACKING,True,9
97198053036668,0.0020941779948771,0.009676299455307012,0.00029597498289291176,0.00017499184007499724,0.009633922254684232,-5.481479419672253e-12,-3.823732752953821e-12,0.0003438362036831677,0.009676299057900906,TRACKING,True,9
97198055102595,0.0020660050067817792,0.009232048618903817,3.671588589884341e-05,-3.353510778660764e-05,0.009675240794654887,-5.481479419672253e-12,-3.823732752953821e-12,4.9725844291970134e-05,0.009232048876583576,TRACKING,True,9
97198057170626,0.002068036003038287,0.009456616210225047,-6.227422536176592e-05,-0.00018270801587187636,0.009716601414625513,-5.481479419672253e-12,-3.823732752953821e-12,0.0001930292637553066,0.009456615895032883,TRACKING,True,9
97198059235210,0.002064364991383627,0.009433338675775083,-0.00016713028972998822,0.00011749113247438715,0.009757893094596187,-5.481479419672253e-12,-3.823732752953821e-12,0.00020429561845958233,0.009433338418602943,TRACKING,True,9
97198061301699,0.002066629007458687,0.010830835542494541,-0.00040849122948078624,0.00026095867589069513,0.009799222874566834,-5.481479419672253e-12,-3.823732752953821e-12,0.0004847313975915313,0.010830835439264774,TRACKING,True,9
97198063382334,0.0020811549911741167,0.00911017119769951,0.0007950124057696269,-0.00016668766799211943,0.00984083557453728,-5.481479419672253e-12,-3.823732752953821e-12,0.0008122989092953503,0.009110171347856522,TRACKING,True,9
97198065462923,0.0020806579996133223,0.009951885183742116,0.0006387095857450474,0.0004938385676463396,0.009882447354507728,-5.481479419672253e-12,-3.823732752953821e-12,0.000807357719168067,0.009951884858310223,TRACKING,True,9
97198067545409,0.0020826520049013197,0.009178167384183361,0.0002775964294569693,-0.00011369614236133692,0.009924097074478147,-5.481479419672253e-12,-3.823732752953821e-12,0.0002999776625074446,0.009178167209029198,TRACKING,True,9
97198069613293,0.0020670710073318332,0.010275016528721445,7.619218836943307e-05,0.0003680196328194543,0.009965454754448775,-5.481479419672253e-12,-3.823732752953821e-12,0.0003758240200113505,0.010275016538798809,TRACKING,True,9
97198071693813,0.0020811569993384182,0.010153042973674472,-6.992717129433985e-05,0.0005884894906141382,0.010007065154419223,-5.481479419672253e-12,-3.823732752953821e-12,0.0005926294252276421,0.010153043083846569,TRACKING,True,9
97198073803957,0.002110105997417122,0.00927724474446493,-0.00021653004468637584,-0.0004777995095023881,0.01004926803438925,-5.481479419672253e-12,-3.823732752953821e-12,0.0005245737847872078,0.00927724502980709,TRACKING,True,9
97198075903597,0.002100515994243324,0.010019325063115852,-0.00021497137067946214,-7.402400150059087e-05,0.010091260834359427,-5.481479419672253e-12,-3.823732752953821e-12,0.0002273592835990712,0.010019324719905853,TRACKING,True,9
97198077978982,0.0020742049964610487,0.009887549435153556,-0.00023479900908285356,-0.0008220258087908864,0.010132768534329947,-5.481479419672253e-12,-3.823732752953821e-12,0.0008549017948098481,0.009887549094855785,TRACKING,True,9
97198080050875,0.0020726729999296367,0.010155371644566816,0.0001541524492803413,-0.0002981764136864405,0.010174206394300517,-5.481479419672253e-12,-3.823732752953821e-12,0.0003356667293701321,0.010155371390283108,TRACKING,True,9
97198082117400,0.002065461012534797,0.009887068113425644,-0.0003222882401030469,0.0008395204479338923,0.010215536894271163,-5.481479419672253e-12,-3.823732752953821e-12,0.0008992576040327549,0.009887068532407284,TRACKING,True,9
97198084189264,0.002072025992674753,0.010350983075517238,0.00019386981454231036,-0.00015020286310967205,0.010256974174241734,-5.481479419672253e-12,-3.823732752953821e-12,0.0002452476473990828,0.010350982658565044,TRACKING,True,9
97198086257865,0.002068647008854896,0.010048373655832154,-0.00043928977537460685,0.000771063891494522,0.010298346194212351,-5.481479419672253e-12,-3.823732752953821e-12,0.0008874204941093922,0.010048373602330685,TRACKING,True,9
97198088324127,0.002066160988761112,0.009489456322887158,0.00014998513506770192,-1.2020788137816874e-05,0.010339671434183002,-5.481479419672253e-12,-3.823732752953821e-12,0.00015046607586555183,0.009489456191658974,TRACKING,True,9
97198090399164,0.0020752910058945417,0.010253361026158335,-0.0007832037695388836,-0.0006175127191865403,0.010381172174153528,-5.481479419672253e-12,-3.823732752953821e-12,0.0009973616106435657,0.01025336142629385,TRACKING,True,9
97198092474091,0.0020747050002682954,0.010913503075387817,-0.0003468664983358396,0.00043954891096085634,0.010422670714124055,-5.481479419672253e-12,-3.823732752953821e-12,0.0005599282449111342,0.010913503356277943,TRACKING,True,9
97198094563967,0.002091068003210239,0.010799332581817287,0.000289691837574367,0.0003807457405002768,0.01046446823409437,-5.481479419672253e-12,-3.823732752953821e-12,0.0004784231132362038,0.010799332521855831,TRACKING,True,9
97198096655705,0.0021012509969295934,0.009901169702865257,-0.00023702986289545126,0.0003393003910911181,0.010506302994064659,-5.481479419672253e-12,-3.823732752953821e-12,0.00041389360558241606,0.009901169687509537,TRACKING,True,9
97198098768018,0.0021016649989178404,0.009917368113717651,0.0008323001330177406,-0.00027981921421103644,0.010548549254034655,-5.481479419672253e-12,-3.823732752953821e-12,0.0008780787466093898,0.009917368181049824,TRACKING,True,9
97198100841919,0.002074086994980462,0.010557871605220653,-0.000512562984420839,0.00018290439204746316,0.010590027274005197,-5.481479419672253e-12,-3.823732752953821e-12,0.0005442195106297731,0.010557871311903,TRACKING,True,9
97198102929458,0.0020880480005871505,0.010264874554969291,-0.00012125117664984333,-0.0005693616468918863,0.010631778053975544,-5.481479419672253e-12,-3.823732752953821e-12,0.0005821293452754617,0.010264874435961246,TRACKING,True,9
97198105029514,0.0020993890066165477,0.011269657536922521,-0.0008163134005812842,0.00022555958137790766,0.010673779173945715,-5.481479419672253e-12,-3.823732752953821e-12,0.0008469030144624412,0.011269657872617245,TRACKING,True,9
97198107109008,0.0020800280035473406,0.010833904131624505,0.00021889956458249763,-0.0005103261643198036,0.010715369053916178,-5.481479419672253e-12,-3.823732752953821e-12,0.0005552925867959857,0.010833904147148132,TRACKING,True,9
97198109183948,0.002074425996397622,0.011273738243727034,0.0004821935633448979,7.979072155632553e-05,0.010756867853886706,-5.481479419672253e-12,-3.823732752953821e-12,0.0004887506365776062,0.011273737996816635,TRACKING,True,9
97198111249369,0.002065307999146171,0.010954507147956684,-7.867962591223073e-05,0.00032152522506950505,0.010798176273857367,-5.481479419672253e-12,-3.823732752953821e-12,0.0003310120082460344,0.010954506695270538,TRACKING,True,9
97198113321367,0.002072000002954155,0.010429016660533912,0.0002774281300868679,0.00020316321979744207,0.010839616233827936,-5.481479419672253e-12,-3.823732752953821e-12,0.0003438628336880356,0.010429016314446926,TRACKING,True,9
97198115411810,0.002090819994919002,0.01017641087834745,-0.0013120252451070834,-5.861496905497699e-05,0.010881425093798244,-5.481479419672253e-12,-3.823732752953821e-12,0.0013133339816704392,0.010176410898566246,TRACKING,True,9
97198117476158,0.0020637260022340342,0.010841932028493392,0.00060902543944315,2.879839932981903e-05,0.010922712053768921,-5.481479419672253e-12,-3.823732752953821e-12,0.0006097059231251478,0.010841932147741318,TRACKING,True,9
97198119574247,0.00209844799246639,0.010715775026047796,-0.0006798992204164687,-4.4131844976751046e-05,0.010964673833739119,-5.481479419672253e-12,-3.823732752953821e-12,0.0006813300424255431,0.010715775191783905,TRACKING,True,9
97198121660451,0.0020871180022368208,0.010714478972919581,-0.0005513598436811637,-6.020834665235616e-05,0.011006397913709488,-5.481479419672253e-12,-3.823732752953821e-12,0.0005546374595724046,0.01071447879076004,TRACKING,True,9
97198123756827,0.0020964760042261332,0.011576819049921801,4.638127938110925e-05,-0.0005245313307734002,0.01104832543367971,-5.481479419672253e-12,-3.823732752953821e-12,0.0005265779909677804,0.011576819233596325,TRACKING,True,9
97198125850801,0.002093750998028554,0.011253841409794123,-0.0005490338555404861,-0.0007888388151615478,0.011090204913649966,-5.481479419672253e-12,-3.823732752953821e-12,0.0009610956767573953,0.01125384122133255,TRACKING,True,9
97198127937183,0.002086267006234266,0.011379059747086357,-0.00027517548175933556,0.0005567854650738435,0.01113193255362033,-5.481479419672253e-12,-3.823732752953821e-12,0.0006210728897713125,0.01137905940413475,TRACKING,True,9
97198130010071,0.0020720039901789278,0.011328901591715996,-0.0004032101276361102,0.00010965263920092313,0.011173390313590888,-5.481479419672253e-12,-3.823732752953821e-12,0.0004178541712462902,0.011328901164233685,TRACKING,True,9
97198132083484,0.0020735810103360564,0.01186261607063106,-9.435679530278437e-05,-0.0005305653644087774,0.011214858573561436,-5.481479419672253e-12,-3.823732752953821e-12,0.0005388903664425015,0.011862616054713726,TRACKING,True,9
97198134156758,0.002073319992632605,0.010925595187113718,-0.0004065305046397511,-0.0005904939612118434,0.011256324053531986,-5.481479419672253e-12,-3.823732752953821e-12,0.0007169031887315214,0.01092559564858675,TRACKING,True,9
97198136228901,0.0020721059991046786,0.010651524569599455,0.00021118981941580994,0.000554727926184058,0.011297766913502554,-5.481479419672253e-12,-3.823732752953821e-12,0.0005935690132901073,0.010651524178683758,TRACKING,True,9
97198138310422,0.002082040999084711,0.011158455559019773,0.00039329113062836716,0.00045409845107060416,0.011339397333472988,-5.481479419672253e-12,-3.823732752953821e-12,0.0006007356569170952,0.011158455163240433,TRACKING,True,9
97198140391169,0.0020805640087928623,0.012222992769768225,-9.317405167875488e-05,-0.0001747081899861851,0.011381012273443432,-5.481479419672253e-12,-3.823732752953821e-12,0.00019800089648924768,0.012222993187606335,TRACKING,True,9
97198142487794,0.00209654399077408,0.011633567827673226,4.878840321506489e-05,0.00015101853132153546,0.011422944773413652,-5.481479419672253e-12,-3.823732752953821e-12,0.00015870382776483893,0.01163356751203537,TRACKING,True,9
97198144567834,0.0020801840000785887,0.012112824801385721,-0.00021463548581048136,0.00010826904494767818,0.011464545573384105,-5.481479419672253e-12,-3.823732752953821e-12,0.00024039670825004578,0.01211282517760992,TRACKING,True,9
97198146637653,0.002069491005386226,0.011015322296242754,-7.971833554206517e-05,-0.0003366546061326917,0.011505941953354706,-5.481479419672253e-12,-3.823732752953821e-12,0.00034596436307765543,0.011015322059392929,TRACKING,True,9
97198148841786,0.0022047649981686845,0.011171253386698636,-0.00010985735966293559,-0.00022327663081626593,0.011550024613323398,-5.481479419672253e-12,-3.823732752953821e-12,0.00024883949663490057,0.011171253398060799,TRACKING,True,9
97198151103211,0.0022610430023632944,0.011781041267620352,0.00040191775915888604,-0.0007461812285787245,0.011595253113291275,-5.481479419672253e-12,-3.823732752953821e-12,0.0008475401555188,0.011781041510403156,TRACKING,True,9
97198153203593,0.002100536003126763,0.012138940033141362,-0.0011131785331554903,0.0001237262221904048,0.011637260753261443,-5.481479419672253e-12,-3.823732752953821e-12,0.0011200333246961236,0.012138940393924713,TRACKING,True,9
97198155297412,0.002093606992275454,0.01203428412183575,-0.0003253565181056198,-0.00011454983793918899,0.011679137133231701,-5.481479419672253e-12,-3.823732752953821e-12,0.0003449326613917947,0.012034283950924873,TRACKING,True,9
97198157391235,0.0020938539964845404,0.011330127598589076,0.0004473754709179162,-0.0015860837996742253,0.01172101359320196,-5.481479419672253e-12,-3.823732752953821e-12,0.0016479705227538943,0.011330127716064453,TRACKING,True,9
97198159485353,0.0020940790127497166,0.011277292985095722,-0.0009684963187330271,9.419829899340159e-05,0.011762895953172214,-5.481479419672253e-12,-3.823732752953821e-12,0.0009730664896778762,0.011277292855083942,TRACKING,True,9
97198161610202,0.002124788996297866,0.012455002210833566,0.0005957886302139326,0.0003340755099705045,0.011805392933142032,-5.481479419672253e-12,-3.823732752953821e-12,0.0006830596830695868,0.012455002404749393,TRACKING,True,9
97198163812826,0.0022028749954188243,0.011973558605207926,-0.00038303085536987256,0.0006092064553282666,0.011849445413110747,-5.481479419672253e-12,-3.823732752953821e-12,0.0007196145597845316,0.01197355892509222,TRACKING,True,9
97198166029726,0.0022167330025695264,0.012205440477387839,-0.0004221528838168022,-0.0006397823411756578,0.011893783413079256,-5.481479419672253e-12,-3.823732752953821e-12,0.0007665080484002829,0.012205440551042557,TRACKING,True,9
97198168119105,0.0020893549954053015,0.011621233035989534,0.0005409064974248067,0.0006254301620897995,0.01193557099304958,-5.481479419672253e-12,-3.823732752953821e-12,0.0008268873789347708,0.011621233075857162,TRACKING,True,9
97198170221511,0.0021026080066803843,0.012785516869846338,-0.0003877112613479328,-0.00017992825326368462,0.011977619113019717,-5.481479419672253e-12,-3.823732752953821e-12,0.0004274274397175759,0.012785516679286957,TRACKING,True,9
97198172293327,0.0020713629928650334,0.01271040749625356,0.00011002757198950029,0.00038211059442568246,0.012019055432990288,-5.481479419672253e-12,-3.823732752953821e-12,0.00039763623499311507,0.012710407376289368,TRACKING,True,9
97198174378617,0.002086117005092092,0.011400287585085019,-0.00018469600921932838,-7.894495027900205e-06,0.012060761232960668,-5.481479419672253e-12,-3.823732752953821e-12,0.00018486464978195727,0.011400287970900536,TRACKING,True,9
97198176462947,0.002083993997075595,0.011925489747629065,-0.0002068653403039941,-0.0008161700244947345,0.012102447832931061,-5.481479419672253e-12,-3.823732752953821e-12,0.00084197788964957,0.011925489641726017,TRACKING,True,9
97198178531407,0.0020680250017903745,0.01295936911792624,7.44926436567316e-05,-0.0007266528993811928,0.01214381703290168,-5.481479419672253e-12,-3.823732752953821e-12,0.0007304612081497908,0.012959369458258152,TRACKING,True,9
97198180623419,0.0020928489975631237,0.01272603407398777,3.6216991091991035e-05,0.000361911025189617,0.012185657272871965,-5.481479419672253e-12,-3.823732752953821e-12,0.00036371866008266807,0.01272603403776884,TRACKING,True,9
97198182706065,0.0020822149963350967,0.012135229120108369,-0.0003864826782726837,-0.0003736750402788618,0.012227310192842383,-5.481479419672253e-12,-3.823732752953821e-12,0.0005375889595597982,0.01213522907346487,TRACKING,True,9
97198184768481,0.0020617620029952377,0.012446574158195917,0.00039409580377582944,0.00025206173797745566,0.012268558512813088,-5.481479419672253e-12,-3.823732752953821e-12,0.00046781045966781676,0.012446573935449123,TRACKING,True,9
97198186845626,0.002077726006973535,0.01264050476699203,0.0006099579236393624,0.00015281417061688196,0.012310101412783584,-5.481479419672253e-12,-3.823732752953821e-12,0.0006288090371526778,0.012640505097806454,TRACKING,True,9
97198188927580,0.0020824539969908074,0.012863797208831558,0.0005647380539450309,0.00015831176429022134,0.012351740492754011,-5.481479419672253e-12,-3.823732752953821e-12,0.0005865080165676773,0.012863797135651112,TRACKING,True,9
97198191026767,0.002098077005939558,0.012368721977676946,-0.00020344577085584616,-0.0005867662254705647,0.012393724232724194,-5.481479419672253e-12,-3.823732752953821e-12,0.0006210352294147015,0.012368721887469292,TRACKING,True,9
97198193140433,0.002114526985678822,0.011672911348624441,0.0006727989649344916,1.0480711325933641e-05,0.01243599755269417,-5.481479419672253e-12,-3.823732752953821e-12,0.0006728806183673441,0.0116729112342,TRACKING,True,9
97198195217454,0.0020764820073964074,0.012220948957023251,0.0008071506126460091,0.0005046759320460535,0.012477537972664668,-5.481479419672253e-12,-3.823732752953821e-12,0.0009519400773569942,0.012220948934555054,TRACKING,True,9
97198197285822,0.0020681559981312603,0.012568431427965755,0.0005232319186183336,-7.392091309186965e-05,0.01251890533263529,-5.481479419672253e-12,-3.823732752953821e-12,0.0005284277722239494,0.012568430975079536,TRACKING,True,9
97198199354994,0.0020693130063591525,0.012762099730931082,0.0009335681459317444,0.0005532734856755168,0.012560288772605899,-5.481479419672253e-12,-3.823732752953821e-12,0.00108520092908293,0.012762099504470825,TRACKING,True,9
97198201424269,0.002069130991003476,0.012489505603943038,0.00037226776312545033,0.0006171216801237221,0.012601674272576507,-5.481479419672253e-12,-3.823732752953821e-12,0.0007207097369246185,0.012489506043493748,TRACKING,True,9
97198203508080,0.0021216040040599182,0.012611731873208252,-0.00018064954344135475,0.0009672157912514021,0.012643350492546907,-5.481479419672253e-12,-3.823732752953821e-12,0.0009839413687586784,0.012611731886863708,TRACKING,True,9
97198205629075,0.0020838199998252094,0.012568622196241401,-0.0006273663783451221,0.00010606316395941028,0.01268577039251678,-5.481479419672253e-12,-3.823732752953821e-12,0.000636268756352365,0.012568621896207333,TRACKING,True,9
97198207695869,0.002066175002255477,0.013908443667652022,0.0003550202245462282,0.0005220086646155319,0.012727106272487423,-5.481479419672253e-12,-3.823732752953821e-12,0.0006312942714430392,0.013908443972468376,TRACKING,True,9
97198209764636,0.002068929999950342,0.01173072271412288,-0.00022683824967883223,0.0006559208021125337,0.012768481612458037,-5.481479419672253e-12,-3.823732752953821e-12,0.0006940372404642403,0.011730723083019257,TRACKING,True,9
97198211834705,0.002070033995551057,0.01266352670237472,0.00071590734515806,0.0002978131475882739,0.012809882992428634,-5.481479419672253e-12,-3.823732752953821e-12,0.0007753812242299318,0.012663526460528374,TRACKING,True,9
97198213917402,0.002083247003611177,0.013110995118374304,0.0009028002916000888,-0.00018822073741497794,0.01285153693239905,-5.481479419672253e-12,-3.823732752953821e-12,0.0009222122607752681,0.013110995292663574,TRACKING,True,9
97198215986987,0.002068961999611929,0.012723312201499472,0.00011869281909128301,0.0001756147216683828,0.012892928632369655,-5.481479419672253e-12,-3.823732752953821e-12,0.0002119634737027809,0.01272331178188324,TRACKING,True,9
97198218035418,0.0020490360038820654,0.012151700075600574,0.0006816278884305179,0.00018141529382339466,0.012933897252340558,-5.481479419672253e-12,-3.823732752953821e-12,0.0007053567096590996,0.01215170044451952,TRACKING,True,9
97198220102633,0.002066539993393235,0.012959604179567872,0.00037817395405691164,-0.0001302872039866662,0.012975241552311195,-5.481479419672253e-12,-3.823732752953821e-12,0.0003999878535978496,0.012959604151546955,TRACKING,True,9
97198222168684,0.0020659230067394674,0.013688355902008544,0.00010070915080130565,0.00042897622161937397,0.013016562572281848,-5.481479419672253e-12,-3.823732752953821e-12,0.000440639239968732,0.013688355684280396,TRACKING,True,9
97198224238420,0.002069959999062121,0.012683181797946058,-7.077821397558593e-05,0.0002537735803220631,0.01305795729225245,-5.481479419672253e-12,-3.823732752953821e-12,0.0002634589036460966,0.012683182023465633,TRACKING,True,9
97198226327345,0.002089336994686164,0.012694376291013573,-0.0002630718378772818,4.010408612434966e-05,0.013099735792222778,-5.481479419672253e-12,-3.823732752953821e-12,0.00026611113571561873,0.012694376520812511,TRACKING,True,9
97198229425785,0.003098133995081298,0.009118342304957379,-0.00040460001027930087,0.00043739857557123626,0.008496300767344695,-0.0008505265774942868,-7.968892933287159e-05,0.0005958344554528594,0.009118341840803623,TRACKING,True,9
97198231514272,0.002088395005557686,0.008754496330247132,-0.00028157181914987347,0.0007596896285149738,0.00853807050731503,-0.0007968653723368624,-7.466121594804746e-05,0.0008101919083856046,0.008754496462643147,TRACKING,True,9
97198233587724,0.0020734010031446815,0.008727359994236454,-0.0004624818846579952,0.00028536832237930265,0.008579539547285579,-0.0007435904737351131,-6.966969702875785e-05,0.0005434377235360444,0.008727359585464,TRACKING,True,9
97198235674413,0.0020878459908999503,0.007683261345798811,-0.0006773918935369758,0.00020618620651669523,0.008621273327255938,-0.0006899754660626974,-6.464631205424506e-05,0.0007080766372382641,0.007683261297643185,TRACKING,True,9
97198237756570,0.002081990009173751,0.009101309432231372,-0.0007359935042422504,0.0004884962774519257,0.008662916467226363,-0.0006364769027740741,-5.963383717735797e-05,0.0008833543979562819,0.009101309813559055,TRACKING,True,9
97198239837633,0.0020808199915336445,0.008444588171468643,-0.0006116289097881431,0.0008457262084382491,0.008704537727196805,-0.0005830064485224916,-5.462399593833553e-05,0.0010437158634886146,0.008444588631391525,TRACKING,True,9
97198241920005,0.002082449005683884,0.008129285957676098,-0.0005117225826834874,-6.727234705639583e-05,0.008746185167167225,-0.0005295023610629691,-4.961100348179497e-05,0.0005161255248822272,0.008129285648465157,TRACKING,True,9
97198244016190,0.002095463001751341,0.008798013875412188,-0.0006883247145728511,0.0003331562408836723,0.008788108867137451,-0.0004756433648935338,-4.4564758338029364e-05,0.0007647117017768323,0.00879801344126463,TRACKING,True,9
97198246084087,0.0020678940054494888,0.008346564130034196,-0.0010318780849120509,0.00025025957399975877,0.008829466807108078,-0.00042251119545153005,-3.9586612232577105e-05,0.0010617919033393264,0.008346564136445522,TRACKING,True,9
97198248149711,0.0020653669926105067,0.008323693988938093,-0.00013453999990806299,2.2763019561434136e-05,0.008870779287078738,-0.0003694374280581494,-3.4613938027368266e-05,0.00013645205763168633,0.00832369364798069,TRACKING,True,9
97198250214477,0.0020648369973059744,0.008615111934599408,-0.000443957093712568,-3.533613785119029e-05,0.00891207460704941,-0.0003163857059607294,-2.964332932607886e-05,0.0004453611618373543,0.00861511193215847,TRACKING,True,9
97198252278835,0.00206434000574518,0.009220377854766714,-0.0005376311156551288,-8.9183541161556e-05,0.008953361767020086,-0.00026334446694110903,-2.4673702822457444e-05,0.0005449778982438147,0.009220377542078495,TRACKING,True,9
97198254358862,0.0020807690016226843,0.008318540803998544,-0.00030895302103412116,-0.0009413253678725117,0.008994962306990541,-0.00020990063148511545,-1.9666355595160547e-05,0.0009907297790050507,0.008318540640175343,TRACKING,True,9
97198256439598,0.002102095997543074,0.009049145181264867,-0.000349788295661726,0.0010639388599183474,0.009036577026960986,-0.0001564385791120635,-1.4657301558680823e-05,0.0011199632426723838,0.009049145504832268,TRACKING,True,9
97198258527241,0.0020655989937949926,0.009751943790877775,-0.0001472663614213528,0.0004934988941845719,0.009078329886931333,-0.00010279905953714593,-9.631619974914956e-06,0.0005150033975951374,0.009751943871378899,TRACKING,True,9
97198260606731,0.0020802110084332526,0.009289904743829604,-0.00059563771848219,-0.0011899638141364217,0.009119919686901795,-4.9369021661491456e-05,-4.625565493078136e-06,0.0013307133922353387,0.009289904497563839,TRACKING,True,9
97198262671051,0.0020634639950003475,0.00973994607541433,0.00021836696931328424,-0.0009541740070075846,0.009161206086872474,5.482494016065265e-12,-1.8696114941580896e-12,0.0009788422612473369,0.009739945642650127,TRACKING,True,9
97198264751369,0.0020812209986615926,0.009542932538699957,0.00047748621312094174,-0.0003211635239736066,0.009202812446842925,5.482494016065265e-12,-1.8696114941580896e-12,0.000575446872971952,0.009542932733893394,TRACKING,True,9
97198266833642,0.002082500999676995,0.009658813569119509,-0.0008405104749698888,-9.099456369453069e-05,0.009244457906813348,5.482494016065265e-12,-1.8696114941580896e-12,0.0008454216876998544,0.0096588134765625,TRACKING,True,9
97198268917393,0.002083797997329384,0.009321621510417407,0.00040828240694222405,0.00021608340684224712,0.00928613292678375,5.482494016065265e-12,-1.8696114941580896e-12,0.0004619378305505961,0.009321621619164944,TRACKING,True,9
97198270999608,0.002095379008096643,0.009455480854043753,0.0002939095772516558,-0.0003109987533354545,0.009327777226754173,5.482494016065265e-12,-1.8696114941580896e-12,0.0004279054410289973,0.009455480612814426,TRACKING,True,9
97198273080700,0.002066920991637744,0.01012381395072726,-0.00015496913712290748,0.00041168418365052165,0.009369399066724612,5.482494016065265e-12,-1.8696114941580896e-12,0.0004398855671752244,0.010123813524842262,TRACKING,True,9
97198275143858,0.0020630120125133544,0.009423337242006306,-0.00010872036107522216,0.00030675515834504825,0.009410662226695307,5.482494016065265e-12,-1.8696114941580896e-12,0.00032545175054110587,0.009423336945474148,TRACKING,True,9
97198277208093,0.0020642989984480664,0.009688879387914557,0.0006850716002552973,0.0005504571725125278,0.009451946926665986,5.482494016065265e-12,-1.8696114941580896e-12,0.0008788208942860365,0.009688879363238811,TRACKING,True,9
97198279277857,0.0020699279994005337,0.009223219533637578,0.00026400429142838064,6.461725767275766e-05,0.009493342206636586,5.482494016065265e-12,-1.8696114941580896e-12,0.0002717970637604594,0.009223219938576221,TRACKING,True,9
97198281357564,0.0020803139923373237,0.009150778494960824,-0.0005365761298610547,0.0001406287843392143,0.009534936346607046,5.482494016065265e-12,-1.8696114941580896e-12,0.0005546984612010419,0.009150778874754906,TRACKING,True,9
97198283457736,0.00210015699849464,0.009322741970964225,-0.0006801025176984256,-3.444782148447373e-05,0.009576939786577216,5.482494016065265e-12,-1.8696114941580896e-12,0.0006809743354097009,0.009322742000222206,TRACKING,True,9
97198285541519,0.002083919011056423,0.009741818760610968,6.223142340538987e-05,-0.0005898655015050201,0.009618615446547617,5.482494016065265e-12,-1.8696114941580896e-12,0.0005931391497142613,0.00974181853234768,TRACKING,True,9
97198287605695,0.0020632719970308244,0.009382195719514022,0.0006959941125864686,-0.00037320188064301314,0.009659898966518296,5.482494016065265e-12,-1.8696114941580896e-12,0.0007897388422861695,0.009382195770740509,TRACKING,True,9
97198289686210,0.0020813869923586026,0.00954947376545705,0.0011631387395443502,0.00018481720039637993,0.009701509266488745,5.482494016065265e-12,-1.8696114941580896e-12,0.00117773050442338,0.009549473412334919,TRACKING,True,9
97198291754790,0.0020678580040112138,0.009502239984713223,-0.0009620338642999256,0.00016370468753869484,0.009742880866459363,5.482494016065265e-12,-1.8696114941580896e-12,0.000975862902123481,0.009502239525318146,TRACKING,True,9
97198293836556,0.002082311999402009,0.00909905331461967,-4.211662993241227e-06,-0.0004252828335054889,0.009784516186429792,5.482494016065265e-12,-1.8696114941580896e-12,0.0004253037041053176,0.009099053218960762,TRACKING,True,9
97198295925511,0.0020888760045636445,0.008997174874623095,0.0008331439683869373,-4.668298477649236e-05,0.009826295286400121,5.482494016065265e-12,-1.8696114941580896e-12,0.0008344508241862059,0.008997174911201,TRACKING,True,9
97198297994143,0.0020680059969890863,0.01033310686709514,0.0003749380803009754,-0.00036005705075119535,0.009867667926370737,5.482494016065265e-12,-1.8696114941580896e-12,0.0005198265425860882,0.010333106853067875,TRACKING,True,9
97198300038317,0.0020449860021471977,0.009957718622052752,-0.00017408167292446247,0.0004861055883445791,0.009908551406341701,5.482494016065265e-12,-1.8696114941580896e-12,0.0005163362366147339,0.009957718662917614,TRACKING,True,9
97198302103902,0.002064760003122501,0.010168844017100097,-0.00017375291099797814,0.0008324295824618316,0.009949863106312361,5.482494016065265e-12,-1.8696114941580896e-12,0.0008503699791617692,0.010168843902647495,TRACKING,True,9
97198304175718,0.002072053001029417,0.01025363153402973,0.00023368631364893412,-0.0003887732580193415,0.009991299426282933,5.482494016065265e-12,-1.8696114941580896e-12,0.0004536010674200952,0.010253631509840488,TRACKING,True,9
97198306244992,0.0020689969969680533,0.01023881079079565,-0.0007299743121769384,0.00023321465995829275,0.010032684906253541,5.482494016065265e-12,-1.8696114941580896e-12,0.0007663234136998653,0.010238810442388058,TRACKING,True,9
97198308324837,0.0020813259907299653,0.00960874293089861,9.363593613483654e-05,-0.0001368723272519596,0.010074281806223998,5.482494016065265e-12,-1.8696114941580896e-12,0.00016583643446210772,0.009608742780983448,TRACKING,True,9
97198310418084,0.002092795999487862,0.01023205217707825,0.00018025081529561045,-2.762254727048271e-05,0.010116146746194266,5.482494016065265e-12,-1.8696114941580896e-12,0.00018235505558550358,0.010232051834464073,TRACKING,True,9
97198312503939,0.002085540007101372,0.010130732752782447,-0.0007434009360061909,-0.0009489584597411057,0.010157863846164638,5.482494016065265e-12,-1.8696114941580896e-12,0.0012054737890139222,0.01013073232024908,TRACKING,True,9
97198314588435,0.0020846629922743887,0.010830348297987265,0.00028699185228944323,-0.0007395747069085443,0.010199553766135029,5.482494016065265e-12,-1.8696114941580896e-12,0.0007933064480312169,0.01083034835755825,TRACKING,True,9
97198316672489,0.002083942003082484,0.011195836785877787,-0.000357197867383363,0.0002554812804038191,0.010241234846105427,5.482494016065265e-12,-1.8696114941580896e-12,0.0004391594266053289,0.011195836588740349,TRACKING,True,9
97198318752451,0.0020796090102521703,0.010495449541069873,5.42780141046486e-05,0.0003042349534349041,0.010282834086075882,5.482494016065265e-12,-1.8696114941580896e-12,0.00030903881997801363,0.010495449416339397,TRACKING,True,9
97198320838048,0.002086151987896301,0.009637585724302922,-1.8070306272502813e-05,-0.00012702735302798644,0.010324546026046258,5.482494016065265e-12,-1.8696114941580896e-12,0.00012830620107706636,0.00963758584111929,TRACKING,True,9
97198322908306,0.002069654001388699,0.01040973279720793,-0.00013708851053834942,-0.0003210316345811992,0.010365951186016851,5.482494016065265e-12,-1.8696114941580896e-12,0.00034907672670669854,0.010409732349216938,TRACKING,True,9
97198324978182,0.002069809997919947,0.010041766124304264,0.0004423378024172901,-0.0004240008030445523,0.010407348705987451,5.482494016065265e-12,-1.8696114941580896e-12,0.0006127310916781425,0.010041765868663788,TRACKING,True,9
97198327035892,0.0020584050071192905,0.01062973305808687,0.00017494079155411238,-4.894974654764681e-05,0.010448502905958224,5.482494016065265e-12,-1.8696114941580896e-12,0.0001816600124584511,0.010629733093082905,TRACKING,True,9
97198329105390,0.0020686249918071553,0.010701577993825857,0.00027104379057832947,-0.0002660776783627861,0.010489892865928828,5.482494016065265e-12,-1.8696114941580896e-12,0.0003798184625338763,0.010701578110456467,TRACKING,True,9
97198331169465,0.002064004002022557,0.0106992570486314,0.0009527766016770379,-0.0005354546301908961,0.01053117436589951,5.482494016065265e-12,-1.8696114941580896e-12,0.0010929295094683766,0.010699257254600525,TRACKING,True,9
97198333234233,0.0020648159988923,0.010421265258067868,-0.00038346480888580293,0.0009925056584227936,0.010572469725870181,5.482494016065265e-12,-1.8696114941580896e-12,0.001064007868990302,0.010421264916658401,TRACKING,True,9
97198335298658,0.0020643180032493547,0.009912364486957596,3.5418264216745713e-06,0.0004645696485952536,0.010613758225840857,5.482494016065265e-12,-1.8696114941580896e-12,0.0004645831650123,0.009912364184856415,TRACKING,True,9
97198337380639,0.0020825929968850687,0.010221298085802067,-6.800613280957509e-05,-0.000355984431769101,0.010655397845811284,5.482494016065265e-12,-1.8696114941580896e-12,0.0003624220553319901,0.010221297852694988,TRACKING,True,9
97198339475376,0.0020943660056218505,0.01002707785334986,-3.5520731668000586e-05,0.00024659753322544284,0.01069729258578153,5.482494016065265e-12,-1.8696114941580896e-12,0.00024914267123676836,0.010027077980339527,TRACKING,True,9
97198341562241,0.0020876049966318533,0.010539821718814001,8.15592743021519e-05,0.00034114883913585634,0.010739029885751887,5.482494016065265e-12,-1.8696114941580896e-12,0.00035076268250122666,0.010539821349084377,TRACKING,True,9
97198343647326,0.002084870997350663,0.011376925357369297,-0.0006172804276263246,0.0003056270876493483,0.010780731585722271,5.482494016065265e-12,-1.8696114941580896e-12,0.0006887982599437237,0.011376925744116306,TRACKING,True,9
97198345839871,0.0021921750012552366,0.010513955945596752,-0.0009420447553957909,-0.0003889908169139053,0.010824582485691127,5.482494016065265e-12,-1.8696114941580896e-12,0.001019196817651391,0.010513955727219582,TRACKING,True,9
97198348050240,0.002210365011706017,0.011188750183199196,0.00015312964446346304,-0.0005482916836915783,0.010868789865659732,5.482494016065265e-12,-1.8696114941580896e-12,0.0005692736012861133,0.0111887501552701,TRACKING,True,9
97198350138431,0.002088279987219721,0.0117126548847738,0.0002009763735026501,-3.4572257222833304e-05,0.01091055368563007,5.482494016065265e-12,-1.8696114941580896e-12,0.00020392826991155744,0.011712654493749142,TRACKING,True,9
97198352240796,0.0021026070025982335,0.010681621349085617,0.00020824414323302584,-0.00019387869480310804,0.010952600985600207,5.482494016065265e-12,-1.8696114941580896e-12,0.0002845251583494246,0.010681621730327606,TRACKING,True,9
97198354342480,0.002101543010212481,0.011560820084569939,0.00015630387961035824,0.0003068182208429812,0.010994634665570355,5.482494016065265e-12,-1.8696114941580896e-12,0.00034433751716278493,0.011560820043087006,TRACKING,True,9
97198356446116,0.0021035719983046874,0.010883811603983575,-0.0007374921298661565,0.0002629943291261333,0.011036707385540474,5.482494016065265e-12,-1.8696114941580896e-12,0.0007829818641766906,0.010883811861276627,TRACKING,True,9
97198358571472,0.0021255179890431464,0.010575623018114363,-5.309804477992177e-05,-7.084505734483462e-06,0.011079214505510285,5.482494016065265e-12,-1.8696114941580896e-12,5.356857946026139e-05,0.010575623251497746,TRACKING,True,9
97198360763335,0.002191831008531153,0.010733514291876169,0.00044331410843982466,-0.0007122426998340158,0.011123051765479152,5.482494016065265e-12,-1.8696114941580896e-12,0.0008389380527660251,0.010733514092862606,TRACKING,True,9
97198362866327,0.0021209239930612966,0.011908391351866998,-0.00029449582530814613,0.00048015265431723567,0.011165111605449281,5.482494016065265e-12,-1.8696114941580896e-12,0.0005632711690850556,0.011908391490578651,TRACKING,True,9
97198365096391,0.002212373001384549,0.011853923679283306,-0.0004296780843395638,-0.0003666037917622343,0.011209712885417604,5.482494016065265e-12,-1.8696114941580896e-12,0.0005648199585266411,0.01185392402112484,TRACKING,True,9
97198367188863,0.002092050010105595,0.011719705994020651,9.293108821254649e-05,4.101720820905699e-05,0.011251562325387883,5.482494016065265e-12,-1.8696114941580896e-12,0.0001015805100905709,0.011719705536961555,TRACKING,True,9
97198369275855,0.002086903987219557,0.010382336599568281,-0.0008177705736774012,0.00026738823511289364,0.011293302165358239,5.482494016065265e-12,-1.8696114941580896e-12,0.0008603750029578805,0.010382336564362049,TRACKING,True,9
97198371367241,0.002091456000925973,0.012049247181480507,-0.0003528837963187517,-0.00043048946611073014,0.011335129885328532,5.482494016065265e-12,-1.8696114941580896e-12,0.0005566400359384716,0.01204924751073122,TRACKING,True,9
97198373455633,0.0020884260011371225,0.011480999927554214,0.0002309412140872414,0.0002798184739436644,0.011376897725298868,5.482494016065265e-12,-1.8696114941580896e-12,0.00036281158099882305,0.011481000110507011,TRACKING,True,9
97198375568305,0.0021126540086697787,0.011200161066382486,-0.0009674627431615725,0.0007251402226250986,0.011419151165268858,5.482494016065265e-12,-1.8696114941580896e-12,0.0012090543750673532,0.011200160719454288,TRACKING,True,9
97198377690318,0.0021222549985395744,0.011214688401304969,0.000624733194700851,-0.0009894179681784962,0.011461591425238718,5.482494016065265e-12,-1.8696114941580896e-12,0.0011701451148837805,0.011214688420295715,TRACKING,True,9
97198379892434,0.002201969997258857,0.011690172740784845,-0.0002484517831135546,-0.000539324130464832,0.011505633745207439,5.482494016065265e-12,-1.8696114941580896e-12,0.0005938003305345774,0.011690172366797924,TRACKING,True,9
97198382129785,0.0022375279950210825,0.012032779905662563,0.0006416586748980141,-0.0002911900077316246,0.01155038076517566,5.482494016065265e-12,-1.8696114941580896e-12,0.0007046399405226111,0.01203277986496687,TRACKING,True,9
97198384226181,0.002096206007990986,0.011913702056108262,-0.0005337627888287876,-0.00030710144153795767,0.011592308685145882,5.482494016065265e-12,-1.8696114941580896e-12,0.000615803524851799,0.011913701891899109,TRACKING,True,9
97198386297804,0.0020713849953608587,0.011511933062236787,-0.00017250467349514106,0.0003171376659839177,0.011633741145116455,5.482494016065265e-12,-1.8696114941580896e-12,0.00036101823206990957,0.01151193305850029,TRACKING,True,9
97198388366813,0.0020689090015366673,0.011075957603271853,0.00048078907290989114,0.000479919276262843,0.011675121325087067,5.482494016065265e-12,-1.8696114941580896e-12,0.0006793236825615168,0.011075957678258419,TRACKING,True,9
97198390456164,0.002089364003040828,0.011608844954481045,-0.0005878057496623844,-0.001180224529330271,0.011716908345057389,5.482494016065265e-12,-1.8696114941580896e-12,0.0013185013085603714,0.011608844622969627,TRACKING,True,9
97198392536955,0.002081391998217441,0.011727241759001692,-0.00035540575458884957,5.083182864255724e-05,0.011758524165027833,5.482494016065265e-12,-1.8696114941580896e-12,0.0003590224660001695,0.011727241799235344,TRACKING,True,9
97198394604215,0.0020666659984271973,0.011276221768004939,1.3227210752320188e-06,-3.052945785243844e-05,0.01179986936499847,5.482494016065265e-12,-1.8696114941580896e-12,3.055809793295339e-05,0.011276221834123135,TRACKING,True,9
97198396685838,0.0020822899969061837,0.01184708150234473,0.00014163880159513947,0.00014472205634214792,0.011841501824968901,5.482494016065265e-12,-1.8696114941580896e-12,0.00020249943190719932,0.01184708159416914,TRACKING,True,9
97198398765371,0.0020794650044990703,0.01236404886581191,-0.00038812301345690604,0.00035701516193382873,0.011883092484939364,5.482494016065265e-12,-1.8696114941580896e-12,0.0005273512215353549,0.012364048510789871,TRACKING,True,9
97198400844122,0.0020785149972653016,0.012004414649810089,-0.00020667194472315549,-0.0004929186968853302,0.011924667504909836,5.482494016065265e-12,-1.8696114941580896e-12,0.0005344924284145236,0.012004414573311806,TRACKING,True,9
97198402906857,0.0020621239964384586,0.01268870080040325,0.00011914403827409422,-0.00025493902223073644,0.011965922204880537,5.482494016065265e-12,-1.8696114941580896e-12,0.0002814057806972414,0.012688701041042805,TRACKING,True,9
97198404983901,0.0020777720055775717,0.012044360532787133,3.377897035746162e-06,-0.0002577261541366987,0.012007463084851035,5.482494016065265e-12,-1.8696114941580896e-12,0.0002577482664491981,0.012044360861182213,TRACKING,True,9
97198407033549,0.0020497730001807213,0.011367108025439764,7.696353208047555e-05,-7.93256039804743e-05,0.012048456044821921,5.482494016065265e-12,-1.8696114941580896e-12,0.0001105257251765579,0.01136710774153471,TRACKING,True,9
97198409099160,0.0020648310019169003,0.0119516021771501,0.0004885640822450756,-0.0006477014187016673,0.012089768264792581,5.482494016065265e-12,-1.8696114941580896e-12,0.0008113026851788163,0.011951602064073086,TRACKING,True,9
97198411166171,0.00206708800396882,0.011660715544502692,8.106748958116826e-05,0.00041383665985070435,0.01213110848476322,5.482494016065265e-12,-1.8696114941580896e-12,0.0004217021632939577,0.011660715565085411,TRACKING,True,9
97198413232898,0.002066734989057295,0.012476512525521951,0.0003614303518893197,-0.001085637153018564,0.012172443024733864,5.482494016065265e-12,-1.8696114941580896e-12,0.0011442202376201749,0.012476512230932713,TRACKING,True,9
97198415298243,0.0020652730017900467,0.012461024127164004,0.00020812726522907474,0.0003397619407078654,0.012213749924704528,5.482494016065265e-12,-1.8696114941580896e-12,0.0003984408685937524,0.012461024336516857,TRACKING,True,9
97198417376734,0.0020792200084542856,0.011917570403382899,0.00025426176894104174,0.0004979206680543216,0.012255319744675005,5.482494016065265e-12,-1.8696114941580896e-12,0.0005590832442976534,0.011917570605874062,TRACKING,True,9
97198419443489,0.0020662959868786857,0.013092737584745754,0.00012806852386587078,-0.0006540519524282034,0.012296654844645647,5.482494016065265e-12,-1.8696114941580896e-12,0.0006664724205620587,0.013092737644910812,TRACKING,True,9
97198421525918,0.0020830040011787787,0.012368647708911122,0.00032189313294279774,0.0002571679846618843,0.012338303424616068,5.482494016065265e-12,-1.8696114941580896e-12,0.0004120079684071243,0.012368647381663322,TRACKING,True,9
97198423602525,0.0020768620015587658,0.010082920144510225,-0.0004908735780090887,-7.151014742272295e-05,0.009133312904946747,-0.0003955143531423551,0.00042757639655094766,0.0004960549995303154,0.010082920081913471,TRACKING,True,9
97198425681650,0.00207867800781969,0.00886459054890298,-4.164752670573926e-05,8.534002910942087e-06,0.009174895404917213,-0.0003702779339008386,0.0004002942061837512,4.251288919476792e-05,0.008864590898156166,TRACKING,True,9
97198427762163,0.002081079001072794,0.008705995384770153,-0.0007538416675156678,0.0009746615504023512,0.009216505664887662,-0.0003450246671153278,0.0003729938025392244,0.0012321698013693094,0.008705995045602322,TRACKING,True,9
97198429876455,0.002113255992298946,0.009380834531860232,-0.000480910798110069,0.0007696060231967344,0.00925879150485763,-0.0003193613908279548,0.00034525015228450636,0.0009075068519450724,0.009380834177136421,TRACKING,True,9
97198432096782,0.002220360009232536,0.01043159781590691,-0.0009642471115120975,0.0003445689143171013,0.010087269644507136,-0.00048767099598108114,-7.104359733039934e-05,0.0010239629773423076,0.01043159794062376,TRACKING,True,9
97198434160174,0.0020632459927583113,0.010254044471456728,-0.0014706320296275232,-0.0006472550985656846,0.010128537484477828,-0.00045728505674238893,-6.661699322372137e-05,0.0016067662509158254,0.010254044085741043,TRACKING,True,9
97198436305081,0.0021449210034916177,0.01030590053301009,-0.00017981592744450943,-0.00019796735195123238,0.010171435624447361,-0.00042569871067986393,-6.201551462215543e-05,0.00026744126807898283,0.010305900126695633,TRACKING,True,9
97198438382063,0.0020769900002051145,0.009725856725943572,-0.00026626675753763833,-0.0009551535877640717,0.010212975264417858,-0.0003951126422780007,-5.755975582756079e-05,0.0009915727423503995,0.009725856594741344,TRACKING,True,9
97198440521851,0.002139844000339508,0.010537369348575085,-0.0004313164826374295,-5.936665575751484e-05,0.010255771024387465,-0.00036360167967289085,-5.296925903964058e-05,0.0004353829426690936,0.010537369176745415,TRACKING,True,9
97198442941568,0.0024196180020226166,0.01012967065858125,-0.0005286506816594709,-0.0008053624204633224,0.010444221815897945,-0.0009459881282869509,0.0003380441571501876,0.0009633692097850144,0.010129670612514019,TRACKING,True,9
97198445291176,0.0023496489884564653,0.010070606261462257,-0.0005837719836084106,-2.5180347047533587e-05,0.01049121397586457,-0.0008780200467633921,0.0003137561000566548,0.0005843148101121187,0.010070606134831905,TRACKING,True,9
97198447365968,0.0020750370022142306,0.011264001926526192,-0.0005986171661642982,-7.510162344471057e-05,0.0105327098158351,-0.000818001681231598,0.0002923088345752617,0.0006033098907209933,0.011264001950621605,TRACKING,True,9
97198449464771,0.0020998070103814825,0.011133152650297113,-0.000790821800149503,0.0005710568687818605,0.010574685875805288,-0.0007572887395809525,0.0002706133657600049,0.0009754511993378401,0.01113315299153328,TRACKING,True,9
97198451566615,0.002101469988701865,0.010325998939923576,-0.0009785839217975438,0.0006149898698059964,0.010616722755775434,-0.0006964878296667019,0.00024888646192170534,0.0011557850521057844,0.01032599899917841,TRACKING,True,9
97198453666663,0.0020999340049456805,0.010724541459250093,-0.0009925600520827422,-0.0001897511876844484,0.010658723715745604,-0.0006357388733865962,0.00022717812345709367,0.0010105350520461798,0.01072454173117876,TRACKING,True,9
97198455768107,0.002101542995660566,0.011039679171414307,0.0003133317979962843,-0.00018921555737608616,0.010700752595715754,-0.0005749495344376337,0.00020545535444589609,0.0003660318907350302,0.011039678938686848,TRACKING,True,9
97198457874758,0.0021067870111437514,0.011098682903620778,-0.0019293933138301701,-0.0004800852592941465,0.010742885615685831,-0.0005140095704480293,0.00018367876032289858,0.001988225383684039,0.011098682880401611,TRACKING,True,9
97198459976223,0.0021017659892095253,0.011140443124174055,0.000353469376846566,0.00021533179037395295,0.010784914915655981,-0.0004532196240233893,0.00016195577423327816,0.00041389415855519474,0.01114044338464737,TRACKING,True,9
97198462058172,0.002081673010252416,0.011118808495134583,-0.00024173620339036192,0.0006619890137516904,0.010826553895626409,-0.00039299422499517193,0.00014043452635796298,0.0007047452381812036,0.011118808761239052,TRACKING,True,9
97198464128877,0.0020697359868790954,0.010356492661897436,4.944939820684491e-06,-7.118304004200644e-05,0.010867967995596996,-0.0003330940858012124,0.00011902950847248432,7.135459600249305e-05,0.01035649236291647,TRACKING,True,9
97198466197846,0.0020690160017693415,0.010766247292463865,-0.0002511490519535078,2.0749327994059797e-05,0.010909347375567608,-0.00027324416459660475,9.76424357366282e-05,0.00025200474192388356,0.010766247287392616,TRACKING,True,9
97198468290116,0.0020921329996781424,0.010596549322625787,-0.0003141420653760699,-0.0003663418139813208,0.01095119277553789,-0.00021272020573653264,7.60144989850144e-05,0.0004825883952435106,0.01059654913842678,TRACKING,True,9
97198470358347,0.0020683510083472356,0.011748948328209692,0.00021775759526389531,-0.00012435361068054057,0.010992557395508511,-0.00015289163296288203,5.463505500516143e-05,0.0002507632307242602,0.011748948134481907,TRACKING,True,9
97198472439701,0.0020819259952986613,0.011844928939340011,0.0005678295034555119,0.00029962025792440385,0.011034184475478947,-9.268344574553118e-05,3.311995768516047e-05,0.0006420300924219191,0.011844929307699203,TRACKING,True,9
97198474518702,0.0020789980044355616,0.010837443943678195,0.00012063511094613584,0.0003201283653439953,0.011075764495449418,-3.254332473148964e-05,1.1629183485586839e-05,0.0003421037981752306,0.010837444104254246,TRACKING,True,9
97198476580855,0.0020613329979823902,0.01182940857422153,-6.294153254212087e-05,-0.0002536619516365689,0.011117007555420126,-1.3785186208682687e-11,-7.401645106281524e-12,0.000261354201938957,0.011829408816993237,TRACKING,True,9
97198478660273,0.0020802640065085143,0.012317185653979414,0.0007116286000182444,0.00018072002553733257,0.01115859591539059,-1.3785186208682687e-11,-7.401645106281524e-12,0.000734217232093215,0.012317185290157795,TRACKING,True,9
97198480798583,0.002137870993465185,0.010773106169125806,0.00026700597636728434,0.0005787076042000198,0.011201362115360217,-1.3785186208682687e-11,-7.401645106281524e-12,0.0006373340729624033,0.01077310647815466,TRACKING,True,9
97198483515956,0.0027169359964318573,0.011655001467711474,0.00043349341836322337,4.772342286950411e-05,0.011255709575321618,-1.3785186208682687e-11,-7.401645106281524e-12,0.00043611243017949164,0.011655001901090145,TRACKING,True,9
97198485596071,0.0020810999994864687,0.011168462723669205,-0.0006756750182803355,-0.00024690386346716656,0.010580070208544758,-0.00040369010617687746,-5.5564144853151824e-05,0.000719373463653028,0.01116846315562725,TRACKING,True,9
97198487657659,0.002060819009784609,0.01040005478177431,-0.000670184501521686,0.000937384034923462,0.010621301968515476,-0.0003770142002609046,-5.189245728044067e-05,0.001152317738160491,0.010400054976344109,TRACKING,True,9
97198489734954,0.0020775640005012974,0.009850705169834377,-0.0002081558302800321,-0.0005107018866241335,0.010662847868485969,-0.00035013505370993473,-4.819279554572208e-05,0.0005514936638064682,0.009850705042481422,TRACKING,True,9
97198491812586,0.0020780389895662665,0.010113775571444984,-0.00024949688262392803,-0.0007956475517193757,0.010704400508456459,-0.0003232515465494281,-4.4492533614110615e-05,0.0008338487823493779,0.010113775730133057,TRACKING,True,9
97198493892405,0.0020797640027012676,0.010724250938886114,0.0008616530887889033,-7.348319960666735e-05,0.010745996888426916,-0.00029633974071516207,-4.0788376636194295e-05,0.0008647807408124208,0.01072425115853548,TRACKING,True,9
97198495970635,0.002077930999803357,0.011036134128132443,-0.0006682786294620719,0.0002230664687136192,0.010787561488397397,-0.00026944849573713915,-3.708704966677291e-05,0.0007045245729386806,0.011036134324967861,TRACKING,True,9
97198498030341,0.002060111000901088,0.010111287669019484,-0.00012795979788478748,-7.700900828484724e-05,0.01082875560836814,-0.00024279694194920246,-3.341871393546355e-05,0.00014934556384105235,0.010111287236213684,TRACKING,True,9
97198500093373,0.0020621730072889477,0.011963299313081857,-0.0002425864999986415,-0.00019439780438162664,0.010870016248338835,-0.00021610235140364178,-2.9744454599211382e-05,0.0003108676755800843,0.011963299475610256,TRACKING,True,9
97198502157257,0.002063938998617232,0.010647739340366585,-0.0007710145829501756,0.00036770194585082963,0.01091129392830952,-0.00018939673640904454,-2.606867785123003e-05,0.0008542062132619321,0.01064773928374052,TRACKING,True,9
97198504223392,0.0020661899907281622,0.011683432672667644,-0.00033628778290595616,0.00034063086365356226,0.010952616628280173,-0.00016266199461306078,-2.2388892072964167e-05,0.0004786635981872678,0.011683432385325432,TRACKING,True,9
97198506286994,0.0020634539978345856,0.010827880013870968,7.33136480943049e-05,0.00021846183721672374,0.010993888668250861,-0.0001359600285558207,-1.8713617566893174e-05,0.00023043538385536522,0.01082788035273552,TRACKING,True,9
97198508363781,0.0020772670104634017,0.010332912517130392,-0.00048430648811233424,0.0004581927863667587,0.011035424408221362,-0.00010908745526789137,-1.5014860580013117e-05,0.0006667033885605633,0.01033291220664978,TRACKING,True,9
97198510444011,0.0020804609957849607,0.010137359556892187,-7.127368935505274e-05,-0.0001752584861699318,0.011077029008191814,-8.21703313015197e-05,-1.1309971611227437e-05,0.0001891969150165096,0.010137359611690044,TRACKING,True,9
97198512586031,0.002141413002391346,0.010664866477778995,-2.3144919295416748e-05,0.00015196091126271663,0.011119869408161388,-5.445367599011305e-05,-7.495034672082109e-06,0.00015371337940450758,0.010664866305887699,TRACKING,True,9
97198515316156,0.0027300179935991764,0.01193160213095628,-0.0008716435820658209,0.0008894146437590945,0.011657258867709871,0.00043202556632790867,4.7561826580666165e-05,0.0012453196104615927,0.011931601911783218,TRACKING,True,9
97198517394887,0.00207974600198213,0.011466705030107984,0.0009295299986669177,-1.0837966555319232e-05,0.011698833487680345,0.0004049920806432998,4.458570170166917e-05,0.0009295931668020785,0.011466705240309238,TRACKING,True,9
97198519455701,0.002059701000689529,0.011455298178851579,0.00035084710874768734,0.0016271585248137216,0.011740049767651072,0.00037819160200145454,4.1635228640755895e-05,0.0016645535361021757,0.011455298401415348,TRACKING,True,9
97198521531880,0.0020771069976035506,0.012566665187686088,0.00018236059387340085,0.0001559496692651461,0.011781573347621581,0.0003511913045723087,3.866275746716436e-05,0.00023994935327209532,0.012566665187478065,TRACKING,True,9
97198523610308,0.0020903889962937683,0.012386940612434928,0.0006176418251237166,8.125834030571605e-05,0.01182314190759206,0.000324161759342796,3.568706639409912e-05,0.0006229641730897129,0.01238694041967392,TRACKING,True,9
97198525700132,0.0020776630117325112,0.011774472551522265,-0.00023709961882386666,0.00041069125539683424,0.011864938387562375,0.0002969840113863013,3.269505963655088e-05,0.0004742188611999154,0.011774472892284393,TRACKING,True,9
97198527778348,0.002078349993098527,0.012459783499516038,0.0013868369797447818,-0.00024035839565201747,0.011906502707532855,0.00026995722317487564,2.9719672084467602e-05,0.001407511648721993,0.01245978381484747,TRACKING,True,9
97198529858515,0.0020801840000785887,0.012275622656463878,0.00022916253535670115,0.0006567247659195916,0.011948106047503309,0.00024290506259416758,2.6741491280328657e-05,0.0006955594290047884,0.012275622226297855,TRACKING,True,9
97198531948944,0.002090455003781244,0.011942864129673674,-0.00010575815698532325,-0.0008185115185309217,0.011989914627473616,0.00021571944673228296,2.3748618342619637e-05,0.0008253156556747854,0.011942864395678043,TRACKING,True,9
97198534029776,0.0020807190012419596,0.012390781134251745,0.0002709265191029776,0.0005843661816530106,0.012031531267444058,0.0001886586379580471,2.0769485456155212e-05,0.0006441157311201096,0.012390781193971634,TRACKING,True,9
97198536092626,0.002062165003735572,0.011799623272827929,0.0014599412406924046,-0.00033409239178328775,0.012072788267414758,0.0001618316815387242,1.7816097448452936e-05,0.0014976803213357925,0.011799623258411884,TRACKING,True,9
97198538156577,0.002064077998511493,0.012372510588602958,0.00034437587098250233,0.0005685474744224314,0.012114067287385441,0.0001349904068320718,1.4861133136028324e-05,0.000664711173158139,0.012372510507702827,TRACKING,True,9
97198540222389,0.0020658930006902665,0.012074697580991115,-0.000348346338558316,-0.00048024756846106115,0.012155383527356097,0.00010812493018834386,1.1903504424795103e-05,0.0005932814674451947,0.012074697762727737,TRACKING,True,9
97198542284387,0.002061795996269211,0.012605194651553893,0.00013503898594449703,0.00018204580637672696,0.012196623487326808,8.130905386057844e-05,8.951336227831644e-06,0.00022666319273412228,0.012605194933712482,TRACKING,True,9
97198544361338,0.0020775339944520965,0.011831804984426503,0.00012489744356897642,0.00011552227984405408,0.012238162507297307,5.4298716724058996e-05,5.977759779720903e-06,0.00017013162141665816,0.011831805109977722,TRACKING,True,9
97198546439542,0.002078283010632731,0.012588059345509696,-0.0007035349150777453,-0.000380596310369039,0.012279726587267788,2.7272084570260902e-05,3.0023894080705637e-06,0.0007998843211680651,0.012588059529662132,TRACKING,True,9
97198548516789,0.0020771109993802384,0.013185873081700784,-0.00019621776281172033,-4.1934590351983555e-05,0.012321271527238283,2.578980122614296e-07,2.8389175947274032e-08,0.00020064874843228608,0.013185872696340084,TRACKING,True,9
97198550583284,0.0020660199952544644,0.012163409241815384,-0.0007483603153653104,-0.0005378600770131981,0.012362601427208929,1.2782702739182195e-11,-1.4894877933585744e-12,0.0009215946192853153,0.012163409031927586,TRACKING,True,9
97198552662428,0.0020797809993382543,0.012589536060279308,-0.0003360416183351212,0.0010135675049631925,0.012404184307179397,1.2782702739182195e-11,-1.4894877933585744e-12,0.0010678217513486743,0.012589535675942898,TRACKING,True,9
97198554745954,0.002083651997963898,0.011696763438799263,-0.0009711764571099924,-0.00019598370000064967,0.012445854827149803,1.2782702739182195e-11,-1.4894877933585744e-12,0.0009907538769766688,0.011696763336658478,TRACKING,True,9
97198556824014,0.002077751007163897,0.011882640872859099,0.0006903315139668437,-0.00021311164945227276,0.012487416027120285,1.2782702739182195e-11,-1.4894877933585744e-12,0.0007224777946248651,0.011882640421390533,TRACKING,True,9
97198558904093,0.0020801349892280996,0.012787195093076412,-0.0007092753051754015,0.00033035041660103083,0.012529017607090739,1.2782702739182195e-11,-1.4894877933585744e-12,0.0007824339554645121,0.012787194922566414,TRACKING,True,9
97198560984193,0.0020800909987883642,0.012887411128369617,0.000616687773938193,0.0001065459058707097,0.012570619607061193,1.2782702739182195e-11,-1.4894877933585744e-12,0.0006258240900933743,0.012887410819530487,TRACKING,True,9
97198563021401,0.0020369109988678247,0.012866132926904899,7.973909933516648e-05,0.00045830968677171356,0.012611363767032256,1.2782702739182195e-11,-1.4894877933585744e-12,0.0004651946946978569,0.012866132892668247,TRACKING,True,9
97198565086092,0.0020645730110118166,0.012442276603531956,0.0002681042944451892,-0.0002889370422199096,0.012652657587002928,1.2782702739182195e-11,-1.4894877933585744e-12,0.00039416307117789984,0.012442276813089848,TRACKING,True,9
97198567149116,0.0020628549973480403,0.01304269711861443,-0.00014314290082265436,-0.0003295796697225404,0.012693918066973625,1.2782702739182195e-11,-1.4894877933585744e-12,0.000359322497388348,0.013042696751654148,TRACKING,True,9
97198569212411,0.0020634569955291227,0.012391096440041766,0.0007306298945985082,-0.0007839741343631798,0.012735183966944317,1.2782702739182195e-11,-1.4894877933585744e-12,0.001071650767698884,0.012391095981001854,TRACKING,True,9
97198571277221,0.002064721003989689,0.012030080411021106,0.0003134520131799201,-0.0005031052722030875,0.012776480166914989,1.2782702739182195e-11,-1.4894877933585744e-12,0.0005927622551098466,0.012030079960823059,TRACKING,True,9
97198573373989,0.002097353004501201,0.01258019022311249,-0.0002519082952152176,0.0011346602488396097,0.012818415526885205,1.2782702739182195e-11,-1.4894877933585744e-12,0.0011622871970757842,0.012580189853906631,TRACKING,True,9
97198575455054,0.002081182989059016,0.012518385351819242,-0.00036617429199939925,-0.00019966153899975595,0.012860036826855646,1.2782702739182195e-11,-1.4894877933585744e-12,0.00041707116179168224,0.012518385425209999,TRACKING,True,9
97198577535299,0.002080058999126777,0.013012601538449799,0.0002456815920352141,-0.0007400106256120261,0.012901641726826098,1.2782702739182195e-11,-1.4894877933585744e-12,0.0007797276484780014,0.013012601993978024,TRACKING,True,9
97198579771498,0.0022363780008163303,0.013165630517141012,0.000973097944009287,-0.0008970072512581214,0.012946365706794334,1.2782702739182195e-11,-1.4894877933585744e-12,0.0013234581565484405,0.013165630400180817,TRACKING,True,9
97198583828358,0.004056418008985929,0.012230487710885082,-0.00047157524286387285,0.0009450743727216983,0.011945654070946301,-0.0008532711565575261,0.0008706676420401156,0.0010561954695731401,0.012230487540364265,TRACKING,True,9
97198586748788,0.0029202000005170703,0.01190328821867663,-0.001957328303626293,0.0013898957597229423,0.012004062670904817,-0.0007769039323490691,0.0007927434461922006,0.0024006133899092674,0.011903287842869759,TRACKING,False,10
97198588862097,0.0021134359994903207,0.011881328730795377,-0.0008275366558711123,0.0013472860471914015,0.0120463288508748,-0.0007216423639414202,0.0007363552073358811,0.0015811377670615911,0.011881329119205475,TRACKING,True,11
97198591052785,0.0021906259935349226,0.010917119931448954,-0.0007012636107297928,0.0009731243963569979,0.012090142610843683,-0.0006643573882129226,0.0006779023080184254,0.0011994756059721112,0.010917119681835175,TRACKING,True,11
97198593135473,0.002082805003738031,0.012489019280876314,-0.0003080458611263939,0.0016394802375557054,0.0121317963708141,-0.0006098965377723152,0.0006223311121321682,0.001668168930336833,0.012489018961787224,TRACKING,True,11
97198595221815,0.0020864469988737255,0.012312902237119165,-4.83628956116811e-05,0.0009507499543078663,0.012173523210784465,-0.0005553401377594675,0.0005666624186131553,0.0009519792511127889,0.012312902137637138,TRACKING,True,11
97198597304539,0.002082619001157582,0.011472853950152727,-0.0008864957675805448,0.0015513717714605868,0.012215177690754881,-0.0005008783459437644,0.0005110902621590877,0.0017867930000647902,0.01147285383194685,TRACKING,True,11
97198599399268,0.002095110001391731,0.012120077121751461,-0.0004801974003121398,-0.00020403888884422026,0.012257072270725127,-0.00044610263168286544,0.0004551977830226909,0.000521748443134129,0.012120077386498451,TRACKING,True,11
97198601483205,0.00208376299997326,0.012126617772453264,-0.0010487727283626667,9.460553375083074e-05,0.012298751010695528,-0.00039160912075628985,0.00039959326076990064,0.0010530310682952404,0.012126618064939976,TRACKING,True,11
97198603606354,0.002122881996911019,0.012617563311953647,-0.0007520821090415585,3.515680448195528e-05,0.01234121399066537,-0.0003360902431557443,0.0003429424667120719,0.0007529033464379609,0.012617562897503376,TRACKING,True,11
97198605695429,0.002090269001200795,0.013051578398694601,-4.666039063302296e-05,0.000544850631597462,0.012382995490635696,-0.00028146237708352804,0.00028720085008678627,0.0005468449671752751,0.013051578775048256,TRACKING,True,11
97198607796678,0.0021000510023441166,0.0129219052132918,-0.0005024692643282602,3.554153164480079e-05,0.01242502047060585,-0.00022651616933302694,0.00023113440144695058,0.0005037246737629175,0.012921905145049095,TRACKING,True,11
97198609889927,0.0020940660033375025,0.011437219347572452,0.00019457486252647254,7.132833446011786e-05,0.012466885450576117,-0.00017177915604829543,0.00017528141232053698,0.00020723685156553984,0.011437219567596912,TRACKING,True,11
97198611980689,0.0020906779973302037,0.012506166306506953,-0.0006624954873947865,0.0004290436976163969,0.01250870069054642,-0.00011710717609311012,0.00011949478242035837,0.0007892900612205267,0.012506166473031044,TRACKING,True,11
97198614030709,0.0020499209931585938,0.012862598276686286,2.691803576230985e-05,-0.0007300913404670623,0.0125497010905173,-6.35005712534731e-05,6.47952484571602e-05,0.0007305874605663121,0.012862598523497581,TRACKING,True,11
97198616093835,0.0020623059972422197,0.012169384851760914,-2.7111002454539344e-05,-0.0004091162037552645,0.012590963610487995,-9.551253580288932e-06,9.746014446098436e-06,0.0004100135120097548,0.012169384397566319,TRACKING,True,11
97198618156814,0.0020630920043913648,0.01282495746529959,0.0005027252718575555,-0.00037794665348635015,0.012632223190458692,1.6591280541274067e-11,1.3394467826555179e-11,0.0006289486191235483,0.012824957258999348,TRACKING,True,11
97198620221474,0.0020645760087063536,0.012582655134050626,-0.0003428202232752057,0.0005154371728514016,0.012673516390429365,1.6591280541274067e-11,1.3394467826555179e-11,0.0006190324202179909,0.012582655064761639,TRACKING,True,11
97198622285545,0.002064140993752517,0.013163074271817392,0.001330802527445313,3.5586352312293517e-06,0.012714797810400047,1.6591280541274067e-11,1.3394467826555179e-11,0.001330807339400053,0.013163073919713497,TRACKING,True,11
97198624364797,0.002079942001728341,0.012289374452075603,0.00020481116144155752,-0.00011619591668989646,0.012756382850370514,1.6591280541274067e-11,1.3394467826555179e-11,0.000235476327361539,0.012289374135434628,TRACKING,True,11
97198626444398,0.0020795229938812554,0.012893590515294354,0.0006220200814094426,-0.00014228582374548876,0.012797974870340973,1.6591280541274067e-11,1.3394467826555179e-11,0.0006380864069797099,0.01289359014481306,TRACKING,True,11
97198628524377,0.002099208999425173,0.013201220983194407,-0.0010579986151989713,0.0005296024930898087,0.01283957445031143,1.6591280541274067e-11,1.3394467826555179e-11,0.0011831483570858836,0.013201220892369747,TRACKING,True,11
97198630624332,0.002080699006910436,0.012949453261910535,-0.00011875685301797047,-0.00024897657016904537,0.012881573550281602,1.6591280541274067e-11,1.3394467826555179e-11,0.00027584872441366315,0.012949453666806221,TRACKING,True,11
97198632690581,0.00206579000223428,0.013632566838595208,-0.000251607687959712,0.0006359098006338247,0.012922898530252252,1.6591280541274067e-11,1.3394467826555179e-11,0.0006838769186288118,0.013632566668093204,TRACKING,True,11
97198634780491,0.0020910409948555753,0.01271337274810356,2.5572414880712286e-05,0.00018051030723357147,0.012964696730222566,1.6591280541274067e-11,1.3394467826555179e-11,0.0001823126949602738,0.012713372707366943,TRACKING,True,11
97198636869287,0.0020888559956802055,0.014022018911440181,0.0001282886267775083,0.00012235075486781942,0.013006472650192896,1.6591280541274067e-11,1.3394467826555179e-11,0.00017727853264659643,0.014022018760442734,TRACKING,True,11
97198638941311,0.0020709920063382015,0.013018834258480346,-0.000145980887126713,-0.00029815249861393973,0.013047913130163465,1.6591280541274067e-11,1.3394467826555179e-11,0.0003319718816783279,0.01301883440464735,TRACKING,True,11
97198641037131,0.0020962139969924465,0.013999341537086684,0.0007405137059777998,-0.0003378918976224715,0.013089829530133696,1.6591280541274067e-11,1.3394467826555179e-11,0.0008139603887684643,0.013999341987073421,TRACKING,True,11
97198643122536,0.002085291998810135,0.013218042795817305,-0.0005820791928446727,0.0004771644743420575,0.013131537630104075,1.6591280541274067e-11,1.3394467826555179e-11,0.0007526632980443537,0.013218042440712452,TRACKING,True,11
97198645198982,0.002076040007523261,0.013523385640116395,6.32994493747891e-05,-0.000396427984284983,0.01317306655007458,1.6591280541274067e-11,1.3394467826555179e-11,0.00040144985541701317,0.013523385860025883,TRACKING,True,11
97198647270971,0.002072010000119917,0.013604752916029077,0.0003159396415986461,-8.210636633650288e-05,0.013214506330045148,1.6591280541274067e-11,1.3394467826555179e-11,0.0003264342085458338,0.013604752719402313,TRACKING,True,11
97198649389476,0.0021184759971220046,0.013633121702840104,-0.0006644298926866788,-0.0002917727867094211,0.013256876430015057,1.6591280541274067e-11,1.3394467826555179e-11,0.0007256710669025779,0.013633121736347675,TRACKING,True,11
97198652323810,0.002934224990895018,0.012726968355671914,0.0009944480783798714,-1.6084299838448643e-05,0.013195106417120078,0.000930073538028613,-0.0008573471074069637,0.0009945782367140055,0.01272696815431118,TRACKING,True,11
97198654392196,0.0020684650080511346,0.013267952500608039,0.0014453626278236533,-0.0008104553647421609,0.013236474137090698,0.0008696912738814674,-0.0008016863904824793,0.0016570790903642774,0.01326795294880867,TRACKING,True,11
97198656476406,0.0020853449968853965,0.013081837571755921,0.0013219654690145384,-0.0004679363283346734,0.013278158337061093,0.0008088470606842585,-0.0007455998462778773,0.0014023398980498314,0.013081837445497513,TRACKING,True,11
97198658561532,0.002084940002532676,0.014035506338361417,0.0012409416454535955,-0.0010900767819090349,0.013319860857031476,0.0007479761067558906,-0.0006894886523141381,0.0016517274780198932,0.014035506173968315,TRACKING,True,11
97198660631204,0.0020685339986812323,0.012092864015619476,0.0007613973163709463,-0.00121706704644357,0.013361254297002077,0.000687556300490546,-0.0006337933288500788,0.0014356106985360384,0.012092864140868187,TRACKING,True,11
97198662709845,0.0020793889998458326,0.012702923959730631,-0.00010901932338491674,-0.0008941025637046404,0.013402827116972552,0.0006268746627647605,-0.0005778566476461705,0.0009007244952954352,0.012702924199402332,TRACKING,True,11
97198664788427,0.002078464996884577,0.01334862348438,0.000572880856718528,0.0005042594300192952,0.013444398756943027,0.0005661947474223137,-0.0005219215541450885,0.0007631972548551857,0.013348623178899288,TRACKING,True,11
97198666883783,0.0020957680098945275,0.01288389160241307,0.000503373187518036,-0.0010841071600623765,0.013486305876913265,0.0005050251497387545,-0.0004655350686573603,0.0011952711502090096,0.012883891351521015,TRACKING,True,11
97198668954341,0.0020695759885711595,0.013033429633132485,0.00048112958216991704,-0.00019746048725290214,0.013527717036883855,0.0004445794785303893,-0.0004098159027406858,0.0005200734012760222,0.013033430092036724,TRACKING,True,11
97198671034677,0.002081083002849482,0.012929563084041725,0.0009586920010046793,-0.0008161465908117032,0.013569323756854304,0.0003838483587747846,-0.0003538336087182865,0.0012590414844453335,0.012929563410580158,TRACKING,True,11
97198673101072,0.0020656230044551194,0.014092455920609093,0.0002999895221686591,0.00015727669821408223,0.013610651656824953,0.00032352421776709033,-0.0002982264700366428,0.0003387176839169115,0.014092455618083477,TRACKING,True,11
97198675164027,0.0020628710044547915,0.013937615284586004,0.00012233798724208876,-1.457697415087496e-06,0.01365191075679565,0.00026330050046593156,-0.00024271190250285083,0.00012234666792210191,0.013937614858150482,TRACKING,True,11
97198677225955,0.0020618669950636104,0.013023963635813186,-0.00044496634640878933,-0.0003633473563934771,0.013693149316766363,0.00020310676431204366,-0.00018722497176232745,0.0005744704976677895,0.013023963198065758,TRACKING,True,11
97198679288750,0.002063018997432664,0.014422507981191842,-0.00022882982443442703,-0.00042933929745533374,0.013734405216737062,0.00014288771788095625,-0.00013171470986331917,0.00048651345423422754,0.014422507956624031,TRACKING,True,11
97198681382095,0.0020941020047757775,0.01461034743156635,0.00010498423843731199,-7.35122298525546e-05,0.013776272116707329,8.177682719560713e-05,-7.538234082277986e-05,0.0001281629374716431,0.014610347338020802,TRACKING,True,11
97198683465867,0.0020837350020883605,0.01329439407748985,5.268078263050018e-05,0.000278746083566284,0.01381794755667773,2.0945400505218803e-05,-1.9307583293398482e-05,0.00028368053608573973,0.013294394128024578,TRACKING,True,11
97198685548754,0.002083047991618514,0.013832982508190293,0.0003835289319390389,0.0001656768504501897,0.013859605296648144,2.21945174912197e-11,-1.3603942083072196e-11,0.00041778376908041537,0.013832982629537582,TRACKING,True,11
97198687616891,0.0020672230020863935,0.014427337038517842,0.00041453697259433956,-6.548464683778136e-05,0.013900968036618768,2.21945174912197e-11,-1.3603942083072196e-11,0.0004196774389129132,0.014427336864173412,TRACKING,True,11
97198689711387,0.0020956740045221522,0.014378832625346779,0.0009037005212649401,0.00015308415168169013,0.013942857956589018,2.21945174912197e-11,-1.3603942083072196e-11,0.0009165748488157988,0.014378832653164864,TRACKING,True,11
97198691783163,0.0020706749928649515,0.013375150013726527,9.66330812949925e-05,-9.860728179744412e-05,0.013984293476559589,2.21945174912197e-11,-1.3603942083072196e-11,0.00013806285278405994,0.01337515003979206,TRACKING,True,11
97198693865296,0.0020829029963351786,0.015322500867608954,0.0003779976633351708,-0.0005531408258056069,0.014025936136530014,2.21945174912197e-11,-1.3603942083072196e-11,0.0006699604564346373,0.015322500839829445,TRACKING,True,11
97198695948592,0.002083017010590993,0.0139732949739381,0.0007303233778296663,-0.0005817942077063958,0.014067602056500423,2.21945174912197e-11,-1.3603942083072196e-11,0.0009337326628156006,0.013973294757306576,TRACKING,True,11
97198698032008,0.0020833860035054386,0.013861949587794591,-1.2392268385515818e-06,-7.648118316822362e-05,0.01410927037647083,2.21945174912197e-11,-1.3603942083072196e-11,7.649122562725097e-05,0.013861949555575848,TRACKING,True,11
97198700096606,0.002063902997178957,0.013851254218140029,6.230912016256772e-05,-0.0007091826931523898,0.014150562336441503,2.21945174912197e-11,-1.3603942083072196e-11,0.0007119146757759154,0.013851254247128963,TRACKING,True,11
97198702161413,0.0020649469952331856,0.013898267709820757,-0.0003040205469918999,-0.00015578027680330066,0.014191858476412175,2.21945174912197e-11,-1.3603942083072196e-11,0.0003416079271119088,0.013898267410695553,TRACKING,True,11
97198704229149,0.0020678069995483384,0.01407800409905988,-7.695593959001228e-06,-0.0001808667423440346,0.014233213196382804,2.21945174912197e-11,-1.3603942083072196e-11,0.00018103038019035012,0.014078004285693169,TRACKING,True,11
97198706293655,0.0020643239986384287,0.014058250493091133,0.00017261457443853493,0.000441577924921589,0.014274503316353479,2.21945174912197e-11,-1.3603942083072196e-11,0.00047411693958565593,0.014058250933885574,TRACKING,True,11
97198708359270,0.0020658599969465286,0.014788055299552775,-0.0005851050595428572,0.0001142922651891904,0.014315815616324138,2.21945174912197e-11,-1.3603942083072196e-11,0.0005961632705293596,0.01478805486112833,TRACKING,True,11
97198710441089,0.002082343999063596,0.014721359297967893,-0.00014308883585416261,0.00022368639896347238,0.014357451996294568,2.21945174912197e-11,-1.3603942083072196e-11,0.0002655372372828424,0.014721359126269817,TRACKING,True,11
97198712523573,0.002082264007185586,0.014279090975881604,0.00017812575839937868,-0.0007718036882515788,0.01439910167626499,2.21945174912197e-11,-1.3603942083072196e-11,0.0007920919451862574,0.01427909079939127,TRACKING,True,11
97198714605311,0.002081682992866263,0.014660739234705374,-0.00025180130216896553,-0.00037854605687096367,0.014440736436235418,2.21945174912197e-11,-1.3603942083072196e-11,0.0004546438285615295,0.014660739339888096,TRACKING,True,11
97198716669281,0.00206339500437025,0.014321257313038682,0.00048181154751784845,0.00046014596146584245,0.014482015836206102,2.21945174912197e-11,-1.3603942083072196e-11,0.0006662406958639622,0.01432125736027956,TRACKING,True,11
97198718732749,0.0020635850087273866,0.014636010194098154,0.00042035480052002706,-0.00021528665597377535,0.014523285196176792,2.21945174912197e-11,-1.3603942083072196e-11,0.0004722780140582472,0.014636009931564331,TRACKING,True,11
97198720817097,0.00208496798586566,0.013930680867671413,-0.0009448168083013134,-2.794296854133657e-05,0.014564972156147186,2.21945174912197e-11,-1.3603942083072196e-11,0.0009452298982068896,0.01393068116158247,TRACKING,True,11
97198722885665,0.0020680090092355385,0.014520589732402856,5.3982842527790786e-06,2.0980224857765842e-05,0.014606343516117804,2.21945174912197e-11,-1.3603942083072196e-11,2.1663596271537244e-05,0.01452059019356966,TRACKING,True,11
97198724949823,0.002064161002635956,0.015243829677632641,-0.000473057666418894,-0.00040005961412643983,0.014647626676088484,2.21945174912197e-11,-1.3603942083072196e-11,0.0006195411551743746,0.015243829227983952,TRACKING,True,11
97198727045851,0.0020967609889339656,0.015634588979499073,0.0003710754538862614,-0.0001642605302179983,0.014689547236058711,2.21945174912197e-11,-1.3603942083072196e-11,0.0004058060294482857,0.01563458889722824,TRACKING,True,11
97198729115023,0.00206845800857991,0.013698326520480576,-0.00043909825086841666,-0.00019417430650621665,0.01473093067602932,2.21945174912197e-11,-1.3603942083072196e-11,0.0004801155300810933,0.013698326423764229,TRACKING,True,11
97198731184119,0.0020691340032499284,0.014715796883546786,8.007683652354753e-05,-0.000128763905603957,0.014772312595999931,2.21945174912197e-11,-1.3603942083072196e-11,0.00015163258649408817,0.014715797267854214,TRACKING,True,11
97198733253120,0.002068925998173654,0.015371609335452941,-0.000608842193413376,-0.00015780719720013864,0.014813692615970542,2.21945174912197e-11,-1.3603942083072196e-11,0.0006289609591476619,0.015371609479188919,TRACKING,True,11
97198735321873,0.0020688079966930673,0.014499287404532187,0.0003703677067207073,7.164877669441393e-05,0.014855067675941157,2.21945174912197e-11,-1.3603942083072196e-11,0.00037723439163528383,0.014499287120997906,TRACKING,True,11
97198737390056,0.0020682850008597597,0.015273796616164608,2.156538148962248e-05,0.001858820215003532,0.014896431335911781,2.21945174912197e-11,-1.3603942083072196e-11,0.0018589453538879752,0.015273796394467354,TRACKING,True,11
97198739473423,0.0020839299977524206,0.015281335656268477,-0.00039340500361205634,-1.9841129034033287e-05,0.014938098675882187,2.21945174912197e-11,-1.3603942083072196e-11,0.00039390500751324,0.015281335450708866,TRACKING,True,11
97198741556614,0.0020830309949815273,0.014762116826091982,0.00036203255892276195,0.0004687692091275843,0.014979762495852597,2.21945174912197e-11,-1.3603942083072196e-11,0.0005922939744777977,0.014762116596102715,TRACKING,True,11
97198743640160,0.0020837520132772624,0.015196865970024205,-0.00010519803456286348,-0.0003485458937334528,0.015021433415823002,2.21945174912197e-11,-1.3603942083072196e-11,0.0003640753566287458,0.015196866355836391,TRACKING,True,11
97198745724265,0.0020840279903495684,0.015851235128534574,0.0005453528327870648,-0.0014770983777428913,0.0150631155157934,2.21945174912197e-11,-1.3603942083072196e-11,0.0015745568089187145,0.015851235017180443,TRACKING,True,11
97198747806412,0.002082100007100962,0.015126601371917164,-0.0004310329321501013,-0.00019876510897874505,0.015104758455763824,2.21945174912197e-11,-1.3603942083072196e-11,0.00047465457464568317,0.015126601792871952,TRACKING,True,11
97198749875290,0.0020682109898189083,0.015982368460371807,-0.0005764830525435775,-0.0005296878281955741,0.015146136015734437,2.21945174912197e-11,-1.3603942083072196e-11,0.0007828805246390402,0.0159823689609766,TRACKING,True,11
97198751962368,0.002087750006467104,0.01640622617294135,-0.0002456147362238048,-0.00012493914429125604,0.015187877575704792,2.21945174912197e-11,-1.3603942083072196e-11,0.0002755655732471496,0.01640622690320015,TRACKING,True,11
97198754020189,0.002057303994661197,0.015794604449181363,-0.0002601794635818441,1.3445955586809093e-05,0.015229033995675562,2.21945174912197e-11,-1.3603942083072196e-11,0.0002605266636237502,0.015794605016708374,TRACKING,True,11
97198756097743,0.002077422002912499,0.0153896295710518,0.000701129280688011,-0.0008105675539885208,0.015270585075646053,2.21945174912197e-11,-1.3603942083072196e-11,0.0010717285331338644,0.015389629639685154,TRACKING,True,11
97198758168414,0.0020707280054921284,0.014892951530681016,-6.590972666706563e-05,0.00045399693252143645,0.01531199849561664,2.21945174912197e-11,-1.3603942083072196e-11,0.0004587562580127269,0.01489295158535242,TRACKING,True,11
97198760235195,0.002066601999104023,0.015031291195488326,0.0002306824472362638,-0.00025709392288787535,0.015353334115587284,2.21945174912197e-11,-1.3603942083072196e-11,0.0003454152320045978,0.015031291171908379,TRACKING,True,11
97198762297909,0.002062783998553641,0.015197093823492663,0.0006370351798019991,-0.0001179430562585942,0.015394588395557985,2.21945174912197e-11,-1.3603942083072196e-11,0.0006478613940998912,0.015197093598544598,TRACKING,True,11
97198764378201,0.0020808879926335067,0.01691699478514167,0.0001796373418132374,0.0005629249010513192,0.015436194235528436,2.21945174912197e-11,-1.3603942083072196e-11,0.0005908925668336451,0.016916994005441666,TRACKING,True,11
97198766459358,0.0020812870061490685,0.015848837450621652,-0.0007779972760288712,-0.0007701099672738686,0.015477817375498875,2.21945174912197e-11,-1.3603942083072196e-11,0.0010946912225335836,0.015848837792873383,TRACKING,True,11
97198768541604,0.002082221006276086,0.015763050139928306,-0.0005528978583452361,-0.00027384373255065454,0.015519462295469298,2.21945174912197e-11,-1.3603942083072196e-11,0.0006169979460537434,0.015763049945235252,TRACKING,True,11
97198770624212,0.00208265999390278,0.015392854894826726,-0.0004584743734308165,0.0005916338994886833,0.015561114455439716,2.21945174912197e-11,-1.3603942083072196e-11,0.0007484847446903586,0.015392854809761047,TRACKING,True,11
97198772706471,0.0020821600046474487,0.015992285081646716,8.738924802818902e-05,0.00028060886640902797,0.015602759635410138,2.21945174912197e-11,-1.3603942083072196e-11,0.00029390171403065324,0.015992285683751106,TRACKING,True,11
97198774771252,0.002064061991404742,0.015190642300857387,0.00043721143150916446,-0.00042531757640963864,0.01564405525538081,2.21945174912197e-11,-1.3603942083072196e-11,0.000609958078712225,0.015190642327070236,TRACKING,True,11
97198776853178,0.0020827380067203194,0.016466176055535627,-0.00033393890708719153,-0.00027740539046721324,0.01568569377535124,2.21945174912197e-11,-1.3603942083072196e-11,0.0004341301100794226,0.016466176137328148,TRACKING,True,11
97198778937048,0.002083632003632374,0.01630972771302967,0.0003246277673291588,-0.0004774263233974755,0.01572737117532164,2.21945174912197e-11,-1.3603942083072196e-11,0.0005773379234597087,0.016309726983308792,TRACKING,True,11
97198781030323,0.0020927609875798225,0.01607113506331115,-3.1087720000736304e-07,9.18182521411629e-06,0.015769236675291905,2.21945174912197e-11,-1.3603942083072196e-11,9.187087016471196e-06,0.01607113517820835,TRACKING,True,11
97198783107322,0.0020774779986822978,0.016120813954975517,0.00030891428049033927,0.0005102859771682158,0.015810776655262402,2.21945174912197e-11,-1.3603942083072196e-11,0.0005965063464827836,0.01612081378698349,TRACKING,True,11
97198785202026,0.0020949360041413456,0.01609493536562893,0.0001645680494248977,-4.9296456129758344e-05,0.01585267073523265,2.21945174912197e-11,-1.3603942083072196e-11,0.0001717928535072133,0.016094936057925224,TRACKING,True,11
97198787300646,0.0020984370057703927,0.01664435373710349,-0.00038824103510030477,0.0009575436323991869,0.015894643135202842,2.21945174912197e-11,-1.3603942083072196e-11,0.0010332573438063264,0.016644353047013283,TRACKING,True,11
97198789377648,0.0020768800022779033,0.01702933059442243,0.0010864601930200917,-6.67050420796319e-05,0.015936183175173337,2.21945174912197e-11,-1.3603942083072196e-11,0.0010885060764849186,0.017029330134391785,TRACKING,True,11
97198791486598,0.0021088979992782697,0.017033393599799582,0.0005771750467377612,0.0005393601042619999,0.015978362175143382,2.21945174912197e-11,-1.3603942083072196e-11,0.0007899622432887554,0.017033394426107407,TRACKING,True,11
97198793606944,0.002120238001225516,0.017671127861175577,0.00010277431420776704,0.00029057453405126376,0.016020769095113265,2.21945174912197e-11,-1.3603942083072196e-11,0.00030821439577266574,0.01767112873494625,TRACKING,True,11
97198795689558,0.0020827429980272427,0.015437980814621164,-0.0011065809347010301,0.00014927365490674023,0.016062421375083683,2.21945174912197e-11,-1.3603942083072196e-11,0.001116603729315102,0.015437981113791466,TRACKING,True,11
97198797769276,0.002079735990264453,0.01632393935450814,0.0003581769134058499,0.0001574976720226497,0.016104015735054142,2.21945174912197e-11,-1.3603942083072196e-11,0.00039127509808167815,0.016323938965797424,TRACKING,True,11
97198799858666,0.002089692003210075,0.015155103753264614,0.00019286371635329825,0.0005668580487871246,0.016145803535024466,2.21945174912197e-11,-1.3603942083072196e-11,0.0005987691110931337,0.015155103988945484,TRACKING,True,11
97198801946859,0.002088078996166587,0.016979321034705022,-0.0004694060333923001,-0.00044127584312111414,0.016187567394994804,2.21945174912197e-11,-1.3603942083072196e-11,0.0006442564772441983,0.016979321837425232,TRACKING,True,11
97198804011769,0.0020642410090658814,0.015885906280438566,-0.00031583394827954783,-0.0008071780923326861,0.01622886559496547,2.21945174912197e-11,-1.3603942083072196e-11,0.0008667684160172939,0.015885906293988228,TRACKING,True,11
97198806077489,0.0020656870037782937,0.015930801136051078,0.0007949730907725006,-0.0005279689580274281,0.01627017999493613,2.21945174912197e-11,-1.3603942083072196e-11,0.0009543235646560788,0.01593080163002014,TRACKING,True,11
97198808140570,0.0020630569924833253,0.015377501371868866,-0.00013729323338345246,-0.00025256570043341706,0.016311441614906826,2.21945174912197e-11,-1.3603942083072196e-11,0.00028746973839588463,0.015377501025795937,TRACKING,True,11
97198810204993,0.0020644850010285154,0.016693128529513157,-0.0003717629594214328,-9.090456684918072e-05,0.016352730074877503,2.21945174912197e-11,-1.3603942083072196e-11,0.00038271574885584414,0.016693128272891045,TRACKING,True,11
97198812274166,0.002069184003630653,0.015973236418964316,-0.00048785526387690913,0.00018420539655491613,0.016394113534848112,2.21945174912197e-11,-1.3603942083072196e-11,0.0005214732955209911,0.01597323641180992,TRACKING,True,11
97198814355418,0.002081999002257362,0.016495853577955574,-2.8278240216520008e-05,0.0002578233602521409,0.01643573857481855,2.21945174912197e-11,-1.3603942083072196e-11,0.0002593694953247905,0.016495853662490845,TRACKING,True,11
97198816438617,0.002083273997413926,0.016062306546136874,8.095661654799466e-06,0.00010064287283133573,0.01647740255478896,2.21945174912197e-11,-1.3603942083072196e-11,0.0001009679472190328,0.016062306240200996,TRACKING,True,11
97198818523002,0.002084407999063842,0.017109200895534186,-0.0009496783992501308,-0.00017852743912884713,0.016519090254759353,2.21945174912197e-11,-1.3603942083072196e-11,0.0009663131786510348,0.017109200358390808,TRACKING,True,11
97198820605081,0.002082145001622848,0.016783106489026672,-0.0002918310989506833,4.305678215396339e-05,0.016560731834729777,2.21945174912197e-11,-1.3603942083072196e-11,0.00029499028460122645,0.016783107072114944,TRACKING,True,11
97198822689634,0.0020844259997829795,0.01694336079942807,0.00023744562323530438,-0.0008668099571968635,0.01660242289470017,2.21945174912197e-11,-1.3603942083072196e-11,0.0008987435721792281,0.01694336161017418,TRACKING,True,11
97198824775229,0.0020854850008618087,0.016037032630610848,-0.0014169279256763037,0.0003241388911882539,0.016644134794670546,2.21945174912197e-11,-1.3603942083072196e-11,0.0014535303926095366,0.01603703200817108,TRACKING,True,11
97198826844844,0.0020690149976871908,0.016788249145878183,0.0006714908431012651,2.2956998566606825e-05,0.016685527094641148,2.21945174912197e-11,-1.3603942083072196e-11,0.000671883171889931,0.01678824983537197,TRACKING,True,11
97198828929555,0.002085362997604534,0.016151016395535317,0.0005343304404073384,-0.000664606744937698,0.016727221314611535,2.21945174912197e-11,-1.3603942083072196e-11,0.000852766796015203,0.01615101657807827,TRACKING,True,11
97198831026087,0.002095924995956011,0.016764513725165214,-0.00010708037635656028,0.0003861792500598691,0.016769151954581757,2.21945174912197e-11,-1.3603942083072196e-11,0.00040075008291751146,0.01676451414823532,TRACKING,True,11
97198833089590,0.0020634130050893873,0.017263638382523473,-0.00021563929631662158,-0.0003706047705556722,0.016810422014552445,2.21945174912197e-11,-1.3603942083072196e-11,0.00042877523810602725,0.017263637855648994,TRACKING,True,11
97198835154520,0.002064932996290736,0.016823632896136267,-0.0002930539848765382,0.00047378457708460644,0.016851720614523114,2.21945174912197e-11,-1.3603942083072196e-11,0.0005570928333327174,0.016823632642626762,TRACKING,True,11
97198837223138,0.0020686770003521815,0.01707965429922253,0.0006966961321735435,0.0013066585972884336,0.01689309297449373,2.21945174912197e-11,-1.3603942083072196e-11,0.0014807910192757845,0.017079655081033707,TRACKING,True,11
97198839291043,0.0020679930021287873,0.016497288514100643,-0.0003047054176148311,0.00023754734309200168,0.016934451074464358,2.21945174912197e-11,-1.3603942083072196e-11,0.0003863601014018059,0.016497287899255753,TRACKING,True,11
97198841357320,0.002066180997644551,0.017174897161275817,-0.00017627514042616076,-0.000864056569263533,0.016975776614435008,2.21945174912197e-11,-1.3603942083072196e-11,0.0008818540954962373,0.017174897715449333,TRACKING,True,11
97198843440702,0.0020840079960180447,0.018291647852499385,3.9731436304237066e-05,-0.0005895892809525661,0.017017444254405416,2.21945174912197e-11,-1.3603942083072196e-11,0.0005909265018999577,0.018291648477315903,TRACKING,True,11
97198845520478,0.0020797260076506063,0.01585052463941439,0.0007014863277455727,0.00016313209272216878,0.017059039774375874,2.21945174912197e-11,-1.3603942083072196e-11,0.000720204901881516,0.015850525349378586,TRACKING,True,11
97198847601506,0.0020809910056414083,0.01709990015893227,-0.0005247927808582451,-5.487429696769042e-05,0.017100660334346315,2.21945174912197e-11,-1.3603942083072196e-11,0.0005276539013721049,0.017099900171160698,TRACKING,True,11
97198849686872,0.0020853969908785075,0.01694373086386883,-0.0012589983080694715,0.001342781126111886,0.017142367654316693,2.21945174912197e-11,-1.3603942083072196e-11,0.0018406895687803626,0.016943730413913727,TRACKING,True,11
97198851753284,0.002065830005449243,0.017401748642053107,-0.00017571765580687317,-0.0004897655604392106,0.017183695894287344,2.21945174912197e-11,-1.3603942083072196e-11,0.0005203335313126445,0.01740174926817417,TRACKING,True,11
97198853817807,0.002064517990220338,0.016917040775191634,0.0012166659615248526,0.00019516295429755523,0.01722498635425802,2.21945174912197e-11,-1.3603942083072196e-11,0.0012322193942964077,0.016917040571570396,TRACKING,True,11
97198855898257,0.002081047001411207,0.016590875320308552,0.00044460089448412443,0.00024683206239624935,0.017266595354228465,2.21945174912197e-11,-1.3603942083072196e-11,0.0005085233715362847,0.016590874642133713,TRACKING,True,11
97198857978508,0.002080183010548353,0.017569522001960842,-7.050835924858857e-05,-8.954211511845138e-05,0.017308200374198918,2.21945174912197e-11,-1.3603942083072196e-11,0.00011397025809856132,0.017569521442055702,TRACKING,True,11
97198860026980,0.0020484439883148298,0.01745288938399779,-0.00011029090466739935,-0.0007156988187670368,0.017349169814169823,2.21945174912197e-11,-1.3603942083072196e-11,0.0007241470157168806,0.017452890053391457,TRACKING,True,11
97198862098836,0.00207169700297527,0.016881157585459043,-4.549671701053036e-07,-0.0008116052919883741,0.017390606934140393,2.21945174912197e-11,-1.3603942083072196e-11,0.0008116054232232273,0.016881156712770462,TRACKING,True,11
97198864188496,0.0020904830016661435,0.017359426430052713,-0.0001655333293433099,0.00036449341036285933,0.01743240013411071,2.21945174912197e-11,-1.3603942083072196e-11,0.0004003207723144442,0.017359426245093346,TRACKING,True,11
97198866275801,0.0020866200065938756,0.017550411461655934,-0.0001556040313163171,-0.00015464722026734568,0.017474146234081063,2.21945174912197e-11,-1.3603942083072196e-11,0.00021938180725555867,0.017550410702824593,TRACKING,True,11
97198868394806,0.002119071999914013,0.017728909439916417,0.00046785347704287526,-0.0005466665652933631,0.017516526334050965,2.21945174912197e-11,-1.3603942083072196e-11,0.0007195353973656893,0.017728909850120544,TRACKING,True,11
97198870477038,0.0020819089986616746,0.01677958461038665,-0.00038161444102106175,-0.0011707392674401955,0.017558170974021386,2.21945174912197e-11,-1.3603942083072196e-11,0.0012313651386648417,0.01677958481013775,TRACKING,True,11
97198872562695,0.0020862639939878136,0.017198013936135084,0.00041457596295843964,0.0004893071861507772,0.017599884113991764,2.21945174912197e-11,-1.3603942083072196e-11,0.0006413226365111768,0.01719801314175129,TRACKING,True,11
97198874645367,0.002082500999676995,0.018411174096679417,2.8081682435170986e-05,7.31981935851693e-05,0.01764153755396218,2.21945174912197e-11,-1.3603942083072196e-11,7.839997851988301e-05,0.018411174416542053,TRACKING,True,11
97198876734692,0.0020892930042464286,0.017379518055155713,-0.00026916044544993703,0.00013977202623349867,0.0176833240539325,2.21945174912197e-11,-1.3603942083072196e-11,0.00030328790307976305,0.0173795185983181,TRACKING,True,11
97198878829849,0.002095845004078001,0.01817931563298306,0.0002107087640803548,-0.0010292468876346031,0.01772522719390274,2.21945174912197e-11,-1.3603942083072196e-11,0.0010505936807021499,0.018179316073656082,TRACKING,True,11
97198880934136,0.0021035969984950498,0.01801110612265102,-4.724063962616127e-06,-0.0003052142713943678,0.017767312933872854,2.21945174912197e-11,-1.3603942083072196e-11,0.0003052508400287479,0.018011106178164482,TRACKING,True,11
97198883040527,0.002106175001244992,0.017873814240227347,0.00044628412905753183,6.387576695729026e-05,0.017809440753842932,2.21945174912197e-11,-1.3603942083072196e-11,0.000450832158094272,0.017873814329504967,TRACKING,True,11
97198885225337,0.002185108998673968,0.01748002991690083,0.0016835878601538555,-0.000327007125776836,0.0178531369538119,2.21945174912197e-11,-1.3603942083072196e-11,0.0017150515923276544,0.0174800306558609,TRACKING,True,11
97198887310260,0.002084437001030892,0.018120694012874132,0.0006272269840475025,-0.00044348760298752407,0.017894835413782284,2.21945174912197e-11,-1.3603942083072196e-11,0.0007681763963773847,0.018120694905519485,TRACKING,True,11
97198889413074,0.0021031859942013398,0.01820550058946221,-0.0004373022822856299,-0.0001431546098587891,0.017936891693752417,2.21945174912197e-11,-1.3603942083072196e-11,0.0004601375258062035,0.01820550113916397,TRACKING,True,11
97198891522366,0.0021089759975438938,0.01758693917759351,0.0008789539656112992,-0.0007037336118086448,0.017979077533722455,2.21945174912197e-11,-1.3603942083072196e-11,0.001125966664403677,0.01758693903684616,TRACKING,True,11
97198893771177,0.002249145007226616,0.018274903490364747,8.634066007885241e-06,-0.0010096603457730082,0.01802405375369051,2.21945174912197e-11,-1.3603942083072196e-11,0.0010096972109749913,0.018274903297424316,TRACKING,True,11
97198895883631,0.002112098998622969,0.018931285103383023,-0.0002967819069342727,-0.0001417935599967294,0.018066302833660508,2.21945174912197e-11,-1.3603942083072196e-11,0.0003289147571194917,0.018931284546852112,TRACKING,True,11
97198897990686,0.002107769003487192,0.018207999368110152,-0.00046740933139914875,-0.0004010612440975334,0.018108443933630577,2.21945174912197e-11,-1.3603942083072196e-11,0.0006158908945508301,0.01820799894630909,TRACKING,True,11
97198900047905,0.0020576359966071323,0.018120804225411156,-0.00045379412378281547,3.9352312410918856e-05,0.018149588313601358,2.21945174912197e-11,-1.3603942083072196e-11,0.00045549721107818186,0.01812080480158329,TRACKING,True,11
97198902122360,0.002073447991278954,0.018819856641757088,-0.0005219063904697645,-0.0008089973095170589,0.018191077413571892,2.21945174912197e-11,-1.3603942083072196e-11,0.0009627372492104769,0.018819857388734818,TRACKING,True,11
97198904190914,0.0020684330083895475,0.018155285298344724,0.00019190844328267388,0.00032730652327485343,0.01823244849354251,2.21945174912197e-11,-1.3603942083072196e-11,0.00037941851769573987,0.018155286088585854,TRACKING,True,11
97198906258768,0.00206775899278,0.017710547038245553,-0.0011981278215889332,0.0004322877867160903,0.018273805573513137,2.21945174912197e-11,-1.3603942083072196e-11,0.001273728092201054,0.017710547894239426,TRACKING,True,11
97198908339942,0.0020816790056414902,0.018663719702252054,0.0007511870750022317,-0.000497044685990698,0.018315429053483576,2.21945174912197e-11,-1.3603942083072196e-11,0.0009007416083477437,0.018663719296455383,TRACKING,True,11
97198910419970,0.0020801000064238906,0.01862986759366122,0.0004965627143389276,-0.0009366878329080565,0.01835702961345403,2.21945174912197e-11,-1.3603942083072196e-11,0.001060169073753059,0.01862986758351326,TRACKING,True,11
97198912487382,0.002066702989395708,0.018919250101669085,0.000709138579406402,0.0002812086657630973,0.018398377853424665,2.21945174912197e-11,-1.3603942083072196e-11,0.0007628602907061577,0.01891924999654293,TRACKING,True,11
97198914566098,0.002079263998894021,0.018700334633664946,0.00036229127323293513,-0.0001420781587990032,0.018439952173395138,2.21945174912197e-11,-1.3603942083072196e-11,0.0003891544183716178,0.018700335174798965,TRACKING,True,11
97198916633151,0.0020666830096160993,0.01774652768765307,-0.000476347442172948,-0.00010076931821553745,0.018481293233365777,2.21945174912197e-11,-1.3603942083072196e-11,0.0004868894466198981,0.01774652861058712,TRACKING,True,11
97198918698544,0.002065166991087608,0.018084478145711524,0.0005043131308142635,-0.00021683043492749514,0.01852260109333644,2.21945174912197e-11,-1.3603942083072196e-11,0.0005489509785547853,0.01808447763323784,TRACKING,True,11
97198920777983,0.002079971003695391,0.01849606637833055,-0.0009013478587752082,0.0001876548446599529,0.0185641898733069,2.21945174912197e-11,-1.3603942083072196e-11,0.0009206748800352216,0.018496066331863403,TRACKING,True,11
97198922857214,0.0020793099974980578,0.01824024607036532,0.0007469166422740583,-0.0008769306876037822,0.01860577449327737,2.21945174912197e-11,-1.3603942083072196e-11,0.0011519079562276602,0.018240246921777725,TRACKING,True,11
97198924936840,0.002079651996609755,0.018798682112789192,-0.00021528448537198373,-0.00019370768240439506,0.01864736701324783,2.21945174912197e-11,-1.3603942083072196e-11,0.0002896033111028373,0.01879868283867836,TRACKING,True,11
97198927029300,0.00209179800003767,0.019532438241683152,0.00046982789901066076,-0.00043911640230749274,0.018689216213218108,2.21945174912197e-11,-1.3603942083072196e-11,0.0006430874345824122,0.01953243836760521,TRACKING,True,11
97198929094879,0.0020656100095948204,0.019419226663002782,-0.00033885885404073336,0.00038804397899230706,0.01873052779318877,2.21945174912197e-11,-1.3603942083072196e-11,0.0005151732475496829,0.019419226795434952,TRACKING,True,11
97198931161204,0.002066415996523574,0.017888850559405065,-0.00017341940988653678,-0.00015701622996971705,0.018771854293159418,2.21945174912197e-11,-1.3603942083072196e-11,0.00023394098388962448,0.017888851463794708,TRACKING,True,11
97198933227704,0.0020665119955083355,0.018636534307089107,-0.0008091983326523637,-0.0009626277189959275,0.018813184293130066,2.21945174912197e-11,-1.3603942083072196e-11,0.0012575588189065456,0.018636533990502357,TRACKING,True,11
97198935292751,0.002064986008917913,0.018834627300763053,0.0002930551373309399,5.834994036145173e-06,0.01885448523310073,2.21945174912197e-11,-1.3603942083072196e-11,0.0002931132330559194,0.01883462816476822,TRACKING,True,11
97198937369474,0.0020772650022991,0.018713900212439297,-0.0007665245816838532,-0.00014606953309035845,0.018896019693071236,2.21945174912197e-11,-1.3603942083072196e-11,0.0007803180487826467,0.018713900819420815,TRACKING,True,11
97198939447985,0.0020786259992746636,0.01864743178775747,-0.0003714243025565815,7.819217330088315e-05,0.01893758991304171,2.21945174912197e-11,-1.3603942083072196e-11,0.0003795656084548682,0.018647432327270508,TRACKING,True,11
97198941526123,0.0020781009952770546,0.019055077434336667,0.0001905004728155737,-0.00013909599931619413,0.018979152673012194,2.21945174912197e-11,-1.3603942083072196e-11,0.00023587734904140234,0.01905507780611515,TRACKING,True,11
97198943605814,0.0020798500045202672,0.01859267047287612,-0.00010962333486585917,-0.00016651882041114803,0.019020746492982653,2.21945174912197e-11,-1.3603942083072196e-11,0.0001993634650716558,0.018592670559883118,TRACKING,True,11
97198945683702,0.0020770669943885878,0.018229097040485483,-0.000185790348611639,-0.0008432887796725749,0.019062304252953136,2.21945174912197e-11,-1.3603942083072196e-11,0.0008635125705040991,0.01822909712791443,TRACKING,True,11
97198947765429,0.0020823399972869083,0.018104323865539274,-0.00042407899222121116,-0.00033403794795398395,0.019103938792923568,2.21945174912197e-11,-1.3603942083072196e-11,0.0005398372886702418,0.018104324117302895,TRACKING,True,11
97198949830261,0.002064291009446606,0.019481630430739957,-0.00016713136392950163,0.0002527437271425747,0.019145235432894238,2.21945174912197e-11,-1.3603942083072196e-11,0.00030300542130135,0.019481630995869637,TRACKING,True,11
97198951908520,0.0020787510002264753,0.019896750395818504,4.777214492010256e-05,0.0001777207069205759,0.019186800612864718,2.21945174912197e-11,-1.3603942083072196e-11,0.0001840294135035947,0.019896751269698143,TRACKING,True,11
97198953973579,0.002064508997136727,0.018869726112304353,0.00039849434555756487,1.6735501565691708e-05,0.019228101792835385,2.21945174912197e-11,-1.3603942083072196e-11,0.0003988456155639142,0.018869725987315178,TRACKING,True,11
97198956030263,0.002057420992059633,0.019289406702596414,-0.0005768417113798825,-0.00048088964738685655,0.019269235472806172,2.21945174912197e-11,-1.3603942083072196e-11,0.0007510001305490732,0.019289406016469002,TRACKING,True,11
97198958093677,0.002062583007500507,0.018961020281485413,3.925683541069687e-05,0.0005328392958669706,0.019310503752776865,2.21945174912197e-11,-1.3603942083072196e-11,0.0005342834047041833,0.018961019814014435,TRACKING,True,11
97198960154203,0.0020605009922292084,0.018581196137292092,-0.00019593750357204794,-0.00016803361849009223,0.019351714272747594,2.21945174912197e-11,-1.3603942083072196e-11,0.0002581216976977885,0.018581196665763855,TRACKING,True,11
97198962213447,0.0020592080109054223,0.020518827706369515,-0.00011350355394260262,-0.0002822793666966647,0.019392899152718347,2.21945174912197e-11,-1.3603942083072196e-11,0.0003042444586753845,0.020518828183412552,TRACKING,True,11
97198964271836,0.0020584119920386,0.01979306079315845,-0.0005688724346634305,0.0002566769557335513,0.019434066932689106,2.21945174912197e-11,-1.3603942083072196e-11,0.0006240984657779336,0.019793061539530754,TRACKING,True,11
97198966348823,0.002077562006888911,0.01862357125968514,0.0009976819786275421,-3.7156478658859505e-05,0.019475606672659605,2.21945174912197e-11,-1.3603942083072196e-11,0.0009983736090362072,0.01862357184290886,TRACKING,True,11
97198968407731,0.0020582879951689392,0.019288215188816984,-0.0006720199845382844,-9.035400410000348e-05,0.019516784832630363,2.21945174912197e-11,-1.3603942083072196e-11,0.0006780668627470732,0.019288215786218643,TRACKING,True,11
97198970467020,0.0020593170047504827,0.019584810338385994,-0.0003800910648776615,0.0005817091738054564,0.01955797061260111,2.21945174912197e-11,-1.3603942083072196e-11,0.000694877584464848,0.019584810361266136,TRACKING,True,11
97198972526243,0.002059214995824732,0.019420274213206253,3.250716928772395e-05,0.00012812786479524308,0.019599155072571862,2.21945174912197e-11,-1.3603942083072196e-11,0.00013218724052421749,0.01942027360200882,TRACKING,True,11
97198974584288,0.002058070997009054,0.020306731322428787,-0.00020483989377704107,2.165276685622118e-05,0.019640315972542628,2.21945174912197e-11,-1.3603942083072196e-11,0.00020598112314473838,0.020306730642914772,TRACKING,True,11
97198976684296,0.0021003830042900518,0.019816132175151574,0.00029397295748814756,-0.0009303065638594349,0.019682316132512798,2.21945174912197e-11,-1.3603942083072196e-11,0.0009756486979313195,0.01981613226234913,TRACKING,True,11
97198978750202,0.002065769993350841,0.02028674911483184,-7.281835306788493e-05,-0.00037264538303109703,0.019723634252483455,2.21945174912197e-11,-1.3603942083072196e-11,0.00037969343247823417,0.020286748185753822,TRACKING,True,11
97198980834725,0.0020857920026173815,0.019738923204270828,-0.000972151364115406,-0.0003945518453741567,0.019765324712453847,2.21945174912197e-11,-1.3603942083072196e-11,0.0010491660796105862,0.019738923758268356,TRACKING,True,11
97198982900577,0.0020645619952119887,0.019890236964716815,0.0006696792415690487,-5.093744851259614e-05,0.0198066417524245,2.21945174912197e-11,-1.3603942083072196e-11,0.0006716136704199016,0.019890237599611282,TRACKING,True,11
97198984964334,0.0020637510024243966,0.02003654465090471,-0.00015630003831094288,0.00042205868070885105,0.01984791689239519,2.21945174912197e-11,-1.3603942083072196e-11,0.00045007027802057564,0.020036544650793076,TRACKING,True,11
97198987043359,0.002080353006022051,0.0196810172805838,0.00022186241243702951,-0.00017584567014073332,0.019889497392365656,2.21945174912197e-11,-1.3603942083072196e-11,0.00028309825574979186,0.019681017845869064,TRACKING,True,11
97198989115193,0.0020709349919343367,0.019438695146001755,-0.0005048483566043971,-0.00033054236040905413,0.019930934072336228,2.21945174912197e-11,-1.3603942083072196e-11,0.0006034319521859288,0.019438695162534714,TRACKING,True,11
97198991180388,0.002064750005956739,0.02054478127846622,0.0015892461563000654,-0.00010779329385288583,0.019972237972306895,2.21945174912197e-11,-1.3603942083072196e-11,0.0015928976936265826,0.020544780418276787,TRACKING,True,11
97198993246938,0.002066569999442436,0.019637621100477946,0.0002595787729376578,0.00023824769783032477,0.02001356897227754,2.21945174912197e-11,-1.3603942083072196e-11,0.00035233949893154204,0.01963762193918228,TRACKING,True,11
97198995318157,0.0020713039994006976,0.019783748172744118,0.0009553386456145704,0.00043314329523737517,0.02005499335224812,2.21945174912197e-11,-1.3603942083072196e-11,0.0010489446576684713,0.0197837483137846,TRACKING,True,11
97198997398158,0.0020805370004381984,0.020564323509846223,2.8681817835787135e-05,6.216808474662739e-05,0.020096593372218575,2.21945174912197e-11,-1.3603942083072196e-11,6.846545147709548e-05,0.020564323291182518,TRACKING,True,11
97198999481593,0.0020829879940720275,0.020622806765852823,-0.000699140768240918,-0.00040514954426718893,0.02013826207218898,2.21945174912197e-11,-1.3603942083072196e-11,0.0008080495172180235,0.02062280662357807,TRACKING,True,11
97199001563323,0.0020822750084334984,0.020222630664185833,-0.0007340785107489645,0.0008213532024582372,0.02017989667215941,2.21945174912197e-11,-1.3603942083072196e-11,0.0011015862692147493,0.020222630351781845,TRACKING,True,11
97199003642473,0.002078542995150201,0.019908922999914782,-0.0002154243516589399,0.0001618695889034599,0.02022147967212988,2.21945174912197e-11,-1.3603942083072196e-11,0.00026946133584715426,0.019908923655748367,TRACKING,True,11
97199005724445,0.002082658000290394,0.021017493533769152,-2.1587595262810176e-05,-0.00038422879674430234,0.020263119112100308,2.21945174912197e-11,-1.3603942083072196e-11,0.00038483476964756846,0.021017493680119514,TRACKING,True,11
97199007793094,0.0020678940054494888,0.01983741652609899,0.00011630333125679001,-0.0002900352272820644,0.020304492092070924,2.21945174912197e-11,-1.3603942083072196e-11,0.00031248503364622593,0.01983741670846939,TRACKING,True,11
97199009872391,0.0020798070036107674,0.021533472707614392,0.0006295815253083672,-0.0015845002650034688,0.020346078032041387,2.21945174912197e-11,-1.3603942083072196e-11,0.001704996800981462,0.02153347246348858,TRACKING,True,11
97199011942126,0.0020697299914900213,0.01992258635763255,0.00017662290196429148,0.0011574109224332554,0.02038747273201199,2.21945174912197e-11,-1.3603942083072196e-11,0.0011708098463714123,0.019922586157917976,TRACKING,True,11
97199014041487,0.0020989430049667135,0.019419758788388888,-0.00022148027636856397,0.0006025904934204218,0.02042945995198217,2.21945174912197e-11,-1.3603942083072196e-11,0.0006420037243515253,0.019419759511947632,TRACKING,True,11
97199016108271,0.002066809989628382,0.02012404145572748,3.569960364327348e-05,-0.00025024429581232407,0.020470795631952813,2.21945174912197e-11,-1.3603942083072196e-11,0.00025277791428379714,0.02012404054403305,TRACKING,True,11
97199018175337,0.0020670370140578598,0.02084791678011421,-0.0005496117956777702,1.1487698325476548e-05,0.02051213695192345,2.21945174912197e-11,-1.3603942083072196e-11,0.0005497318343259394,0.02084791660308838,TRACKING,True,11
97199020242793,0.0020674439874710515,0.01982592360996858,0.0004885495671280386,0.00030263979179564153,0.020553486071894087,2.21945174912197e-11,-1.3603942083072196e-11,0.0005746925598941743,0.019825924187898636,TRACKING,True,11
97199022307000,0.00206415299908258,0.020576555515436523,1.849255748461792e-05,1.3686314338352584e-05,0.020594770211864764,2.21945174912197e-11,-1.3603942083072196e-11,2.3006301489658654e-05,0.020576555281877518,TRACKING,True,11
97199024385612,0.002079294004943222,0.02045167479045532,7.850495184739204e-05,0.00018343620879878331,0.02063634245183524,2.21945174912197e-11,-1.3603942083072196e-11,0.00019952912407461554,0.020451674237847328,TRACKING,True,11
97199026466746,0.00208113799453713,0.020643564205208957,-0.00029727437306146864,-0.00020327891907605087,0.02067796513180568,2.21945174912197e-11,-1.3603942083072196e-11,0.00036013106000609696,0.0206435639411211,TRACKING,True,11
97199028547794,0.002081021011690609,0.020490325649521086,0.00022708651261606617,7.724800022276247e-05,0.02071958609177612,2.21945174912197e-11,-1.3603942083072196e-11,0.00023986565065570176,0.02049032598733902,TRACKING,True,11
97199030641566,0.0020932069892296568,0.021747952696034467,-8.661883875285152e-05,3.7720266915996593e-05,0.02076146153174638,2.21945174912197e-11,-1.3603942083072196e-11,9.447561751585454e-05,0.021747952327132225,TRACKING,True,11
97199032708315,0.0020665120100602508,0.020488179778824486,5.059919187171748e-05,-0.0002223363341465723,0.020802796511717025,2.21945174912197e-11,-1.3603942083072196e-11,0.00022802132298238575,0.020488180220127106,TRACKING,True,11
97199034788548,0.0020811499998671934,0.020414829066912353,8.077833017371094e-05,0.000795642555107436,0.020844401171687475,2.21945174912197e-11,-1.3603942083072196e-11,0.0007997325737960637,0.02041482925415039,TRACKING,True,11
97199036871336,0.0020825999963562936,0.02045336623143554,-0.0003256809182625807,-1.9829049849796304e-05,0.02088605693165789,2.21945174912197e-11,-1.3603942083072196e-11,0.0003262840036768466,0.02045336551964283,TRACKING,True,11
97199038941062,0.0020690709934569895,0.021054139778099213,0.0006500123074296037,-0.0003242321500763733,0.02092745145162849,2.21945174912197e-11,-1.3603942083072196e-11,0.0007263899897225201,0.021054139360785484,TRACKING,True,11
97199041042615,0.002102687009028159,0.02089908130151965,-0.00039925782621682806,-0.00044008620758578045,0.02096948251159864,2.21945174912197e-11,-1.3603942083072196e-11,0.0005942076095379889,0.020899081602692604,TRACKING,True,11
97199043112933,0.002069281996227801,0.020771140551138125,-0.0005619706085827765,0.00021838263222094382,0.021010888871569235,2.21945174912197e-11,-1.3603942083072196e-11,0.0006029112846590579,0.020771140232682228,TRACKING,True,11
97199045179895,0.0020668509969254956,0.021572317546507576,-0.00026518071431063777,-0.0003591790850195627,0.021052228111539874,2.21945174912197e-11,-1.3603942083072196e-11,0.0004464643425308168,0.02157231792807579,TRACKING,True,11
97199047246938,0.0020670340018114075,0.02174657182275603,-0.00011679338878615048,0.000732705156170289,0.021093568971510514,2.21945174912197e-11,-1.3603942083072196e-11,0.0007419552421197295,0.021746572107076645,TRACKING,True,11
97199049317416,0.0020704659982584417,0.01967705494310898,-9.392708445173336e-05,-0.0005203991517547949,0.021134978531481104,2.21945174912197e-11,-1.3603942083072196e-11,0.0005288076936267316,0.0196770541369915,TRACKING,True,11
97199051398852,0.0020819680066779256,0.02089788482492497,0.00039107464448932724,0.000528362558922726,0.02117660725145154,2.21945174912197e-11,-1.3603942083072196e-11,0.0006573480204679072,0.02089788392186165,TRACKING,True,11
97199053480728,0.0020823919912800193,0.021118795357175296,0.00045545527652762443,-0.0005730663052939712,0.02121824477142197,2.21945174912197e-11,-1.3603942083072196e-11,0.0007320140139199793,0.02111879549920559,TRACKING,True,11
97199055551636,0.002070178001304157,0.02138227208706567,-9.04731450894838e-05,-0.0008636603822954574,0.021259662931392552,2.21945174912197e-11,-1.3603942083072196e-11,0.0008683862397447228,0.021382272243499756,TRACKING,True,11
97199057621622,0.002069755006232299,0.021738891205805723,-0.00034929359589794056,0.0002032386618578364,0.02130106265136315,2.21945174912197e-11,-1.3603942083072196e-11,0.000404118763981387,0.021738890558481216,TRACKING,True,11
97199059701488,0.0020807749970117584,0.020946988160188498,7.480297539440886e-05,0.0002941145690628653,0.021342659971333607,2.21945174912197e-11,-1.3603942083072196e-11,0.0003034779510926455,0.020946988835930824,TRACKING,True,11
97199061772330,0.002070151997031644,0.021370292053234034,-0.0002508418006148833,0.0002906664450695703,0.021384076811304192,2.21945174912197e-11,-1.3603942083072196e-11,0.0003839382843580097,0.021370291709899902,TRACKING,True,11
97199063838423,0.0020657080021919683,0.021519613322288092,-0.00022136677618314043,1.0921834286094332e-05,0.021425398671274846,2.21945174912197e-11,-1.3603942083072196e-11,0.00022163604444358498,0.02151961252093315,TRACKING,True,11
97199065918810,0.0020810300047742203,0.021415563273450865,-0.0001805855744100018,0.0004408428730849281,0.021467006411245295,2.21945174912197e-11,-1.3603942083072196e-11,0.00047639646800234914,0.02141556330025196,TRACKING,True,11
97199067998770,0.0020802409999305382,0.02236805280627491,-0.00026477312862695885,-6.821556582441419e-05,0.02150860561121575,2.21945174912197e-11,-1.3603942083072196e-11,0.00027341939858160913,0.0223680529743433,TRACKING,True,11
97199070037337,0.0020392099977470934,0.021070684824211976,-0.000674086051811673,0.0005585535508717636,0.021549376951186795,2.21945174912197e-11,-1.3603942083072196e-11,0.0008754279115237296,0.021070685237646103,TRACKING,True,11
97199072103526,0.002064821994281374,0.02124696939296948,0.00016160949571696965,-0.000685395547835129,0.021590700731157444,2.21945174912197e-11,-1.3603942083072196e-11,0.0007041908102110028,0.02124696969985962,TRACKING,True,11
97199074170782,0.002067418012302369,0.021304726905245194,0.0002285414360745956,0.0002292657517281419,0.021632045851128084,2.21945174912197e-11,-1.3603942083072196e-11,0.00032371896668337286,0.021304726600646973,TRACKING,True,11
97199076237536,0.002066444998490624,0.021782428340634503,0.00019606934321767978,0.00010054172699976032,0.021673380931098725,2.21945174912197e-11,-1.3603942083072196e-11,0.00022034479479771107,0.02178242802619934,TRACKING,True,11
97199078303400,0.002065943001070991,0.022207995351819963,0.0008410578616194936,0.000273736585941372,0.021714698211069382,2.21945174912197e-11,-1.3603942083072196e-11,0.0008844829280860722,0.022207995876669884,TRACKING,True,11
97199080371166,0.002067876994260587,0.021692121315722557,-0.0005217960039912082,-0.0002511995184085639,0.02175605353104001,2.21945174912197e-11,-1.3603942083072196e-11,0.0005791133153252304,0.021692121401429176,TRACKING,True,11
97199082452124,0.0020812339935218915,0.021627566140185104,0.0007115029477185197,-0.0007820173566251773,0.021797672691010454,2.21945174912197e-11,-1.3603942083072196e-11,0.0010572547325864434,0.02162756584584713,TRACKING,True,11
97199084533714,0.0020817200129386038,0.021432649274896808,-0.0005238319297215244,0.0004240178510148173,0.021839304490980885,2.21945174912197e-11,-1.3603942083072196e-11,0.0006739369709976017,0.021432649344205856,TRACKING,True,11
97199086615425,0.002081907994579524,0.021524044280436437,-0.0009272560557749847,-0.0010372114014692343,0.021880938710951318,2.21945174912197e-11,-1.3603942083072196e-11,0.0013912625145167112,0.02152404375374317,TRACKING,True,11
97199088717363,0.0021024669986218214,0.02206590547452082,-0.0008281516063250696,0.0005370939350920334,0.02192297747092146,2.21945174912197e-11,-1.3603942083072196e-11,0.000987068866379559,0.02206590585410595,TRACKING,True,11
97199090805372,0.0020876019989373162,0.02248267063668078,-0.0005810637422162728,-0.0001847043295501563,0.0219647376508918,2.21945174912197e-11,-1.3603942083072196e-11,0.0006097136647440493,0.022482670843601227,TRACKING,True,11
97199092891502,0.0020859130017925054,0.02200130674986877,-0.0007633113631710328,-0.0006346262612804702,0.02200646025086217,2.21945174912197e-11,-1.3603942083072196e-11,0.0009926704224199057,0.02200130745768547,TRACKING,True,11
97199094976123,0.0020843380043515936,0.021712888845408458,-3.787599333324423e-05,0.00011702914646467881,0.022048152670832558,2.21945174912197e-11,-1.3603942083072196e-11,0.00012300573871470988,0.021712888032197952,TRACKING,True,11
97199097054989,0.002078506993711926,0.02113028389287898,9.866132214450028e-05,-7.923172363088145e-05,0.022089729990803032,2.21945174912197e-11,-1.3603942083072196e-11,0.00012653744488488883,0.021130284294486046,TRACKING,True,11
97199099118854,0.0020637609995901585,0.02197647584077484,-0.00025275113059568705,0.000491212595977779,0.022131007290773715,2.21945174912197e-11,-1.3603942083072196e-11,0.0005524245789274573,0.021976476535201073,TRACKING,True,11
97199101179039,0.0020600580028258264,0.022930414195838765,-0.0002518054407960258,-0.00010838197669868499,0.02217221099074445,2.21945174912197e-11,-1.3603942083072196e-11,0.00027413980569690466,0.022930413484573364,TRACKING,True,11
97199103241431,0.0020624079916160554,0.021396524968509602,-0.00022484450073373443,0.0003202761581535503,0.02221345883071516,2.21945174912197e-11,-1.3603942083072196e-11,0.0003913206746801734,0.02139652520418167,TRACKING,True,11
97199105308112,0.002066687011392787,0.02218101085422053,0.00015550815879005194,-7.704339036163336e-05,0.0222547924506858,2.21945174912197e-11,-1.3603942083072196e-11,0.00017354673764202744,0.022181011736392975,TRACKING,True,11
97199107388168,0.0020806870015803725,0.022324524107515818,0.00031320126268925813,0.00036392926539533947,0.022296393570656256,2.21945174912197e-11,-1.3603942083072196e-11,0.000480145332403481,0.02232452481985092,TRACKING,True,11
97199109469700,0.002081597995129414,0.02134745425865615,-0.00012352004197038147,-0.0014682034202109944,0.022338024210626688,2.21945174912197e-11,-1.3603942083072196e-11,0.0014733901480212808,0.02134745381772518,TRACKING,True,11
97199111551467,0.0020819019991904497,0.022374277043167905,-0.0002838952585529921,-0.0003064851587294276,0.02237965955059712,2.21945174912197e-11,-1.3603942083072196e-11,0.00041776750003919005,0.02237427793443203,TRACKING,True,11
97199113632927,0.0020814440067624673,0.02319165373307911,0.00017074829241608755,0.0005581990075867059,0.022421288750567554,2.21945174912197e-11,-1.3603942083072196e-11,0.0005837303469888866,0.023191653192043304,TRACKING,True,11
97199115715975,0.0020829749992117286,0.02276998312602016,0.0008372396185814537,-0.00012704981884592223,0.022462949710537968,2.21945174912197e-11,-1.3603942083072196e-11,0.0008468245505355299,0.022769983857870102,TRACKING,True,11
97199117796873,0.002081245998851955,0.02237401963087168,-4.910940955707983e-05,0.0012211511354540483,0.02250456767050841,2.21945174912197e-11,-1.3603942083072196e-11,0.0012221381766721606,0.022374019026756287,TRACKING,True,11
97199119878723,0.0020815280004171655,0.022325881135037886,1.1331060357109673e-05,0.0006855031951145967,0.02254620467047884,2.21945174912197e-11,-1.3603942083072196e-11,0.000685596838593483,0.022325880825519562,TRACKING,True,11
97199121957949,0.0020793079893337563,0.023047964537093325,-0.00024894762320051844,0.0008712037867863545,0.022587789190449303,2.21945174912197e-11,-1.3603942083072196e-11,0.0009060744778253138,0.02304796501994133,TRACKING,True,11
97199124073509,0.0021150829998077825,0.022869838727327216,0.0007231362942051754,0.00030260655100530494,0.022630100390419256,2.21945174912197e-11,-1.3603942083072196e-11,0.000783898460213095,0.022869838401675224,TRACKING,True,11
97199126148401,0.002075046009849757,0.023060419622116,-0.00037125688958509204,0.0007091340749412299,0.02267159823038978,2.21945174912197e-11,-1.3603942083072196e-11,0.0008004391565918922,0.023060420528054237,TRACKING,True,11
97199128216383,0.0020676819985965267,0.022362473566202228,3.8438232380553074e-05,0.0005436197598898049,0.022712957870360408,2.21945174912197e-11,-1.3603942083072196e-11,0.000544977025128901,0.022362474352121353,TRACKING,True,11
97199130282052,0.0020658080029534176,0.022584569984577748,5.969924901543133e-05,4.14571552487684e-06,0.022754271250331068,2.21945174912197e-11,-1.3603942083072196e-11,5.984302333672531e-05,0.022584570571780205,TRACKING,True,11
97199132351307,0.0020692190009867772,0.02287402535778746,0.0002951605955124297,-0.0007490554983619966,0.022795656350301674,2.21945174912197e-11,-1.3603942083072196e-11,0.0008051110780797899,0.022874025627970695,TRACKING,True,11
97199134421554,0.0020706019859062508,0.022574984469491962,0.0010327257979642983,-0.0009768360100642207,0.022837061290272267,2.21945174912197e-11,-1.3603942083072196e-11,0.0014215242117643356,0.022574985399842262,TRACKING,True,11
97199136486081,0.002064021013211459,0.022559892792334175,0.00039923009399612125,-0.0009205117931283314,0.022878351830242942,2.21945174912197e-11,-1.3603942083072196e-11,0.0010033576982095838,0.022559892386198044,TRACKING,True,11
97199138606228,0.0021209379920037463,0.022489868297831683,-0.0004017793823127992,0.0007836439381364603,0.02292075477021283,2.21945174912197e-11,-1.3603942083072196e-11,0.0008806386613287032,0.022489868104457855,TRACKING,True,11
97199140707794,0.0021022699947934598,0.022528435718307867,0.00031602723199671576,-0.00031493657471852254,0.022962786090182978,2.21945174912197e-11,-1.3603942083072196e-11,0.00044615945080295205,0.02252843603491783,TRACKING,True,11
97199142803212,0.0020948450110154226,0.023009920107388213,-0.0005664456228349955,-0.000735603482066946,0.023004694450153212,2.21945174912197e-11,-1.3603942083072196e-11,0.0009284251136705279,0.023009920492768288,TRACKING,True,11
97199144890305,0.0020867889979854226,0.02281220248452531,-0.0006880879161852303,-8.822404635976438e-05,0.02304643631012357,2.21945174912197e-11,-1.3603942083072196e-11,0.0006937207072041929,0.02281220257282257,TRACKING,True,11
97199146983225,0.00209321899455972,0.023147433470135897,0.00020438974669158706,0.0007635583514816476,0.02308829471009384,2.21945174912197e-11,-1.3603942083072196e-11,0.0007904407102614641,0.02314743399620056,TRACKING,True,11
97199149047935,0.002064939006231725,0.023838741932189454,-0.0005520921522860008,-0.00037498342243610114,0.023129588910064513,2.21945174912197e-11,-1.3603942083072196e-11,0.0006673967000097036,0.023838741704821587,TRACKING,True,11
97199151114058,0.0020650549995480105,0.024015509599661033,-2.7652230547970497e-05,-0.00019326220545473394,0.023170911370035165,2.21945174912197e-11,-1.3603942083072196e-11,0.00019523044466041028,0.024015510454773903,TRACKING,True,11
97199153179613,0.002065548993414268,0.023747341632420788,-0.00031276603124970234,0.00046635800902363714,0.023212222470005824,2.21945174912197e-11,-1.3603942083072196e-11,0.0005615268019028008,0.023747341707348824,TRACKING,True,11
97199155246846,0.0020672460086643696,0.023102156127968444,0.000646910505019743,-7.31488349769304e-05,0.023253567129976463,2.21945174912197e-11,-1.3603942083072196e-11,0.0006510330131277442,0.023102156817913055,TRACKING,True,11
97199157321446,0.0020753849967150018,0.02370449775146472,0.0005290135881578128,0.0008074489850078395,0.023295059129946994,2.21945174912197e-11,-1.3603942083072196e-11,0.0009653129964135587,0.023704497143626213,TRACKING,True,11
97199159427738,0.0021055899997008964,0.022938478623461236,-0.00019225866967283886,-0.0007089357730654447,0.023337184969917074,2.21945174912197e-11,-1.3603942083072196e-11,0.0007345429621636868,0.022938478738069534,TRACKING,True,11
97199161496422,0.002068560992483981,0.022516654516398872,-0.0002489926256744384,7.936013325663248e-05,0.023378558649887693,2.21945174912197e-11,-1.3603942083072196e-11,0.0002613338001538068,0.022516654804348946,TRACKING,True,11
97199163570174,0.0020739780011354014,0.024046192458943683,-0.00020846302695306273,0.0009549953470487855,0.023420033689858236,2.21945174912197e-11,-1.3603942083072196e-11,0.0009774829959496856,0.024046191945672035,TRACKING,True,11
97199165657076,0.0020874230103800073,0.023552317941012983,0.0004399706601029285,-0.00012868248830814,0.023461771729828593,2.21945174912197e-11,-1.3603942083072196e-11,0.000458403053926304,0.023552317172288895,TRACKING,True,11
97199167742302,0.0020854659960605204,0.022873845853760066,0.0007911346382318515,-0.0001461451412267962,0.023503476249798975,2.21945174912197e-11,-1.3603942083072196e-11,0.0008045200374908745,0.02287384495139122,TRACKING,True,11
97199169825647,0.002083069004584104,0.024100103571183765,-0.00018609198033770342,0.0002920203846693305,0.023545143149769382,2.21945174912197e-11,-1.3603942083072196e-11,0.00034627463901415467,0.024100104346871376,TRACKING,True,11
97199171907748,0.002081974991597235,0.023505553062986663,-0.00017501524521868633,-7.644700108690764e-05,0.023586785169739808,2.21945174912197e-11,-1.3603942083072196e-11,0.00019098292978014797,0.023505553603172302,TRACKING,True,11
97199173989384,0.002081735001411289,0.02396745797472601,-0.0006063743566453329,-0.0004894246855540401,0.02362841788971024,2.21945174912197e-11,-1.3603942083072196e-11,0.0007792473188601434,0.023967457935214043,TRACKING,True,11
97199176033238,0.0020439140062080696,0.024158406641142646,-0.0003702907691373919,8.853941620091238e-05,0.023669294969681207,2.21945174912197e-11,-1.3603942083072196e-11,0.00038072888855822384,0.024158407002687454,TRACKING,True,11
97199178100202,0.002066300992737524,0.023032684720747293,-0.00011199805737141949,0.0005451686646803116,0.02371063424965185,2.21945174912197e-11,-1.3603942083072196e-11,0.0005565540632233024,0.02303268387913704,TRACKING,True,11
97199180167350,0.0020671120000770316,0.02378950037947411,9.922919737517543e-05,-0.000202006821773441,0.023751977209622487,2.21945174912197e-11,-1.3603942083072196e-11,0.0002250626275781542,0.023789500817656517,TRACKING,True,11
97199182234161,0.002066690009087324,0.023837055061281774,-0.000897531554695959,-0.0008241637632295379,0.02379331342959313,2.21945174912197e-11,-1.3603942083072196e-11,0.0012185273226350546,0.023837054148316383,TRACKING,True,11
97199184300886,0.0020667489879997447,0.024032260835932844,-0.0008913007149717577,0.0006452933043359478,0.023834647929563774,2.21945174912197e-11,-1.3603942083072196e-11,0.0011003728723153472,0.024032261222600937,TRACKING,True,11
97199186382169,0.002082062012050301,0.024291967919798728,-0.0006107998348642983,-0.001101162183795787,0.02387627358953421,2.21945174912197e-11,-1.3603942083072196e-11,0.0012592198327183723,0.02429196797311306,TRACKING,True,11
97199188463942,0.0020817979966523126,0.022696558255383505,0.00014433639633276048,-5.7874802864703975e-05,0.02391790904950464,2.21945174912197e-11,-1.3603942083072196e-11,0.0001555072085466236,0.022696558386087418,TRACKING,True,11
97199190545496,0.002081626997096464,0.024622767956584392,0.0002248664557214407,0.0007684573153219457,0.023959540129475074,2.21945174912197e-11,-1.3603942083072196e-11,0.0008006819407455623,0.02462276816368103,TRACKING,True,11
97199192628423,0.002082762002828531,0.02442831845487857,-0.0004846061116629402,-0.00010445926767751713,0.024001198669445487,2.21945174912197e-11,-1.3603942083072196e-11,0.0004957366618327796,0.024428319185972214,TRACKING,True,11
97199194710941,0.002082474995404482,0.023608092233134585,-0.0001703118901315613,-0.00027096968731282566,0.024042849029415905,2.21945174912197e-11,-1.3603942083072196e-11,0.0003200479841325432,0.023608092218637466,TRACKING,True,11
97199196791354,0.0020806469983654097,0.02395496154278262,0.0006658408689549705,-0.0002901114977361449,0.024084457289386355,2.21945174912197e-11,-1.3603942083072196e-11,0.0007262979634106159,0.023954961448907852,TRACKING,True,11
97199198871350,0.002079929006868042,0.023514254373075624,-0.0003301787206408359,-0.0002530443025234557,0.024126057209356812,2.21945174912197e-11,-1.3603942083072196e-11,0.00041599207906983793,0.02351425401866436,TRACKING,True,11
97199200938273,0.002066297995042987,0.023861944873012526,-9.848807525144414e-05,-0.0002288644192463387,0.024167395669327452,2.21945174912197e-11,-1.3603942083072196e-11,0.0002491562336217612,0.023861944675445557,TRACKING,True,11
97199203013732,0.002075391006655991,0.02475275957133871,0.0004439646714861896,-0.00039353094771332135,0.024208904849297972,2.21945174912197e-11,-1.3603942083072196e-11,0.0005932716303505003,0.02475276030600071,TRACKING,True,11
97199205079375,0.0020656389970099553,0.024731291192326255,0.0006896755587640148,-7.80245026612742e-06,0.02425021770926863,2.21945174912197e-11,-1.3603942083072196e-11,0.0006897196872159839,0.024731291458010674,TRACKING,True,11
97199207160631,0.0020822189981117845,0.023860288313611967,0.0002091069872611809,-4.813687633797659e-05,0.02429184282923907,2.21945174912197e-11,-1.3603942083072196e-11,0.0002145760809071362,0.02386028878390789,TRACKING,True,11
97199209240670,0.002079483005218208,0.024494101502630167,-0.0005382624509986944,0.0010418428411062735,0.024333443609209523,2.21945174912197e-11,-1.3603942083072196e-11,0.0011726734228432178,0.024494102224707603,TRACKING,True,11
97199211346598,0.002106620988342911,0.02427069103243539,0.0002593719981391102,-0.0003029524406693371,0.02437556216917961,2.21945174912197e-11,-1.3603942083072196e-11,0.00039881578413769603,0.024270690977573395,TRACKING,True,11
97199213433141,0.002086051012156531,0.024490719482119366,-0.0011505980809459293,-0.0006540979847933569,0.024417293029149974,2.21945174912197e-11,-1.3603942083072196e-11,0.0013235255610197783,0.0244907196611166,TRACKING,True,11
97199215518569,0.002085531988996081,0.023220067181715615,0.0004925931074072217,-0.0006954583999113402,0.02445900158912035,2.21945174912197e-11,-1.3603942083072196e-11,0.0008522383868694305,0.023220067843794823,TRACKING,True,11
97199217599951,0.0020812510047107935,0.02372090544550584,0.000564553060868094,-0.000244321765485111,0.024500629229090787,2.21945174912197e-11,-1.3603942083072196e-11,0.000615153054241091,0.02372090518474579,TRACKING,True,11
97199219678806,0.002078621997497976,0.024460895551565047,0.0005400295571314646,0.0002490594362326974,0.024542206329061258,2.21945174912197e-11,-1.3603942083072196e-11,0.0005946953315287828,0.024460894986987114,TRACKING,True,11
97199221765401,0.0020869069994660094,0.024744736011493587,0.00033250122424271925,-0.0009690254812525903,0.02458393822903162,2.21945174912197e-11,-1.3603942083072196e-11,0.001024484052322805,0.024744736030697823,TRACKING,True,11
97199223848346,0.0020828350097872317,0.02527841233922891,0.0006711660271575161,0.0009316415025171176,0.024625597129002034,2.21945174912197e-11,-1.3603942083072196e-11,0.001148224575445056,0.02527841180562973,TRACKING,True,11
97199225931362,0.0020831319998251274,0.023626234340437074,-0.0004175486357689326,-0.0002731977046359717,0.024667257448972447,2.21945174912197e-11,-1.3603942083072196e-11,0.0004989828448742628,0.023626234382390976,TRACKING,True,11
97199228032145,0.002100625992170535,0.025571501140598463,0.0002924494466661101,0.0008974720523775298,0.024709273108942605,2.21945174912197e-11,-1.3603942083072196e-11,0.0009439188288524747,0.02557150088250637,TRACKING,True,11
97199230104716,0.0020721159962704405,0.0249872456159795,-0.00030952014487295736,-0.0006383554113525772,0.02475072452891317,2.21945174912197e-11,-1.3603942083072196e-11,0.0007094366010278463,0.024987244978547096,TRACKING,True,11
97199232174789,0.00207003099785652,0.02451846328508609,0.0007119441223641829,-0.00041387388836050694,0.024792125988883765,2.21945174912197e-11,-1.3603942083072196e-11,0.0008235023124143481,0.024518463760614395,TRACKING,True,11
97199234247164,0.002072878007311374,0.023955535504116228,0.0001535093621752305,0.00069909667697721,0.024833573488854326,2.21945174912197e-11,-1.3603942083072196e-11,0.0007157522486522794,0.023955535143613815,TRACKING,True,11
97199236318846,0.0020713900012196973,0.02610670917042101,0.0006390954541346244,0.0004987205763203044,0.0248750071288249,2.21945174912197e-11,-1.3603942083072196e-11,0.0008106572204269469,0.026106709614396095,TRACKING,True,11
97199238388202,0.002069270994979888,0.02403596893639124,-0.00017553403505418108,-0.00017589739130605104,0.024916394248795506,2.21945174912197e-11,-1.3603942083072196e-11,0.00024849968031048775,0.024035969749093056,TRACKING,True,11
97199240509034,0.002121947007253766,0.02503999772716761,-0.0004529601192733755,0.0004093852171561925,0.024958810888765382,2.21945174912197e-11,-1.3603942083072196e-11,0.0006105482461862266,0.025039996951818466,TRACKING,True,11
97199242598587,0.0020888819999527186,0.025640199429098485,6.684980486575173e-05,-0.00013396764884580998,0.025000601948735702,2.21945174912197e-11,-1.3603942083072196e-11,0.00014972050848882645,0.025640198960900307,TRACKING,True,11
97199244669052,0.002069800000754185,0.025148246159559587,0.00020111768778157868,0.00040774913101450854,0.025042011248706295,2.21945174912197e-11,-1.3603942083072196e-11,0.0004546511627268046,0.025148246437311172,TRACKING,True,11
97199246737610,0.002068632995360531,0.024662276528071545,0.0007338720894952979,2.677329539844966e-05,0.02508338240867691,2.21945174912197e-11,-1.3603942083072196e-11,0.0007343602483160794,0.024662276729941368,TRACKING,True,11
97199248804966,0.0020673179969890043,0.025046479868702436,0.0003546485847097868,-0.00034188293660997697,0.025124729528647544,2.21945174912197e-11,-1.3603942083072196e-11,0.0004926048568449914,0.02504647895693779,TRACKING,True,11
97199250885129,0.002080724007100798,0.02561338766635627,0.0010826869185675467,0.000225787266161568,0.025166332788617997,2.21945174912197e-11,-1.3603942083072196e-11,0.001105979667045176,0.025613388046622276,TRACKING,True,11
97199252973131,0.0020883139950456098,0.025318206424505916,-0.00023235885862204448,0.0007547609349902822,0.025208092828588338,2.21945174912197e-11,-1.3603942083072196e-11,0.0007897181203588843,0.02531820721924305,TRACKING,True,11
97199255036752,0.002063423002255149,0.025822877273747546,-0.0007527648976902313,0.0004928564139226471,0.025249365248559027,2.21945174912197e-11,-1.3603942083072196e-11,0.0008997568511404097,0.025822877883911133,TRACKING,True,11
97199257105811,0.002068513000267558,0.02495970177316028,-0.0005869364023818027,-3.5066804003857556e-05,0.025290746428529638,2.21945174912197e-11,-1.3603942083072196e-11,0.0005879830569028854,0.024959702044725418,TRACKING,True,11
97199259172780,0.0020667530043283477,0.025000809663242276,0.0005822821182309169,-0.0006319570291410422,0.025332085808500278,2.21945174912197e-11,-1.3603942083072196e-11,0.0008593149250373244,0.025000808760523796,TRACKING,True,11
97199261240255,0.0020676429994637147,0.024727155309268497,-0.00047559556073994405,-7.15505855212616e-05,0.025373435308470912,2.21945174912197e-11,-1.3603942083072196e-11,0.0004809476376976818,0.02472715452313423,TRACKING,True,11
97199263304970,0.0020645229960791767,0.025709136618081056,-0.0005470679533453129,-0.0003647124097300095,0.025414729608441586,2.21945174912197e-11,-1.3603942083072196e-11,0.0006574941216968,0.025709137320518494,TRACKING,True,11
97199265385504,0.0020811949943890795,0.024668309636940423,-0.00010184275152878384,-0.0005152108938677002,0.02545634028841203,2.21945174912197e-11,-1.3603942083072196e-11,0.0005251801921986043,0.024668309837579727,TRACKING,True,11
97199267466730,0.0020813459996134043,0.026581413522060466,0.0009607852173027381,-0.0004701810808850626,0.025497964808382467,2.21945174912197e-11,-1.3603942083072196e-11,0.0010696627432480454,0.02658141404390335,TRACKING,True,11
97199269547070,0.0020799960038857535,0.025604533346422556,0.00020603486289732959,-0.0002776418170416849,0.02553957160835292,2.21945174912197e-11,-1.3603942083072196e-11,0.0003457388374954462,0.025604533031582832,TRACKING,True,11
97199271614248,0.00206680700648576,0.02538046625330442,0.0003154235753359088,-0.0001407212283578379,0.025580915168323556,2.21945174912197e-11,-1.3603942083072196e-11,0.0003453903482295573,0.025380466133356094,TRACKING,True,11
97199273680838,0.002066574990749359,0.02546642964341959,-2.0460683509517703e-05,0.0006127386316846128,0.025622246968294203,2.21945174912197e-11,-1.3603942083072196e-11,0.0006130801630206406,0.025466429069638252,TRACKING,True,11
97199275760179,0.002080060003208928,0.025527939345039583,0.00018854423155841127,0.0001141286965121376,0.025663833788264666,2.21945174912197e-11,-1.3603942083072196e-11,0.00022039575560484082,0.025527939200401306,TRACKING,True,11
97199277827159,0.0020662690076278523,0.02605751928914948,-0.00010240979996464115,-0.0002512559360485891,0.025705173388235306,2.21945174912197e-11,-1.3603942083072196e-11,0.00027132508694194257,0.026057519018650055,TRACKING,True,11
97199279894003,0.0020667949866037816,0.025397115948595634,0.00011382720144970444,6.477531542353007e-05,0.02574651026820595,2.21945174912197e-11,-1.3603942083072196e-11,0.0001309674553340301,0.02539711631834507,TRACKING,True,11
97199281973490,0.0020800390047952533,0.025654622686300064,0.00010620911806718853,0.0011781166296325946,0.025788100008176412,2.21945174912197e-11,-1.3603942083072196e-11,0.001182894455268979,0.02565462328493595,TRACKING,True,11
97199284033929,0.002060433995211497,0.026218922963239865,-0.000922334415395454,0.0006467443923883269,0.025829308788147147,2.21945174912197e-11,-1.3603942083072196e-11,0.0011264897184446454,0.026218922808766365,TRACKING,True,11
97199286099781,0.0020652780076488853,0.025938018087115343,-0.0005127011454513678,0.0006678317537708482,0.0258706258281178,2.21945174912197e-11,-1.3603942083072196e-11,0.0008419392979703844,0.025938017293810844,TRACKING,True,11
97199288163401,0.0020636599947465584,0.025868052513194375,0.0005045489554361812,-0.0003109163018951021,0.025911898228088488,2.21945174912197e-11,-1.3603942083072196e-11,0.0005926538724452257,0.02586805261671543,TRACKING,True,11
97199290229627,0.002066309010842815,0.026477695845885843,-0.0001450802095658626,0.0004746018616476234,0.02595322274805914,2.21945174912197e-11,-1.3603942083072196e-11,0.0004962813691236079,0.026477696374058723,TRACKING,True,11
97199292296648,0.0020671019883593544,0.026400136871468083,-0.0005800789468135531,0.00017987311637288774,0.025994563168029783,2.21945174912197e-11,-1.3603942083072196e-11,0.0006073268596082926,0.026400137692689896,TRACKING,True,11
97199294377093,0.002080966005451046,0.026267326526851084,-3.39244542235416e-05,-0.0008949049282818112,0.02603617206800023,2.21945174912197e-11,-1.3603942083072196e-11,0.000895547738764435,0.02626732736825943,TRACKING,True,11
97199296446167,0.00206836499273777,0.026213793752688647,-0.00016421604110189442,0.0005935120365813183,0.02607755354797084,2.21945174912197e-11,-1.3603942083072196e-11,0.0006158112082630396,0.026213793084025383,TRACKING,True,11
97199298515104,0.002068961999611929,0.025582354011412956,0.000486919697981716,6.393061535760699e-05,0.026118932287941453,2.21945174912197e-11,-1.3603942083072196e-11,0.0004910986754111946,0.02558235451579094,TRACKING,True,11
97199300592055,0.0020773980068042874,0.02742748655924933,-0.0005083922292104223,0.00047345094768944524,0.02616047130791195,2.21945174912197e-11,-1.3603942083072196e-11,0.0006947075016796589,0.027427487075328827,TRACKING,True,11
97199302682188,0.0020906099962303415,0.02593032987997976,-0.00047903847129417794,0.0005333988281880381,0.026202273967882262,2.21945174912197e-11,-1.3603942083072196e-11,0.0007169324671849608,0.025930330157279968,TRACKING,True,11
97199304767017,0.002084671999909915,0.026541014527842344,0.0005197650854737462,-0.0008092756949187802,0.026243970547852647,2.21945174912197e-11,-1.3603942083072196e-11,0.0009618123294785619,0.02654101513326168,TRACKING,True,11
97199306850443,0.002083369006868452,0.025681893127771433,0.00029015857853050724,-0.00042764296239558515,0.026285639067823056,2.21945174912197e-11,-1.3603942083072196e-11,0.0005167886265553534,0.025681892409920692,TRACKING,True,11
97199308919508,0.0020684119954239577,0.02698356630852455,0.0008309113098467855,-6.636493669046836e-05,0.026327020367793667,2.21945174912197e-11,-1.3603942083072196e-11,0.000833557394798845,0.02698356658220291,TRACKING,True,11
97199310999183,0.002095233998261392,0.02638336130808904,1.2735787547558801e-05,-0.00014648302765205834,0.026368613867764127,2.21945174912197e-11,-1.3603942083072196e-11,0.00014703563647344708,0.026383360847830772,TRACKING,True,11
97199313082382,0.002067677996819839,0.02639135273231103,-0.00011652676499283897,0.0002140032373211067,0.026410277847734535,2.21945174912197e-11,-1.3603942083072196e-11,0.0002436716458760202,0.026391353458166122,TRACKING,True,11
97199315152063,0.0020697210129583254,0.02628491682720341,-0.000260625177963358,-0.00015002151942589294,0.026451671467705138,2.21945174912197e-11,-1.3603942083072196e-11,0.000300719024380669,0.026284916326403618,TRACKING,True,11
97199317230212,0.0020781659986823797,0.026187101765977137,-4.030912311245924e-05,0.00026960670322653406,0.02649323444767562,2.21945174912197e-11,-1.3603942083072196e-11,0.00027260338538326323,0.026187101379036903,TRACKING,True,11
97199319300720,0.002070532995276153,0.027562726856298198,-0.0008143737194084679,-0.0006890080382915337,0.02653464460764621,2.21945174912197e-11,-1.3603942083072196e-11,0.0010667411843314767,0.02756272628903389,TRACKING,True,11
97199321385836,0.0020861079974565655,0.026542153425087124,1.5785975866097385e-05,-2.2450117520203608e-05,0.026576346927616592,2.21945174912197e-11,-1.3603942083072196e-11,2.744457742664963e-05,0.02654215320944786,TRACKING,True,11
97199323468775,0.0020824280072702095,0.02755412090496919,-0.0009128765529567795,-7.75388474922861e-05,0.026618005707587006,2.21945174912197e-11,-1.3603942083072196e-11,0.000916163669899106,0.027554120868444443,TRACKING,True,11
97199325550781,0.002082229999359697,0.02602336247228624,-0.00015125286236089775,0.00025736601485142904,0.02665964582755743,2.21945174912197e-11,-1.3603942083072196e-11,0.00029852084117010236,0.026023361831903458,TRACKING,True,11
97199327631679,0.0020807459950447083,0.02597947571372507,0.0005118918397552983,-0.00042304067091356056,0.026701263787527876,2.21945174912197e-11,-1.3603942083072196e-11,0.0006640757783316076,0.025979476049542427,TRACKING,True,11
97199329698547,0.0020661150047089905,0.026218535213552413,-0.0008229127247145248,-0.0003498711333040843,0.026742601147498515,2.21945174912197e-11,-1.3603942083072196e-11,0.0008942008716985583,0.026218535378575325,TRACKING,True,11
97199331764281,0.0020656809938373044,0.026412896059394557,0.00041423743984976465,-0.0007809911640530948,0.026783915827469175,2.21945174912197e-11,-1.3603942083072196e-11,0.0008840474183671176,0.026412896811962128,TRACKING,True,11
97199333845288,0.002081579004880041,0.02693207139897241,0.0004206492693218757,-0.00012597998301788687,0.026825535967439616,2.21945174912197e-11,-1.3603942083072196e-11,0.00043910907697863877,0.026932071894407272,TRACKING,True,11
97199335926492,0.0020813970040762797,0.027251376938381252,-0.0003465250904155926,0.00020709143747785287,0.026867160047410053,2.21945174912197e-11,-1.3603942083072196e-11,0.0004036910831928253,0.02725137770175934,TRACKING,True,11
97199338023003,0.002096354990499094,0.026742180164478296,0.0010794463144185899,-0.00014194988235053093,0.026909090267380274,2.21945174912197e-11,-1.3603942083072196e-11,0.0010887396056205034,0.026742180809378624,TRACKING,True,11
97199340090543,0.002067093999357894,0.026800803015459687,0.0002019189477529396,-0.00026444204016377464,0.026950441067350905,2.21945174912197e-11,-1.3603942083072196e-11,0.00033271737629547715,0.02680080384016037,TRACKING,True,11
97199342156902,0.0020663040049839765,0.0268937545011851,0.00016920889526435645,0.00043761527501275647,0.02699176824732156,2.21945174912197e-11,-1.3603942083072196e-11,0.00046918948646634817,0.026893755421042442,TRACKING,True,11
97199344223774,0.0020668409997597337,0.026735178183798752,3.035776169889836e-05,-8.550375964111009e-05,0.027033105687292197,2.21945174912197e-11,-1.3603942083072196e-11,9.073305409401655e-05,0.026735177263617516,TRACKING,True,11
97199346291329,0.0020674959960160777,0.027423299750605815,0.0004107428983000123,0.0002019826123397693,0.027074456787262828,2.21945174912197e-11,-1.3603942083072196e-11,0.00045771905570290983,0.027423299849033356,TRACKING,True,11
97199348371162,0.0020804609957849607,0.027249204829823303,0.0008960665974076944,-0.0004358999934760269,0.027116053447233286,2.21945174912197e-11,-1.3603942083072196e-11,0.0009964657947421074,0.027249203994870186,TRACKING,True,11
97199350451461,0.0020802120125154033,0.02797647702792462,0.0002693394720680265,-0.0007662625944970426,0.02715765942720374,2.21945174912197e-11,-1.3603942083072196e-11,0.000812220445368439,0.02797647751867771,TRACKING,True,11
97199352531946,0.0020805829990422353,0.027264323968903485,-0.0007068966510008378,-6.127189906541153e-05,0.027199269127174186,2.21945174912197e-11,-1.3603942083072196e-11,0.000709547137375921,0.027264323085546494,TRACKING,True,11
97199354606236,0.0020737239974550903,0.026226619793806936,0.0003651175114201329,-0.00039416513738800026,0.027240754927144725,2.21945174912197e-11,-1.3603942083072196e-11,0.0005372866289690137,0.026226619258522987,TRACKING,True,11
97199356672849,0.0020666240015998483,0.02810849378457498,-0.000361363866438755,2.8098826798227414e-05,0.02728208718711537,2.21945174912197e-11,-1.3603942083072196e-11,0.00036245465162210166,0.028108494356274605,TRACKING,True,11
97199358752352,0.0020801289938390255,0.02664576384008054,-6.330456479618559e-05,2.2961834927063202e-05,0.02732367724708583,2.21945174912197e-11,-1.3603942083072196e-11,6.734028283972293e-05,0.026645764708518982,TRACKING,True,11
97199360833364,0.002080938997096382,0.027619727366352743,0.0012368862696677276,0.0008255470883424594,0.02736529748705627,2.21945174912197e-11,-1.3603942083072196e-11,0.0014870829181745648,0.027619726955890656,TRACKING,True,11
97199362912974,0.0020794279989786446,0.027800909170007094,-0.00016007070487425207,-0.00013847761802588022,0.02740688968702673,2.21945174912197e-11,-1.3603942083072196e-11,0.00021165698126424104,0.0278009083122015,TRACKING,True,11
97199364990887,0.0020779810001840815,0.027299002779002223,-0.00042158573693792077,0.0003418303113590173,0.027448447946997218,2.21945174912197e-11,-1.3603942083072196e-11,0.000542754540219903,0.027299003675580025,TRACKING,True,11
97199367034332,0.00204351800493896,0.027468484740116796,0.0002720383097157535,-0.00011459099988625964,0.027489316846968193,2.21945174912197e-11,-1.3603942083072196e-11,0.0002951879578176886,0.0274684838950634,TRACKING,True,11
97199369097499,0.002062526997178793,0.02772727328983666,0.0008908492535220048,0.0001885908230200729,0.027530580186938887,2.21945174912197e-11,-1.3603942083072196e-11,0.0009105926146730781,0.027727272361516953,TRACKING,True,11
97199371161631,0.0020642770105041564,0.028049334388137132,-0.00040830863416069083,-5.69359586716379e-05,0.027571862826909568,2.21945174912197e-11,-1.3603942083072196e-11,0.00041225922177545726,0.02804933488368988,TRACKING,True,11
97199373228055,0.002066526998532936,0.02744200044842924,0.0002708791201645128,0.00016962677569837912,0.027613191306880214,2.21945174912197e-11,-1.3603942083072196e-11,0.0003196071775164455,0.027442000806331635,TRACKING,True,11
97199375296219,0.0020681129972217605,0.027340932400064036,0.00020031891905496478,8.899526851803243e-05,0.027654554586850837,2.21945174912197e-11,-1.3603942083072196e-11,0.00021919813298154622,0.027340931817889214,TRACKING,True,11
97199377378095,0.002082594990497455,0.026942054186951885,1.552466839414847e-05,0.0006260672426076153,0.02769619210682127,2.21945174912197e-11,-1.3603942083072196e-11,0.0006262596580199897,0.026942053809762,TRACKING,True,11
97199379461016,0.002082990002236329,0.027327457480670315,0.0005815334498993646,0.0003858079190447709,0.02773785052679168,2.21945174912197e-11,-1.3603942083072196e-11,0.0006978745805099607,0.027327457442879677,TRACKING,True,11
97199381540931,0.0020797840115847066,0.02790388152582003,0.00026263308542162894,-0.00036082361671425597,0.027779448826762136,2.21945174912197e-11,-1.3603942083072196e-11,0.0004462844517547637,0.027903880923986435,TRACKING,True,11
97199383622463,0.0020815209863940254,0.02821665016247506,-0.0006673327134289079,-0.0005171718088333529,0.02782107946673257,2.21945174912197e-11,-1.3603942083072196e-11,0.0008442746475338936,0.02821665070950985,TRACKING,True,11
97199385686126,0.0020629240025300533,0.02817684695601125,-0.0005056781331515121,0.0010508369741079795,0.02786235272670326,2.21945174912197e-11,-1.3603942083072196e-11,0.0011661769822239876,0.028176847845315933,TRACKING,True,11
97199387766120,0.002080621008644812,0.028120299787551546,0.0005015129981075352,0.0005342283647100125,0.027903952606673714,2.21945174912197e-11,-1.3603942083072196e-11,0.0007327449857257307,0.02812029980123043,TRACKING,True,11
97199389845702,0.002079748999676667,0.02779922565920037,6.361776346552764e-05,0.00028890434228735827,0.027945544246644177,2.21945174912197e-11,-1.3603942083072196e-11,0.0002958258555736393,0.027799226343631744,TRACKING,True,11
97199391942334,0.002095970994560048,0.028042777903993177,0.0008409163149080042,0.0005707820127084907,0.027987476886614394,2.21945174912197e-11,-1.3603942083072196e-11,0.0010163327679038048,0.028042778372764587,TRACKING,True,11
97199394023649,0.002082001999951899,0.02819329867139219,0.0006887338805889474,9.153375654334313e-05,0.02802910318658483,2.21945174912197e-11,-1.3603942083072196e-11,0.0006947897491045296,0.02819329872727394,TRACKING,True,11
97199396093717,0.002069473994197324,0.028515293357669575,0.00013726965341639145,-7.80090095008385e-05,0.02807050454655543,2.21945174912197e-11,-1.3603942083072196e-11,0.00015788718883413821,0.028515294194221497,TRACKING,True,11
97199398159120,0.0020651870145229623,0.027697581996457585,-0.00030489976881257916,7.85265191984659e-05,0.02811181260652609,2.21945174912197e-11,-1.3603942083072196e-11,0.00031484963255934417,0.02769758179783821,TRACKING,True,11
97199400224477,0.0020653359970310703,0.028418724756937356,-0.0010161824456703988,-0.00015716702711571936,0.02815311974649675,2.21945174912197e-11,-1.3603942083072196e-11,0.0010282647563144565,0.028418725356459618,TRACKING,True,11
97199402296677,0.0020724669884657487,0.028531667490489458,-3.479343962519497e-05,-0.0005084874021751397,0.028194563746467317,2.21945174912197e-11,-1.3603942083072196e-11,0.0005096764070913196,0.028531666845083237,TRACKING,True,11
97199404381410,0.0020852160087088123,0.02777181830848708,0.0008826222042682389,-0.0007571261476200009,0.028236258406437707,2.21945174912197e-11,-1.3603942083072196e-11,0.0011628679931163788,0.02777181752026081,TRACKING,True,11
97199406464276,0.0020831000001635402,0.02815017320710548,0.0004508777198012964,-0.0009615117454059141,0.028277915726408122,2.21945174912197e-11,-1.3603942083072196e-11,0.0010619772365316749,0.028150172904133797,TRACKING,True,11
97199408546439,0.002082115999655798,0.028692303932282708,-0.000742054486725555,0.0005390633732616743,0.028319558986378546,2.21945174912197e-11,-1.3603942083072196e-11,0.000917188182938844,0.028692303225398064,TRACKING,True,11
97199410628092,0.0020816420001210645,0.029728003545047677,-0.0005917731559008575,-1.762784388923743e-07,0.028361192046348977,2.21945174912197e-11,-1.3603942083072196e-11,0.000591773190535605,0.029728002846240997,TRACKING,True,11
97199412720489,0.0020930509926984087,0.028620251197235293,-0.00025166727013369993,0.0003065624737065886,0.028403039986319257,2.21945174912197e-11,-1.3603942083072196e-11,0.00039663203642703593,0.028620250523090363,TRACKING,True,11
97199414805696,0.0020850720029557124,0.02812170565562049,-0.0002496656990329136,-0.00037533709404871624,0.02844474412628964,2.21945174912197e-11,-1.3603942083072196e-11,0.0004507891717366874,0.0281217060983181,TRACKING,True,11
97199416871715,0.002064685002551414,0.02849292125771141,0.0002695819217933919,0.0005185788627800178,0.028486064506260293,2.21945174912197e-11,-1.3603942083072196e-11,0.0005844642291776836,0.028492921963334084,TRACKING,True,11
97199418951792,0.002080838006804697,0.02850535592460895,-0.0005039836176824934,-0.00021043964369912865,0.028527666046230745,2.21945174912197e-11,-1.3603942083072196e-11,0.0005461541586555541,0.0285053551197052,TRACKING,True,11
97199421153490,0.0022012109984643757,0.02834488441265489,-0.00016514203944453877,0.0003217112943478947,0.028571700006199473,2.21945174912197e-11,-1.3603942083072196e-11,0.0003616214089561254,0.028344884514808655,TRACKING,True,11
97199423244223,0.0020907049911329523,0.028573278027064643,7.559331611803543e-05,5.3788561212187644e-05,0.028613514666169775,2.21945174912197e-11,-1.3603942083072196e-11,9.277692879550159e-05,0.028573278337717056,TRACKING,True,11
97199425338441,0.002095561008900404,0.02863785508903503,-0.0002094032247230221,0.0003909798955136257,0.02865539902614003,2.21945174912197e-11,-1.3603942083072196e-11,0.000443525641458109,0.028637854382395744,TRACKING,True,11
97199427418438,0.0020784829976037145,0.028677850781079955,-3.140340524934469e-05,-0.0005365520504105628,0.028696998966110485,2.21945174912197e-11,-1.3603942083072196e-11,0.0005374702741391957,0.02867785096168518,TRACKING,True,11
97199429528191,0.0021097239950904623,0.02841012215079945,-0.00027766267673556854,0.00030501961668137894,0.02873919402608052,2.21945174912197e-11,-1.3603942083072196e-11,0.00041247246554121375,0.02841012179851532,TRACKING,True,11
97199431618978,0.002091834001475945,0.02792408062031996,0.0003836293695621017,7.877473887716666e-05,0.02878100976605082,2.21945174912197e-11,-1.3603942083072196e-11,0.000391633715480566,0.027924081310629845,TRACKING,True,11
97199433701844,0.0020825639949180186,0.028483269774233846,-0.000410651053025975,0.00026892085700756736,0.02882266708602123,2.21945174912197e-11,-1.3603942083072196e-11,0.0004908693372271955,0.02848326973617077,TRACKING,True,11
97199435788939,0.0020873020112048835,0.028985968244102468,-0.0009767721691549248,-0.0003314350051903631,0.028864408985991588,2.21945174912197e-11,-1.3603942083072196e-11,0.0010314712999388576,0.028985967859625816,TRACKING,True,11
97199437874540,0.0020852309971814975,0.028461337782780396,-2.2593846176761278e-05,-0.00030489282526787473,0.028906121005961963,2.21945174912197e-11,-1.3603942083072196e-11,0.0003057288413401693,0.028461337089538574,TRACKING,True,11
97199439954981,0.002080443999147974,0.029190237382538266,-0.0002478097903414065,-0.0001249931951181391,0.02894772982593241,2.21945174912197e-11,-1.3603942083072196e-11,0.0002775481843855232,0.02919023670256138,TRACKING,True,11
97199442030584,0.0020756430021720007,0.029622441253360558,-0.000107265308100381,-0.00023622045167852982,0.02898924188590293,2.21945174912197e-11,-1.3603942083072196e-11,0.00025943390210159123,0.02962244115769863,TRACKING,True,11
97199444096092,0.002064731001155451,0.029061540955196023,-0.0006368548811772502,-0.0007865624341225883,0.02903055204587359,2.21945174912197e-11,-1.3603942083072196e-11,0.0010120596271008253,0.029061540961265564,TRACKING,True,11
97199446160568,0.0020645229960791767,0.029067435367730897,-0.0002851836426390431,-0.0007057306989289578,0.02907184156584427,2.21945174912197e-11,-1.3603942083072196e-11,0.0007611737819388509,0.02906743623316288,TRACKING,True,11
97199448226158,0.0020655900007113814,0.029582688945195678,0.00034814982946971835,0.00011677288409526382,0.029113153365814926,2.21945174912197e-11,-1.3603942083072196e-11,0.0003672114107757807,0.029582688584923744,TRACKING,True,11
97199450291920,0.0020657449931604788,0.028892067744946043,-9.622567343163914e-05,-0.0002846541456632606,0.029154468605785584,2.21945174912197e-11,-1.3603942083072196e-11,0.00030047856853343546,0.028892068192362785,TRACKING,True,11
97199452369513,0.002078319012071006,0.02962770709425589,-0.0007168155208469216,0.0001368792464457051,0.029196020465756076,2.21945174912197e-11,-1.3603942083072196e-11,0.0007297673728317022,0.029627706855535507,TRACKING,True,11
97199454448354,0.002078649995382875,0.029247274490868534,-0.0005648900201901687,0.0003097109113812901,0.029237597285726547,2.21945174912197e-11,-1.3603942083072196e-11,0.000644221727270633,0.02924727462232113,TRACKING,True,11
97199456525413,0.0020770709961652756,0.029109635140234843,0.0009348265264850456,0.0005872001867412285,0.029279138465697043,2.21945174912197e-11,-1.3603942083072196e-11,0.0011039495002478361,0.029109634459018707,TRACKING,True,11
97199458602512,0.0020771630079252645,0.029293240797325447,-0.00018772693763557296,-0.00034062047884895547,0.02932068044566754,2.21945174912197e-11,-1.3603942083072196e-11,0.00038892636075615883,0.02929324097931385,TRACKING,True,11
97199460681093,0.0020787109970115125,0.02900213993076989,0.00015794302331870324,-0.0007162626889301169,0.029362252065638014,2.21945174912197e-11,-1.3603942083072196e-11,0.0007334699621424079,0.02900213934481144,TRACKING,True,11
97199462747007,0.002065177002805285,0.029889374038883986,0.00034937971266412344,-6.676665449869564e-05,0.02940357034560867,2.21945174912197e-11,-1.3603942083072196e-11,0.00035570209729485214,0.02988937310874462,TRACKING,True,11
97199464810245,0.0020631669904105365,0.029819876513348692,0.0011489376402120581,0.00014855702365896764,0.029444835105579364,2.21945174912197e-11,-1.3603942083072196e-11,0.0011585019528865814,0.029819875955581665,TRACKING,True,11
97199466886972,0.0020774730073753744,0.030346092091957464,-0.00014660756372418364,-0.0003029696206678613,0.029486369645549865,2.21945174912197e-11,-1.3603942083072196e-11,0.0003365774464327842,0.030346091836690903,TRACKING,True,11
97199468964172,0.0020771109993802384,0.030028769867186028,-0.0009577266465647841,0.0004798058643358211,0.029527913645520362,2.21945174912197e-11,-1.3603942083072196e-11,0.0010711927898228168,0.030028769746422768,TRACKING,True,11
97199471028962,0.0020650419901357964,0.029568799984901226,-0.00024014895938151835,4.29605041067703e-05,0.029569209445491032,2.21945174912197e-11,-1.3603942083072196e-11,0.0002439613308524713,0.029568800702691078,TRACKING,True,11
97199473095670,0.0020658710127463564,0.029666215755022065,0.0006237961400444038,0.0004209015661172851,0.029610543605461677,2.21945174912197e-11,-1.3603942083072196e-11,0.0007525156252086163,0.029666215181350708,TRACKING,True,11
97199475159585,0.0020638849964598194,0.029752278964839986,-0.00011027284845699802,-0.0004722738923488366,0.02965182190543236,2.21945174912197e-11,-1.3603942083072196e-11,0.0004849770339205861,0.029752278700470924,TRACKING,True,11
97199477223168,0.0020635039982153103,0.02979264447952799,-0.0012875745570703177,0.0004829612459189503,0.029693093565403048,2.21945174912197e-11,-1.3603942083072196e-11,0.0013751726364716887,0.02979264408349991,TRACKING,True,11
97199479286568,0.0020635300024878234,0.029733813595495786,-0.0008309459297928637,0.0002824475132215436,0.02973436156537374,2.21945174912197e-11,-1.3603942083072196e-11,0.0008776375907473266,0.029733814299106598,TRACKING,True,11
97199481352410,0.00206588399305474,0.029331227971032506,-0.00023301709833004102,-0.0008930495757501787,0.029775678405344397,2.21945174912197e-11,-1.3603942083072196e-11,0.0009229488205164671,0.029331227764487267,TRACKING,True,11
97199483430422,0.0020784610096598044,0.029442777280456977,7.973445789490333e-05,-4.2235272318177175e-05,0.02981723864531488,2.21945174912197e-11,-1.3603942083072196e-11,9.022971062222496e-05,0.02944277785718441,TRACKING,True,11
97199485509095,0.002078740988508798,0.03000328455852372,-0.00036567266103916226,0.00028041352896251656,0.029858812105285352,2.21945174912197e-11,-1.3603942083072196e-11,0.0004608125891536474,0.03000328503549099,TRACKING,True,11
97199487589096,0.0020794200099771842,0.029158576521711367,-0.0002866377562237966,-0.0013274655548747298,0.02990041212525581,2.21945174912197e-11,-1.3603942083072196e-11,0.0013580595841631293,0.0291585773229599,TRACKING,True,11
97199489666658,0.0020782810024684295,0.02978492960535334,-0.0002775587149047108,-0.0001017145598269408,0.0299419633652263,2.21945174912197e-11,-1.3603942083072196e-11,0.0002956090320367366,0.029784929007291794,TRACKING,True,11
97199491733677,0.0020663589966716245,0.030263456620275374,0.0006502411208744603,-0.0005946591150797299,0.029983303745196938,2.21945174912197e-11,-1.3603942083072196e-11,0.0008811543229967356,0.03026345744729042,TRACKING,True,11
97199493799689,0.002065975990262814,0.029898010730660424,-0.0009858841980453072,0.0009071043513293318,0.030024623985167594,2.21945174912197e-11,-1.3603942083072196e-11,0.0013397036818787456,0.029898010194301605,TRACKING,True,11
97199495864448,0.0020647790079237893,0.030709125728585432,0.00022606532337817427,0.0005998496328524696,0.030065919165138264,2.21945174912197e-11,-1.3603942083072196e-11,0.0006410343921743333,0.030709125101566315,TRACKING,True,11
97199497942203,0.002078527002595365,0.030531220248405558,-0.00032242509816365845,0.00035550082138127183,0.030107474265108753,2.21945174912197e-11,-1.3603942083072196e-11,0.0004799362213816494,0.030531220138072968,TRACKING,True,11
97199500027637,0.002085147993057035,0.03073253281233198,0.0004001431282026129,-4.495325086627149e-05,0.03014918294507913,2.21945174912197e-11,-1.3603942083072196e-11,0.0004026603128295392,0.0307325329631567,TRACKING,True,11
97199502091431,0.0020632240048144013,0.02999610842220689,0.0011861978040559678,0.00013537802668612487,0.030190458825049813,2.21945174912197e-11,-1.3603942083072196e-11,0.001193898031488061,0.029996108263731003,TRACKING,True,11
97199504155987,0.0020646379998652264,0.03050481892007572,-0.000701244305490369,0.00034140916250378244,0.03023174994502049,2.21945174912197e-11,-1.3603942083072196e-11,0.0007799383020028472,0.030504819005727768,TRACKING,True,11
97199506221990,0.0020659939909819514,0.0303965496896222,-0.0004308935642161493,0.000644759954544367,0.030273070004991146,2.21945174912197e-11,-1.3603942083072196e-11,0.0007754899561405182,0.03039654903113842,TRACKING,True,11
97199508287831,0.002065791006316431,0.030313040326342085,0.0003240983469126554,0.0002302939656269684,0.0303143868249618,2.21945174912197e-11,-1.3603942083072196e-11,0.00039758652565069497,0.03031304106116295,TRACKING,True,11
97199510352827,0.002065028005745262,0.030006087772555673,0.00014469801055238,0.0006920986130004965,0.03035568674493247,2.21945174912197e-11,-1.3603942083072196e-11,0.000707062950823456,0.030006088316440582,TRACKING,True,11
97199512416813,0.0020639669965021312,0.029844123194639433,-0.0005183974958643714,-0.0004558505708592772,0.03039696646490315,2.21945174912197e-11,-1.3603942083072196e-11,0.000690315617248416,0.029844123870134354,TRACKING,True,11
97199514494330,0.0020780850027222186,0.030808716477592837,-0.00023121602471952912,0.00014696127868327338,0.030438516804873642,2.21945174912197e-11,-1.3603942083072196e-11,0.00027396800578571856,0.030808717012405396,TRACKING,True,11
97199516573102,0.0020788940018974245,0.031050995078013795,-0.0005630395738175117,0.0007363808989065024,0.030480092244844114,2.21945174912197e-11,-1.3603942083072196e-11,0.0009269684087485075,0.031050994992256165,TRACKING,True,11
97199518653114,0.0020797929901164025,0.030535793711637043,-8.8053499943706e-05,0.0007643244604891071,0.03052169248481457,2.21945174912197e-11,-1.3603942083072196e-11,0.0007693797815591097,0.03053579293191433,TRACKING,True,11
97199520733188,0.0020799860067199916,0.030791355681890602,-0.0006581938244270023,-3.0185023612276363e-05,0.030563293964785024,2.21945174912197e-11,-1.3603942083072196e-11,0.0006588856340385973,0.030791355296969414,TRACKING,True,11
97199522801220,0.0020676109998021275,0.030218311986778504,0.00013224433793405103,-0.00023575662745780785,0.030604654604755647,2.21945174912197e-11,-1.3603942083072196e-11,0.00027031416539102793,0.03021831251680851,TRACKING,True,11
97199524878660,0.0020779019978363067,0.030475933778634237,0.00047870699726466345,-0.0008474310379578493,0.030646203404726142,2.21945174912197e-11,-1.3603942083072196e-11,0.0009732932085171342,0.030475933104753494,TRACKING,True,11
97199526956094,0.0020775900047738105,0.030827524129407282,-0.00011761397310977757,0.00016089045979623148,0.030687752084696634,2.21945174912197e-11,-1.3603942083072196e-11,0.00019929572590626776,0.03082752414047718,TRACKING,True,11
97199529028631,0.0020723310008179396,0.029542742747806848,-0.0004779740168106742,-0.00020462600161490235,0.030729202824667193,2.21945174912197e-11,-1.3603942083072196e-11,0.000519933586474508,0.029542742297053337,TRACKING,True,11
97199531094739,0.0020656439883168787,0.03159600498623157,-0.0006287969076121668,-0.0005628676737579766,0.030770524984637844,2.21945174912197e-11,-1.3603942083072196e-11,0.0008439227240160108,0.03159600496292114,TRACKING,True,11
97199533160197,0.0020655469998018816,0.03071527094110278,0.00015803377864084957,-0.00030731867028792337,0.03081183414460851,2.21945174912197e-11,-1.3603942083072196e-11,0.00034557117032818496,0.030715271830558777,TRACKING,True,11
97199535225677,0.0020654830004787073,0.03089530351703799,-0.0008186631360939143,0.0008439050789680357,0.03085314374457917,2.21945174912197e-11,-1.3603942083072196e-11,0.00117574876639992,0.030895303934812546,TRACKING,True,11
97199537291512,0.002065913999103941,0.030724301990384777,6.314662244409272e-05,0.0013504087538936992,0.030894460444549826,2.21945174912197e-11,-1.3603942083072196e-11,0.0013518843334168196,0.03072430193424225,TRACKING,True,11
97199539369348,0.0020782880019396544,0.03065416511890632,-0.000621066632204008,-0.000495228687003557,0.03093601716452031,2.21945174912197e-11,-1.3603942083072196e-11,0.0007943394593894482,0.030654165893793106,TRACKING,True,11
97199541447850,0.002078570003504865,0.031812508847936766,-9.521995109334824e-05,-0.0003919914297023398,0.03097758720449079,2.21945174912197e-11,-1.3603942083072196e-11,0.00040339078987017274,0.031812507659196854,TRACKING,True,11
97199543527450,0.0020795839955098927,0.031000642412916543,-2.4399511880411564e-05,0.0005031255294998196,0.03101917920446125,2.21945174912197e-11,-1.3603942083072196e-11,0.0005037168739363551,0.031000642105937004,TRACKING,True,11
97199545605831,0.0020783560030395165,0.03142088233971505,0.00018861227935536225,0.00024151886139544236,0.031060746824431728,2.21945174912197e-11,-1.3603942083072196e-11,0.00030644077924080193,0.031420882791280746,TRACKING,True,11
97199547683853,0.0020780010090675205,0.030699406751361017,-0.0006295023242846271,0.00020317876579421446,0.03110230726440221,2.21945174912197e-11,-1.3603942083072196e-11,0.0006614792509935796,0.030699407681822777,TRACKING,True,11
97199549761105,0.002077313998597674,0.031407361245004956,8.605588346211289e-05,0.00014430597954757636,0.031143852304372704,2.21945174912197e-11,-1.3603942083072196e-11,0.00016801734454929829,0.03140735998749733,TRACKING,True,11
97199551885730,0.002125818995409645,0.03150307992634599,-0.0005695327815386186,-0.0001688469164301427,0.031186344804342528,2.21945174912197e-11,-1.3603942083072196e-11,0.0005940344417467713,0.03150308132171631,TRACKING,True,11
97199553985393,0.002099286997690797,0.03079606651960873,-0.0009291170825833014,0.0002671111721008373,0.031228338064312702,2.21945174912197e-11,-1.3603942083072196e-11,0.0009667507256381214,0.03079606592655182,TRACKING,True,11
97199556040265,0.00205431500216946,0.031156482562675593,0.00020471050640322435,0.0003166719138554556,0.031269435504283516,2.21945174912197e-11,-1.3603942083072196e-11,0.0003770775510929525,0.03115648217499256,TRACKING,True,11
97199558114301,0.0020732499979203567,0.03085988066286024,0.000754546856477228,0.0001525080286856913,0.031310916224254054,2.21945174912197e-11,-1.3603942083072196e-11,0.0007698049303144217,0.03085988014936447,TRACKING,True,11
97199560182966,0.002068536006845534,0.03185768742153819,0.0008478159025547588,-0.00023741160879714137,0.03135228952422467,2.21945174912197e-11,-1.3603942083072196e-11,0.0008804294629953802,0.0318576879799366,TRACKING,True,11
97199562249236,0.0020662829920183867,0.03108628764392527,9.043045001770569e-05,0.000555711271169645,0.031393614924195325,2.21945174912197e-11,-1.3603942083072196e-11,0.0005630210507661104,0.031086288392543793,TRACKING,True,11
97199564350180,0.0021020040003350005,0.032007211429935845,-0.0009843836691165425,0.0007184879080162222,0.03143563380416548,2.21945174912197e-11,-1.3603942083072196e-11,0.001218702644109726,0.032007209956645966,TRACKING,True,11
97199566465103,0.002114507995429449,0.0312554706064717,0.00024555969474844146,-0.0006618549862145123,0.03147793226413544,2.21945174912197e-11,-1.3603942083072196e-11,0.0007059402414597571,0.03125547245144844,TRACKING,True,11
97199568583178,0.0021180430048843846,0.031079200104941616,0.00018316234204500116,-0.0008921619240069784,0.03152029376410535,2.21945174912197e-11,-1.3603942083072196e-11,0.0009107696241699159,0.03107920102775097,TRACKING,True,11
97199570773241,0.0021901309955865145,0.0319680447860805,-0.0002693667809321599,0.0001384216065899282,0.03156409502407424,2.21945174912197e-11,-1.3603942083072196e-11,0.0003028514620382339,0.031968045979738235,TRACKING,True,11
97199572987028,0.0022137690102681518,0.031682473192216794,-0.00027705128501941166,0.0006567098012248848,0.0316083707640428,2.21945174912197e-11,-1.3603942083072196e-11,0.0007127588032744825,0.03168247267603874,TRACKING,True,11
97199575154948,0.002167885992093943,0.032822386534377114,0.000315378142220453,-0.0008578310401256694,0.03165172916401201,2.21945174912197e-11,-1.3603942083072196e-11,0.0009139679605141282,0.032822385430336,TRACKING,True,11
97199577253885,0.0020989230106351897,0.03175466073272146,-0.00011286982187152829,0.00045521082299629335,0.031693707903982196,2.21945174912197e-11,-1.3603942083072196e-11,0.000468995189294219,0.03175466135144234,TRACKING,True,11
97199579353114,0.0020991909987060353,0.031766379611572866,0.001071620608527763,0.0003465885995688117,0.031735692483952374,2.21945174912197e-11,-1.3603942083072196e-11,0.0011262745829299092,0.0317663811147213,TRACKING,True,11
97199581428729,0.0020755329896928743,0.032076410278977154,-0.0001715015943320188,-0.0004447090779639613,0.031777204783922895,2.21945174912197e-11,-1.3603942083072196e-11,0.00047663296572864056,0.032076410949230194,TRACKING,True,11
97199583513096,0.0020848359999945387,0.03177646379946657,0.00010148962361814399,0.00023961134646568216,0.031818892123893286,2.21945174912197e-11,-1.3603942083072196e-11,0.00026021862868219614,0.031776465475559235,TRACKING,True,11
97199585709682,0.002195998007664457,0.031963418632004546,-0.00013995327564368098,2.4755896862038485e-05,0.03186282384386208,2.21945174912197e-11,-1.3603942083072196e-11,0.00014212590758688748,0.031963419169187546,TRACKING,True,11
97199589115867,0.0034059829922625795,0.013404979406876464,-0.001156077614758267,-0.0007241376858204187,0.013636288942837855,-0.000661273279155119,-0.0002903866149807544,0.001364144729450345,0.01340497937053442,TRACKING,True,11
97199591867982,0.0027532170061022043,0.013937790273290132,-0.000243618200501978,-0.0003746087574595943,0.013691331242798763,-0.000606415652644916,-0.0002662968459260604,0.00044685741886496544,0.01393778994679451,TRACKING,True,11
97199593947671,0.002079191996017471,0.013664623044187215,-0.0002918251112429562,-0.0003162822830399984,0.013732925022769222,-0.0005649614247440551,-0.0002480929453929839,0.0004303444584365934,0.01366462279111147,TRACKING,True,11
97199596056760,0.0021097270073369145,0.015346005043391352,-0.0004586404826767174,-0.0004893405402583387,0.013775106802739264,-0.0005229211696534148,-0.00022963170124955397,0.0006706751883029938,0.015346004627645016,TRACKING,True,11
97199598131045,0.0020731959957629442,0.01291119099881577,-0.000376493644038165,0.00030103061984606584,0.013816592502709802,-0.0004815746591312468,-0.000211475102922952,0.0004820444737561047,0.012911191210150719,TRACKING,True,11
97199600218560,0.0020877899951301515,0.013830177940132483,0.00018062340549599934,-0.0004897213753894184,0.013858342802680149,-0.00043996443637367796,-0.00019320269997169097,0.0005219692247919738,0.01383017748594284,TRACKING,True,11
97199602293284,0.0020743490022141486,0.013849282516886757,-0.0004912951300262207,-0.0005507060516492142,0.013899837282650679,-0.0003986091753094585,-0.00017504225899730178,0.0007380027673207223,0.013849282637238503,TRACKING,True,11
97199604367277,0.0020739669998874888,0.013199997100748099,-0.0008336643035009808,-0.0011077870567327334,0.01394131714262122,-0.000357268485193393,-0.0001568882166004353,0.0013864299980923533,0.013199997134506702,TRACKING,True,11
97199606511281,0.002144541998859495,0.014363742410236763,-0.000400249664941853,-0.0001899782264892319,0.013984197222590766,-0.0003145322729826455,-0.00013812135503675054,0.0004430479893926531,0.014363742433488369,TRACKING,True,11
97199609782906,0.0032712440006434917,0.013122644507403936,-0.0006718501929045126,-0.001142041120188722,0.013409797946873041,-0.0011477217054091174,-0.000718903756040637,0.0013250058982521296,0.013122644275426865,TRACKING,True,11
97199612510654,0.0027280720096314326,0.014306711919505017,-0.0005106154339815093,-0.0010092028205485634,0.013464352906834296,-0.0010531170533139831,-0.0006596458003572138,0.0011310253757983446,0.014306711964309216,TRACKING,True,11
97199614590222,0.002079735990264453,0.013405666403157148,-0.0006664257852635438,1.1240014394760592e-05,0.013505944266804758,-0.000980992792880771,-0.0006144689920946232,0.0006665205582976341,0.013405666686594486,TRACKING,True,11
97199616707343,0.0021167920058360323,0.013152154541872749,-0.0011570647563996076,0.0006840068284334123,0.013548286686774685,-0.0009075661069668586,-0.0005684763775296251,0.001344122109003365,0.01315215416252613,TRACKING,True,11
97199618774933,0.002067194989649579,0.014049425712913746,-0.00038760800326802144,0.000443252710983891,0.013589638486745317,-0.0008358572714639536,-0.0005235597809116498,0.0005888233426958323,0.014049425721168518,TRACKING,True,11
97199620861487,0.0020872920140391216,0.013854298666226839,-0.000991614600526239,-0.00134268564107028,0.013631369566715679,-0.000763490720284112,-0.00047823120786785343,0.0016691627679392695,0.013854298740625381,TRACKING,True,11
97199622945493,0.0020837569900322706,0.014103952132419594,-0.0012578943062731963,-9.757774793847933e-05,0.013673049686686077,-0.0006912125396771893,-0.0004329579879105891,0.001261673285625875,0.01410395186394453,TRACKING,True,11
97199625032370,0.0020869330037385225,0.012727371939744018,-0.0008560108989336891,-0.0003966050108050402,0.013714787226656436,-0.0006188347861052549,-0.00038762239797238547,0.0009434247040189803,0.012727372348308563,TRACKING,True,11
97199627100434,0.0020673919934779406,0.013130387734153875,-0.0008205102054649074,-0.0007585919154013162,0.01375614850662706,-0.0005471095111786592,-0.00034269550411617774,0.0011174519313499331,0.013130387291312218,TRACKING,True,11
97199629166553,0.0020661940070567653,0.013862369077021628,-0.0011049793735933336,-0.00042883918608008545,0.013797470886597713,-0.0004754516933809205,-0.000297810863695333,0.0011852774769067764,0.013862368650734425,TRACKING,True,11
97199631232748,0.0020662879978772253,0.01452586588250202,0.00029662364423233456,0.0006922758066268263,0.013838794786568364,-0.0004037912397262187,-0.00025292457224051,0.0007531476439908147,0.014525866135954857,TRACKING,True,11
97199633298527,0.0020656690030591562,0.014087710125152048,-0.0005356982329124609,-4.372123153660449e-05,0.01388011036653902,-0.0003321452139201566,-0.00020804731802430442,0.00053747947094962,0.014087710529565811,TRACKING,True,11
97199635377163,0.0020792360010091215,0.01427686257980823,-0.00012009791781486819,0.0005622363878273432,0.013921683086509496,-0.0002600532774170701,-0.00016289075665207797,0.0005749202682636678,0.014276862144470215,TRACKING,True,11
97199637467535,0.0020902870019199327,0.013634707130599954,-0.00029112540853928155,-0.0008773668852760429,0.013963490526479804,-0.00018755430910716406,-0.00011747924087500883,0.0009244061075150967,0.013634706847369671,TRACKING,True,11
97199639546255,0.0020789029949810356,0.013794585827779949,0.0005045338514015838,-4.6090013417386635e-05,0.014005064926450277,-0.00011545945928848685,-7.232085467575385e-05,0.0005066347075626254,0.013794586062431335,TRACKING,True,11
97199641648508,0.002101865000440739,0.014421134476676568,0.00017126638749227668,0.00045550306128870263,0.014047109986420416,-4.2548430234134235e-05,-2.66512344948048e-05,0.00048663662164472044,0.014421134255826473,TRACKING,True,11
97199643792335,0.0021439789998112246,0.013672306974862554,0.00026744721635429383,0.0003398519172992466,0.014089986526389965,-1.0948731504756282e-11,1.667071569764339e-11,0.00043246656423434615,0.013672307133674622,TRACKING,True,11
97199647254449,0.0034616640041349456,0.013705135318979109,2.9130537081939402e-05,-0.0013841537466795866,0.01312637028740129,-0.0006680954439877515,-0.0011356586288679101,0.0013844602508470416,0.013705135323107243,TRACKING,True,11
97199650134717,0.0028806939953938127,0.012468250866110397,-0.0009310280706035935,-0.0003751869283137088,0.013183975647360378,-0.0006100421872040359,-0.0010369770882959373,0.001003782032057643,0.012468250468373299,TRACKING,True,11
97199652235042,0.002100668993080035,0.012729379943824832,-0.001255898401271688,-0.001620518193350129,0.013225982147330544,-0.0005677090756483552,-0.000965017358610426,0.002050209790468216,0.012729380279779434,TRACKING,False,12
97199654300052,0.002064347005216405,0.012617110868532355,-0.00016573865668898386,-0.001278000788950602,0.013267282347301212,-0.0005260877557604349,-0.0008942675644605311,0.0012887029442936182,0.012617111206054688,TRACKING,True,13
97199656378040,0.0020783789950655773,0.01299657240366695,8.730421656297986e-05,-0.000355118743506544,0.013308842107271696,-0.0004842048577254328,-0.0008230731279948715,0.0003656929766293615,0.012996572069823742,TRACKING,True,13
97199658458464,0.002080288002616726,0.013791165204216287,-0.0008249485729458257,-0.0016035402879802539,0.013350450587242145,-0.0004422728608796516,-0.0007517952311592625,0.0018032974330708385,0.013791165314614773,TRACKING,True,13
97199660538491,0.002080288002616726,0.013568066866880606,0.0004773566897809541,-0.0008585819094924552,0.0133920511272126,-0.000400348865769453,-0.0006805309360341913,0.0009823605651035905,0.013568066991865635,TRACKING,True,13
97199662606186,0.002066953995381482,0.013297487900854821,-0.001982772755905611,0.0002565112203816546,0.01343340502718323,-0.0003586734283499473,-0.0006096891504666799,0.001999296247959137,0.01329748798161745,TRACKING,True,13
97199664682932,0.0020770850096596405,0.013375333628010968,-0.0011873823450964246,-0.0005681157257897826,0.013474939947153732,-0.00031681556345246066,-0.0005385372664556496,0.0013162950053811073,0.01337533351033926,TRACKING,True,13
97199666762214,0.0020796110038645566,0.01321875659071577,3.906587913073828e-05,0.000609325172547651,0.013516525587124198,-0.00027490658419367027,-0.00046729849595110885,0.000610576244071126,0.013218756765127182,TRACKING,True,13
97199668829650,0.002066891989670694,0.013155285036192487,-0.00015544397954495723,-0.0005888427583435152,0.013557874307094831,-0.00023323636705002335,-0.0003964655840436208,0.0006090144743211567,0.013155285269021988,TRACKING,True,13
97199670907055,0.00207788500119932,0.013267232462660065,3.873093241392404e-05,0.00044843979492214907,0.013599422407065324,-0.00019136521967457961,-0.00032529112187832255,0.0004501092480495572,0.013267232105135918,TRACKING,True,13
97199672984426,0.0020774410077137873,0.013860962403477213,-0.0003628204581966584,5.097643159265614e-06,0.013640969827035816,-0.00014949475758631423,-0.00025411782459503515,0.0003628562844824046,0.013860962353646755,TRACKING,True,13
97199675032142,0.002047631991445087,0.013800254562571567,0.00029935076190986076,-0.000459758868067871,0.01368192414700673,-0.0001082220070061172,-0.00018396054425380386,0.0005486247246153653,0.01380025502294302,TRACKING,True,13
97199677094750,0.002061944003798999,0.01379208599550882,0.0007570527911802379,-0.00010376600798895407,0.013723176306977433,-6.664910064179774e-05,-0.00011329304559184778,0.0007641310803592205,0.013792086392641068,TRACKING,True,13
97199679277828,0.00218352499359753,0.014255375434076295,-2.7855296277093266e-05,-3.1556272254213403e-06,0.013766837866946423,-2.2648060560499653e-05,-3.8498095875786134e-05,2.803346978907939e-05,0.014255375601351261,TRACKING,True,13
97199681364907,0.002087068001856096,0.013437306598335157,0.0014248777576760072,0.0005990135285368342,0.013808579446916778,-2.4758319526474448e-11,5.5437496390350893e-11,0.001545669394545257,0.013437306508421898,TRACKING,True,13
97199683479003,0.0021141860052011907,0.01444119270525544,0.0005788550121877226,-0.0005099526711546888,0.01385086136688675,-2.4758319526474448e-11,5.5437496390350893e-11,0.0007714433595538139,0.014441193081438541,TRACKING,True,13
97199685603342,0.0021246840042294934,0.013514154548487409,-9.066085563269198e-05,-0.000840631101302365,0.013893348146856575,-2.4758319526474448e-11,5.5437496390350893e-11,0.0008455057395622134,0.013514154590666294,TRACKING,True,13
97199687675372,0.0020715779974125326,0.013482994121560184,0.00041494862599601815,-0.0010675425034886363,0.013934788746827144,-2.4758319526474448e-11,5.5437496390350893e-11,0.0011453510960564017,0.01348299439996481,TRACKING,True,13
97199689791730,0.0021165399957681075,0.013526918525705324,-5.206041436379595e-05,-4.869155081596933e-05,0.013977115906797082,-2.4758319526474448e-11,5.5437496390350893e-11,7.128221477614716e-05,0.0135269183665514,TRACKING,True,13
97199691987072,0.002225135001935996,0.014002841578210952,-0.0003836351099368108,0.0004531691677619277,0.014021022746765898,-2.4758319526474448e-11,5.5437496390350893e-11,0.0005937492824159563,0.014002841897308826,TRACKING,True,13
97199694136504,0.0021194319997448474,0.012880082928306388,0.00020640450270941057,-0.0007587766382354446,0.014064011386735367,-2.4758319526474448e-11,5.5437496390350893e-11,0.0007863490027375519,0.012880083173513412,TRACKING,True,13
97199696220884,0.0020843810052610934,0.013740610146215708,-3.86958670596781e-05,0.0008030795551243414,0.01410569898670576,-2.4758319526474448e-11,5.5437496390350893e-11,0.0008040113025344908,0.01374061033129692,TRACKING,True,13
97199698312173,0.002091439993819222,0.013689673133999077,-0.0007263024241714619,0.00048619066525730997,0.014147524766676056,-2.4758319526474448e-11,5.5437496390350893e-11,0.0008740117773413658,0.013689673505723476,TRACKING,True,13
97199700404570,0.0020933019986841828,0.014145877371692372,4.75935057649687e-06,0.0002793301719299608,0.014189372706646336,-2.4758319526474448e-11,5.5437496390350893e-11,0.0002793707244563848,0.014145877212285995,TRACKING,True,13
97199702490353,0.0020856060000369325,0.014731764655527458,7.844689049209909e-05,-0.0010580124749895782,0.014231088366616709,-2.4758319526474448e-11,5.5437496390350893e-11,0.0010609168093651533,0.014731764793395996,TRACKING,True,13
97199704569807,0.0020791209972230718,0.014168238007755364,9.274255111450156e-06,-0.0005811909487336235,0.014272677446587171,-2.4758319526474448e-11,5.5437496390350893e-11,0.0005812649033032358,0.014168238267302513,TRACKING,True,13
97199706656046,0.0020862149976892397,0.013800392675034124,0.0003181292005191349,0.00012149446914468791,0.014314402226557539,-2.4758319526474448e-11,5.5437496390350893e-11,0.00034053940908052027,0.013800392858684063,TRACKING,True,13
97199708736415,0.0020804030064027756,0.01390137742162,0.0002808171372309469,6.636793355284914e-05,0.014356009606527989,-2.4758319526474448e-11,5.5437496390350893e-11,0.0002885532157961279,0.013901377096772194,TRACKING,True,13
97199710818234,0.002081776998238638,0.013749301688585345,-0.0001385024462283715,-0.0006592281664265137,0.014397645986498418,-2.4758319526474448e-11,5.5437496390350893e-11,0.000673620612360537,0.013749301433563232,TRACKING,True,13
97199712897938,0.0020797769975615665,0.014005334089013931,0.00014975999738528145,-0.0006145872123948527,0.014439240066468876,-2.4758319526474448e-11,5.5437496390350893e-11,0.0006325705326162279,0.014005334116518497,TRACKING,True,13
97199714977250,0.002079231009702198,0.013855218079679746,0.00018776458211802995,-0.0005062272780751425,0.014480826306439341,-2.4758319526474448e-11,5.5437496390350893e-11,0.000539927335921675,0.013855217956006527,TRACKING,True,13
97199717022819,0.0020451210002647713,0.014383800296229463,-0.0001273201746739514,-8.204635612670886e-05,0.014521737686410286,-2.4758319526474448e-11,5.5437496390350893e-11,0.00015146627265494317,0.014383800327777863,TRACKING,True,13
97199719107366,0.0020844809914706275,0.014753211739603115,-0.00021789698787486698,-0.00038934552231179547,0.014563428626380678,-2.4758319526474448e-11,5.5437496390350893e-11,0.0004461715288925916,0.014753211289644241,TRACKING,True,13
97199721174083,0.0020665780029958114,0.014372316133387224,0.0005824588557050357,0.00046617579490205796,0.01460476296635132,-2.4758319526474448e-11,5.5437496390350893e-11,0.0007460416527464986,0.014372316189110279,TRACKING,True,13
97199723236696,0.002062451996607706,0.014618556584557319,0.0006161712845764628,0.00035536741599401223,0.014646015226322024,-2.4758319526474448e-11,5.5437496390350893e-11,0.0007113037863746285,0.014618556946516037,TRACKING,True,13
97199725299726,0.0020629229984479025,0.01414946673010991,0.0007576652426708745,0.001403615266586207,0.01468727582629272,-2.4758319526474448e-11,5.5437496390350893e-11,0.0015950524248182774,0.014149466529488564,TRACKING,True,13
97199727366338,0.002066817003651522,0.014910600924432098,-0.0008118620504063647,0.000752085769385277,0.014728608066263365,-2.4758319526474448e-11,5.5437496390350893e-11,0.0011066856095567346,0.014910601079463959,TRACKING,True,13
97199729454336,0.0020887739956378937,0.015075921961259836,-5.3648933954411854e-05,-0.0010190825525111843,0.014770368026233707,-2.4758319526474448e-11,5.5437496390350893e-11,0.001020493684336543,0.015075922012329102,TRACKING,True,13
97199731538515,0.002084096006001346,0.014760059780429498,-0.00015051483635685945,-0.00015837702455458468,0.014812051606204102,-2.4758319526474448e-11,5.5437496390350893e-11,0.00021849026961717755,0.014760060235857964,TRACKING,True,13
97199733622380,0.0020840729994233698,0.01464249623873093,0.0004819855267657997,-0.0002110230660967615,0.014853728906174504,-2.4758319526474448e-11,5.5437496390350893e-11,0.0005261566257104278,0.014642496593296528,TRACKING,True,13
97199735714521,0.0020913500047754496,0.015111919010946625,-0.0009554073684133351,-0.0004952972403900715,0.014895571726144786,-2.4758319526474448e-11,5.5437496390350893e-11,0.001076161046512425,0.015111918561160564,TRACKING,True,13
97199737811274,0.002097537988447584,0.014934062984012087,-0.0004466128035107711,1.9540711337257553e-05,0.014937506786115003,-2.4758319526474448e-11,5.5437496390350893e-11,0.0004470400745049119,0.014934062957763672,TRACKING,True,13
97199739929134,0.0021173590066609904,0.014955535549652739,9.553748457229114e-05,-0.0001645494490538095,0.014979863986084922,-2.4758319526474448e-11,5.5437496390350893e-11,0.00019027330563403666,0.014955535531044006,TRACKING,True,13
97199742036034,0.0021067180059617385,0.015342919187014727,-0.0006813156020101611,-0.0001990526472787696,0.015022001986054995,-2.4758319526474448e-11,5.5437496390350893e-11,0.0007097977795638144,0.015342919155955315,TRACKING,True,13
97199744109696,0.00207356498867739,0.015829528459054564,-0.00020754112584232083,0.0007704807631035084,0.015063475226025538,-2.4758319526474448e-11,5.5437496390350893e-11,0.0007979435613378882,0.015829527750611305,TRACKING,True,13
97199746182009,0.0020723870111396536,0.015281652296829262,-0.00011776271009118572,4.690925931867943e-05,0.015104921485996103,-2.4758319526474448e-11,5.5437496390350893e-11,0.00012676171900238842,0.015281652100384235,TRACKING,True,13
97199748250192,0.0020678849978139624,0.015949329477204458,-0.00015560059729941302,-0.0005553348228635294,0.015146285145966727,-2.4758319526474448e-11,5.5437496390350893e-11,0.0005767220864072442,0.015949329361319542,TRACKING,True,13
97199750331643,0.002082437989884056,0.015441052424235486,0.00036246882278051707,0.000431197953192796,0.015187914165937162,-2.4758319526474448e-11,5.5437496390350893e-11,0.0005633074906654656,0.015441052615642548,TRACKING,True,13
97199752413777,0.0020818510092794895,0.014468046921966581,0.00020201669936939344,3.6279375463048133e-05,0.015229556845907587,-2.4758319526474448e-11,5.5437496390350893e-11,0.0002052484778687358,0.014468046836555004,TRACKING,True,13
97199754497320,0.0020833809976466,0.01514918388371085,-0.00023502681065284945,0.00023611539178779672,0.015271227705877992,-2.4758319526474448e-11,5.5437496390350893e-11,0.0003331487241666764,0.015149183571338654,TRACKING,True,13
97199756577564,0.0020804130035685375,0.015280266683473619,-2.203978714862961e-05,0.0010026034108794719,0.015312832585848443,-2.4758319526474448e-11,5.5437496390350893e-11,0.001002845703624189,0.015280266292393208,TRACKING,True,13
97199758669531,0.0020920319948345423,0.015384223003822221,-0.0005795783004283772,-0.0004610688076835551,0.01535467192581873,-2.4758319526474448e-11,5.5437496390350893e-11,0.0007406047661788762,0.015384223312139511,TRACKING,True,13
97199760748267,0.002078871999401599,0.01501477299562008,-0.0008080711638104212,0.0005433429783993045,0.015396246645789202,-2.4758319526474448e-11,5.5437496390350893e-11,0.0009737559012137353,0.015014773234724998,TRACKING,True,13
97199762811729,0.0020626440091291443,0.016368030644293555,-0.00031676628718734244,0.00045341436869427733,0.015437515885759891,-2.4758319526474448e-11,5.5437496390350893e-11,0.0005531053175218403,0.01636803150177002,TRACKING,True,13
97199764892713,0.0020815669995499775,0.015101855225393987,-0.0003449555187179013,-0.0008786957521092474,0.015479135565730334,-2.4758319526474448e-11,5.5437496390350893e-11,0.0009439812274649739,0.015101855620741844,TRACKING,True,13
97199766973625,0.002081062993966043,0.015489109756706873,0.0006153343055611747,0.0006304053772631772,0.015520753805700775,-2.4758319526474448e-11,5.5437496390350893e-11,0.0008809354621917009,0.015489109791815281,TRACKING,True,13
97199769028705,0.002054967000731267,0.015824301996373687,-0.0001361388730460484,0.0006014325051601485,0.015561855405671584,-2.4758319526474448e-11,5.5437496390350893e-11,0.0006166481180116534,0.015824301168322563,TRACKING,True,13
97199771094748,0.0020654789987020195,0.016472852560578195,-0.00038511436574227635,0.00013246428894508877,0.015603176265642239,-2.4758319526474448e-11,5.5437496390350893e-11,0.0004072589799761772,0.01647285185754299,TRACKING,True,13
97199773161163,0.002066344997729175,0.015617705699369462,-0.00032298725597897267,-0.0005894900437236009,0.015644504565612886,-2.4758319526474448e-11,5.5437496390350893e-11,0.0006721750251017511,0.015617705881595612,TRACKING,True,13
97199775227346,0.002066158995148726,0.015268418414841573,5.494296241182298e-05,0.00012743711042233387,0.015685828225583537,-2.4758319526474448e-11,5.5437496390350893e-11,0.0001387766096740961,0.01526841800659895,TRACKING,True,13
97199777292915,0.0020655740081565455,0.015796924201626195,0.0006406980847175666,-0.0003451735022053725,0.015727139605554198,-2.4758319526474448e-11,5.5437496390350893e-11,0.0007277628174051642,0.015796924009919167,TRACKING,True,13
97199779371083,0.0020789819973288104,0.015138327545072702,-0.0005905558283820234,0.00019771641240211716,0.01576870296552468,-2.4758319526474448e-11,5.5437496390350893e-11,0.000622774416115135,0.015138327144086361,TRACKING,True,13
97199781450603,0.0020794320007553324,0.01554049765320921,-0.0008249065858833173,0.00046257069667175364,0.01581029336549514,-2.4758319526474448e-11,5.5437496390350893e-11,0.0009457496926188469,0.01554049737751484,TRACKING,True,13
97199783529997,0.0020792199939023703,0.016552049859599894,9.043869525504405e-05,0.0003217626811820003,0.015851881245465604,-2.4758319526474448e-11,5.5437496390350893e-11,0.0003342310374137014,0.016552049666643143,TRACKING,True,13
97199785608509,0.002078430014080368,0.015195099463577949,-0.0007070009389846904,8.127431051869383e-05,0.01589345148543608,-2.4758319526474448e-11,5.5437496390350893e-11,0.0007116571068763733,0.015195099636912346,TRACKING,True,13
97199787687651,0.002079109995975159,0.016039872059779872,-9.637047281675691e-05,-0.00014451279455847185,0.015935034325406546,-2.4758319526474448e-11,5.5437496390350893e-11,0.00017369864508509636,0.01603987254202366,TRACKING,True,13
97199789768195,0.0020807719993172213,0.015662370768172847,0.000721364347702428,-0.0004283080555451516,0.015976645205376994,-2.4758319526474448e-11,5.5437496390350893e-11,0.0008389364229515195,0.01566237024962902,TRACKING,True,13
97199791848680,0.0020804609957849607,0.015951632983439993,0.0005195676912592795,-0.0005101107634241189,0.016018254905347445,-2.4758319526474448e-11,5.5437496390350893e-11,0.0007281232974492013,0.01595163345336914,TRACKING,True,13
97199793927317,0.0020785480010090396,0.01613194231050908,-5.72290108997625e-05,0.00030888758192720503,0.01605982764531792,-2.4758319526474448e-11,5.5437496390350893e-11,0.0003141443885397166,0.016131943091750145,TRACKING,True,13
97199796023407,0.002096209005685523,0.014879145327050838,-0.00014828370327120405,-0.0003927397277204739,0.016101749445288145,-2.4758319526474448e-11,5.5437496390350893e-11,0.0004198006063234061,0.014879145659506321,TRACKING,True,13
97199798088295,0.0020729609968839213,0.016688728060142786,-2.785977695543361e-05,-0.0002814322524743514,0.016143047205258814,-2.4758319526474448e-11,5.5437496390350893e-11,0.00028280785772949457,0.01668872870504856,TRACKING,True,13
97199800160133,0.00206310699286405,0.016627562400842708,0.00031995236342052515,0.0005083996538617283,0.016184483965229386,-2.4758319526474448e-11,5.5437496390350893e-11,0.0006006993935443461,0.016627563163638115,TRACKING,True,13
97199802225254,0.0020651400118367746,0.016767579742823866,0.0003848439312589811,-0.00028611367107820993,0.01622578638520005,-2.4758319526474448e-11,5.5437496390350893e-11,0.0004795475979335606,0.016767580062150955,TRACKING,True,13
97199804292346,0.0020671809907071292,0.01641630257732475,0.00014833639594644972,0.00018066046843837397,0.01626712822517069,-2.4758319526474448e-11,5.5437496390350893e-11,0.0002337560581509024,0.01641630195081234,TRACKING,True,13
97199806370334,0.0020786289969692007,0.01647786344467332,4.639467671717077e-05,-0.0002092501926481656,0.016308687985141176,-2.4758319526474448e-11,5.5437496390350893e-11,0.00021433178335428238,0.016477864235639572,TRACKING,True,13
97199808448994,0.0020786270033568144,0.016314404922189142,-0.0004906867177972359,-0.0004488736443386632,0.01635026118511165,-2.4758319526474448e-11,5.5437496390350893e-11,0.0006650271243415773,0.01631440408527851,TRACKING,True,13
97199810527693,0.0020784799999091774,0.016753717645149872,-0.0001597173482870939,4.615505682510887e-05,0.016391835165082122,-2.4758319526474448e-11,5.5437496390350893e-11,0.00016625259013380855,0.01675371825695038,TRACKING,True,13
97199812618371,0.0020914130000164732,0.016164446898203382,-0.0008161978554999906,-0.00020045963239423005,0.016433648725052426,-2.4758319526474448e-11,5.5437496390350893e-11,0.0008404540130868554,0.016164446249604225,TRACKING,True,13
97199814685364,0.0020656510023400187,0.017282549189296215,-5.19307273899904e-05,-0.0003409761430199582,0.016474988585023068,-2.4758319526474448e-11,5.5437496390350893e-11,0.00034490801044739783,0.017282549291849136,TRACKING,True,13
97199816764989,0.002080257996567525,0.016863000976543394,-0.00024223161059754226,-0.00030672778265144394,0.01651658108499353,-2.4758319526474448e-11,5.5437496390350893e-11,0.00039084278978407383,0.016863001510500908,TRACKING,True,13
97199818832028,0.0020666210039053112,0.01577588693863382,-0.000858473211975879,0.00020760040030649838,0.016557921864964166,-2.4758319526474448e-11,5.5437496390350893e-11,0.0008832180756144226,0.015775887295603752,TRACKING,True,13
97199820911997,0.002080563994240947,0.016667991965713377,1.8533097822070438e-05,0.0003455963591311975,0.016599521244934624,-2.4758319526474448e-11,5.5437496390350893e-11,0.00034609291469678283,0.016667991876602173,TRACKING,True,13
97199822985450,0.0020729700045194477,0.016410884448200522,8.946529595069081e-06,-0.0004345596681088482,0.016640990304905172,-2.4758319526474448e-11,5.5437496390350893e-11,0.0004346517671365291,0.016410885378718376,TRACKING,True,13
97199825035605,0.0020506010041572154,0.016250609256543088,-0.0003751950230774344,0.0004828772495464542,0.016681993404876052,-2.4758319526474448e-11,5.5437496390350893e-11,0.0006115077412687242,0.01625060848891735,TRACKING,True,13
97199827104307,0.0020681739988503978,0.017075923867534547,-0.0005044632996100803,-0.00016036906729026637,0.016723367444846666,-2.4758319526474448e-11,5.5437496390350893e-11,0.0005293405265547335,0.017075924202799797,TRACKING,True,13
97199829171414,0.002067061999696307,0.01682379830902709,-0.0004039281786835478,0.00033662497480339886,0.016764709584817305,-2.4758319526474448e-11,5.5437496390350893e-11,0.0005258082528598607,0.016823798418045044,TRACKING,True,13
97199831238700,0.0020672719983849674,0.016411892281111885,-0.00016908006664781555,-0.00016898696652229054,0.01680605530478794,-2.4758319526474448e-11,5.5437496390350893e-11,0.0002390495064901188,0.01641189306974411,TRACKING,True,13
97199833304897,0.002066255998215638,0.015922554537193222,-0.0008774777893859111,-0.0004333279725756597,0.01684737924475859,-2.4758319526474448e-11,5.5437496390350893e-11,0.0009786421433091164,0.015922553837299347,TRACKING,True,13
97199835383289,0.002078648001770489,0.01747956461554178,0.000288441676256593,0.00022349213365164476,0.01688894708472907,-2.4758319526474448e-11,5.5437496390350893e-11,0.00036489361082203686,0.017479564994573593,TRACKING,True,13
97199837464401,0.0020813580049434677,0.01661558402993665,-0.00023619995703839936,1.989709571554749e-05,0.01693056932469951,-2.4758319526474448e-11,5.5437496390350893e-11,0.00023703651095274836,0.01661558449268341,TRACKING,True,13
97199839543969,0.0020794570009456947,0.01710425476076519,-0.0007631730286675173,-0.00035829247041720743,0.01697216068466997,-2.4758319526474448e-11,5.5437496390350893e-11,0.0008430934976786375,0.0171042550355196,TRACKING,True,13
97199841636949,0.0020924359996570274,0.016627050441279108,0.000652667579105801,-0.0002756670356715355,0.017014020284640243,-2.4758319526474448e-11,5.5437496390350893e-11,0.0007084964890964329,0.016627050936222076,TRACKING,True,13
97199843714035,0.002077558994642459,0.016643293876513345,0.00040402582743184073,-0.0002242258655831117,0.01705556200461074,-2.4758319526474448e-11,5.5437496390350893e-11,0.0004620758700184524,0.01664329320192337,TRACKING,True,13
97199845780218,0.0020657099958043545,0.017558527364858415,-0.0004870282023224511,0.000937709580003781,0.01709688566458139,-2.4758319526474448e-11,5.5437496390350893e-11,0.001056643552146852,0.01755852811038494,TRACKING,True,13
97199847846435,0.0020662809984060004,0.017092902525408765,6.514257768261016e-05,-0.00012368490260669128,0.01713821000455204,-2.4758319526474448e-11,5.5437496390350893e-11,0.00013979095092508942,0.017092902213335037,TRACKING,True,13
97199849926566,0.002080617006868124,0.01715187083789933,5.572641938696488e-06,-0.0001694007700697147,0.017179812624522495,-2.4758319526474448e-11,5.5437496390350893e-11,0.0001694923994364217,0.01715187169611454,TRACKING,True,13
97199852021290,0.0020948449964635074,0.017837719730930977,-0.0011315140157169747,-0.0006108851407550645,0.01722170710449274,-2.4758319526474448e-11,5.5437496390350893e-11,0.0012858867412433028,0.01783771999180317,TRACKING,True,13
97199854088378,0.002066522996756248,0.017071559732177156,-7.069710138348154e-05,0.0007158671641735435,0.01726304886446338,-2.4758319526474448e-11,5.5437496390350893e-11,0.0007193495985120535,0.01707156002521515,TRACKING,True,13
97199856153179,0.0020646379998652264,0.017576128146656735,-4.600550383573501e-06,-0.00040577635097529,0.01730434488443405,-2.4758319526474448e-11,5.5437496390350893e-11,0.00040580242057330906,0.017576128244400024,TRACKING,True,13
97199858217128,0.0020638910064008087,0.01832344895292052,0.0004312156985870534,0.0012718078865568865,0.017345623864404733,-2.4758319526474448e-11,5.5437496390350893e-11,0.0013429230311885476,0.018323449417948723,TRACKING,True,13
97199860281047,0.0020640709990402684,0.016637975791192017,0.0008583923694285536,-5.262625668450495e-05,0.01738690224437542,-2.4758319526474448e-11,5.5437496390350893e-11,0.000860004045534879,0.016637975350022316,TRACKING,True,13
97199862359121,0.0020787440007552505,0.016999116108446143,6.17648707609843e-05,5.722784486917385e-05,0.0174284637243459,-2.4758319526474448e-11,5.5437496390350893e-11,8.420169615419582e-05,0.01699911616742611,TRACKING,True,13
97199864422902,0.002063031992292963,0.017310957020040683,-0.0007270551570034556,-0.00017648786021056166,0.017469739344316587,-2.4758319526474448e-11,5.5437496390350893e-11,0.0007481692009605467,0.017310956493020058,TRACKING,True,13
97199866499827,0.0020775700104422867,0.01686768335384669,4.280585263509832e-05,-0.0006827042842978742,0.017511277844287083,-2.4758319526474448e-11,5.5437496390350893e-11,0.0006840449059382081,0.016867684200406075,TRACKING,True,13
97199868580970,0.0020805690000997856,0.01766043120566347,-0.00020815365428774118,0.0004753985692413174,0.017552900704257524,-2.4758319526474448e-11,5.5437496390350893e-11,0.0005189718212932348,0.017660431563854218,TRACKING,True,13
97199870659043,0.0020786789973499253,0.01719833837898954,-0.0006809187402151176,-0.0007070724760990708,0.017594462164228004,-2.4758319526474448e-11,5.5437496390350893e-11,0.0009816322708502412,0.017198339104652405,TRACKING,True,13
97199872738014,0.002079126992612146,0.01776387586824508,0.001965888915430508,-0.0006961097145565812,0.017636041584198476,-2.4758319526474448e-11,5.5437496390350893e-11,0.0020854948088526726,0.017763875424861908,TRACKING,False,14
97199874817218,0.002078921999782324,0.017358095868394242,0.0007634830019699245,0.0003188185295629058,0.017677625664168944,-2.4758319526474448e-11,5.5437496390350893e-11,0.000827376323286444,0.017358096316456795,TRACKING,True,15
97199876897204,0.002080320002278313,0.018345799268741646,0.0001432761351715858,0.00023125812175643648,0.0177192253841394,-2.4758319526474448e-11,5.5437496390350893e-11,0.00027204479556530714,0.018345799297094345,TRACKING,True,15
97199878982585,0.0020854750036960468,0.017774550777507142,-0.000569831136107974,9.188683140903025e-05,0.017760933004109778,-2.4758319526474448e-11,5.5437496390350893e-11,0.0005771920550614595,0.01777455024421215,TRACKING,True,15
97199881035129,0.002052152995020151,0.017299663355750762,0.00029761938112497495,-0.0013814643132727777,0.01780198388408062,-2.4758319526474448e-11,5.5437496390350893e-11,0.0014131598873063922,0.01729966327548027,TRACKING,True,15
97199883106335,0.0020710240059997886,0.016783688820817006,-9.78926284197284e-05,1.8184759672173085e-05,0.017843408004051202,-2.4758319526474448e-11,5.5437496390350893e-11,9.956732537830248e-05,0.016783688217401505,TRACKING,True,15
97199885166846,0.0020600220013875514,0.01877707327435428,-0.0004439379438512547,0.0002787815146596761,0.017884618224021934,-2.4758319526474448e-11,5.5437496390350893e-11,0.0005242137121967971,0.018777072429656982,TRACKING,True,15
97199887224136,0.002057078992947936,0.016983949059516727,0.0011475068923626893,-0.0013471448231276006,0.01792576402399271,-2.4758319526474448e-11,5.5437496390350893e-11,0.001769624650478363,0.01698394864797592,TRACKING,True,15
97199889280507,0.0020565930026350543,0.018677552823170705,-0.00023248502629997074,-0.0009622211355313355,0.017966891443963504,-2.4758319526474448e-11,5.5437496390350893e-11,0.0009899084689095616,0.01867755316197872,TRACKING,True,15
97199891337056,0.002056598008493893,0.01766786689318571,0.0003823928175985856,-0.00013433294997896285,0.018008022423934292,-2.4758319526474448e-11,5.5437496390350893e-11,0.0004053018637932837,0.017667867243289948,TRACKING,True,15
97199893453972,0.0021171789994696155,0.017563816256263777,2.1895428699946662e-05,-7.160266050054251e-05,0.018050360743904224,-2.4758319526474448e-11,5.5437496390350893e-11,7.487557013519108e-05,0.017563816159963608,TRACKING,True,15
97199895526107,0.0020718539890367538,0.01848027653934972,0.0002717053546795776,-0.00030811118591088604,0.01809180344387479,-2.4758319526474448e-11,5.5437496390350893e-11,0.0004107995773665607,0.018480276688933372,TRACKING,True,15
97199897638845,0.002113230002578348,0.017674249296210524,-5.221357701154902e-05,-0.00015243005394982375,0.01813405820384478,-2.4758319526474448e-11,5.5437496390350893e-11,0.00016112474258989096,0.017674248665571213,TRACKING,True,15
97199899704022,0.002064758009510115,0.018232423094660687,-0.0005893335581633215,-1.2990814567793203e-05,0.018175361743815444,-2.4758319526474448e-11,5.5437496390350893e-11,0.000589476665481925,0.018232423812150955,TRACKING,True,15
97199901807104,0.0021032229997217655,0.01773103135136668,0.0002063361343185306,5.8312985227682424e-05,0.018217423383785573,-2.4758319526474448e-11,5.5437496390350893e-11,0.0002144178288290277,0.01773103140294552,TRACKING,True,15
97199903871033,0.002079354992019944,0.018059062636965294,-0.0008656728376016803,0.000488024614592455,0.018258701963756258,-2.4758319526474448e-11,5.5437496390350893e-11,0.000993759254924953,0.018059061840176582,TRACKING,True,15
97199905975130,0.0020899869996355847,0.0177988122684951,-0.00031437794705022813,-0.00011798226101562888,0.01830078390372637,-2.4758319526474448e-11,5.5437496390350893e-11,0.0003357875975780189,0.017798813059926033,TRACKING,True,15
97199908012360,0.002035676996456459,0.018471535546333587,-0.00034760893217973754,-0.0003359459632218684,0.018341528503697434,-2.4758319526474448e-11,5.5437496390350893e-11,0.00048341663205064833,0.01847153529524803,TRACKING,True,15
97199910074450,0.002062049010419287,0.01759444502764749,0.00044941492879049393,-0.00031940039635954123,0.018382770303668142,-2.4758319526474448e-11,5.5437496390350893e-11,0.000551353208720684,0.01759444549679756,TRACKING,True,15
97199912134302,0.0020597769907908514,0.018116755070620577,-0.0011141913012544912,-0.0003670118278680533,0.018423967343638884,-2.4758319526474448e-11,5.5437496390350893e-11,0.0011730813421308994,0.018116755411028862,TRACKING,True,15
97199914192868,0.002058523998130113,0.018833908697231963,0.000458331972278421,-0.0005898537508074736,0.018465138663609642,-2.4758319526474448e-11,5.5437496390350893e-11,0.0007469910779036582,0.018833909183740616,TRACKING,True,15
97199916252061,0.0020592430082615465,0.01846584852813259,0.0002460791819187732,-0.0007822285660559129,0.018506322523580393,-2.4758319526474448e-11,5.5437496390350893e-11,0.0008200221927836537,0.01846584863960743,TRACKING,True,15
97199918310029,0.0020579090050887316,0.01828961638169586,0.0002864319018499864,0.0004824745665572662,0.018547481883551164,-2.4758319526474448e-11,5.5437496390350893e-11,0.0005610926309600472,0.018289616331458092,TRACKING,True,15
97199920389600,0.0020804259984288365,0.017798353312362736,-0.0006192881467105734,0.0005152740644428516,0.018589073303521626,-2.4758319526474448e-11,5.5437496390350893e-11,0.0008056209771893919,0.017798352986574173,TRACKING,True,15
97199922468274,0.002079336001770571,0.018362134545373027,0.00011368911474906024,-0.0006485579680779223,0.0186306467834921,-2.4758319526474448e-11,5.5437496390350893e-11,0.0006584471557289362,0.0183621346950531,TRACKING,True,15
97199924549103,0.0020801809878321365,0.019189701644012735,0.00012844224689559077,0.0006411863147461246,0.018672263363462543,-2.4758319526474448e-11,5.5437496390350893e-11,0.0006539245368912816,0.019189702346920967,TRACKING,True,15
97199926625808,0.002076607008348219,0.0181749151569326,-0.0003409136126105327,-0.0006784863253461411,0.018713797463433043,-2.4758319526474448e-11,5.5437496390350893e-11,0.0007593192858621478,0.01817491464316845,TRACKING,True,15
97199928703601,0.0020778049947693944,0.018067427713086604,-0.0007394911919575612,6.122165127470513e-06,0.01875535332340353,-2.4758319526474448e-11,5.5437496390350893e-11,0.000739516515750438,0.01806742697954178,TRACKING,True,15
97199930777525,0.0020733419951284304,0.018249321716866662,-0.00010638090012915216,-0.00044601954791335913,0.018796831803374072,-2.4758319526474448e-11,5.5437496390350893e-11,0.00045853061601519585,0.01824932172894478,TRACKING,True,15
97199932856770,0.0020799250050913543,0.018914397995668044,0.00031202441603098336,0.00029973838270465786,0.01883841670334454,-2.4758319526474448e-11,5.5437496390350893e-11,0.00043266883585602045,0.018914397805929184,TRACKING,True,15
97199934952061,0.0020945620053680614,0.01921315605040473,-0.00017298973104579865,0.0002522167872933435,0.018880322523314775,-2.4758319526474448e-11,5.5437496390350893e-11,0.0003058410657104105,0.019213156774640083,TRACKING,True,15
97199937026754,0.002074988995445892,0.01868985805342357,-0.000508115803610453,-0.0007214915145985723,0.018921816383285307,-2.4758319526474448e-11,5.5437496390350893e-11,0.0008824577671475708,0.01868985779583454,TRACKING,True,15
97199939093986,0.0020670869998866692,0.018841039591679532,3.8391965091553005e-05,0.0007250195650948494,0.018963161023255945,-2.4758319526474448e-11,5.5437496390350893e-11,0.0007260353304445744,0.018841039389371872,TRACKING,True,15
97199941160725,0.0020668020006269217,0.018672388237453475,0.0006464046399011771,-0.0008699479704216514,0.019004495803226586,-2.4758319526474448e-11,5.5437496390350893e-11,0.001083811977878213,0.018672388046979904,TRACKING,True,15
97199943239553,0.002078944002278149,0.018913755198257855,0.0010897175114620258,-0.00025053876671361926,0.01904607236319706,-2.4758319526474448e-11,5.5437496390350893e-11,0.001118147512897849,0.0189137551933527,TRACKING,True,15
97199945312514,0.002073390001896769,0.018556176306181886,-0.0005903711957945415,0.0010404731283194563,0.019087531583167613,-2.4758319526474448e-11,5.5437496390350893e-11,0.0011962952557951212,0.018556175753474236,TRACKING,True,15
97199947399743,0.0020874969923170283,0.019679232605226693,-0.00035189104484855505,-0.00030161483311252413,0.019129276163137966,-2.4758319526474448e-11,5.5437496390350893e-11,0.0004634639190044254,0.0196792334318161,TRACKING,True,15
97199949476469,0.0020762080093845725,0.017852988610532455,-0.00016233650104490526,0.0007083826164744876,0.01917081068310847,-2.4758319526474448e-11,5.5437496390350893e-11,0.0007267455221153796,0.017852988094091415,TRACKING,True,15
97199951564283,0.00208871100039687,0.01817443332792953,0.0004736476287229834,0.00024715290758950116,0.01921256696307881,-2.4758319526474448e-11,5.5437496390350893e-11,0.000534253369551152,0.018174434080719948,TRACKING,True,15
97199953633727,0.0020683009934145957,0.01998196123304436,-0.00032986744046756424,7.502043630592783e-05,0.019253955843049418,-2.4758319526474448e-11,5.5437496390350893e-11,0.00033829070162028074,0.01998196169734001,TRACKING,True,15
97199955716390,0.0020832129957852885,0.019920414302308093,0.00019274122890869204,0.0003044508197911617,0.019295609103019834,-2.4758319526474448e-11,5.5437496390350893e-11,0.000360332487616688,0.019920414313673973,TRACKING,True,15
97199957796761,0.0020806000102311373,0.019128900901904777,-0.00014041747219424713,-0.0003407313493926858,0.019337216522990284,-2.4758319526474448e-11,5.5437496390350893e-11,0.00036853074561804533,0.01912890002131462,TRACKING,True,15
97199959922122,0.0021248919947538525,0.019391322878252116,-2.9183385814160752e-05,-0.00017365831368406994,0.019379723742960098,-2.4758319526474448e-11,5.5437496390350893e-11,0.00017609338101465255,0.019391322508454323,TRACKING,True,15
97199962029025,0.002106729007209651,0.018303549421297388,-0.0007564883071508538,-8.041074735476417e-05,0.01942186180293017,-2.4758319526474448e-11,5.5437496390350893e-11,0.000760749913752079,0.01830354891717434,TRACKING,True,15
97199964095058,0.0020658919966081157,0.0200042734005342,-0.0004904020236228179,-0.0003110793680236083,0.019463182462900824,-2.4758319526474448e-11,5.5437496390350893e-11,0.0005807448178529739,0.02000427432358265,TRACKING,True,15
97199966160869,0.0020656309934565797,0.01943715450108299,0.0004410802972545053,0.0007914294904350923,0.01950449868287148,-2.4758319526474448e-11,5.5437496390350893e-11,0.0009060422307811677,0.0194371547549963,TRACKING,True,15
97199968225037,0.0020642099989345297,0.01964142858706438,-4.108215799656155e-05,-0.00044472211757077775,0.01954578204284216,-2.4758319526474448e-11,5.5437496390350893e-11,0.0004466156242415309,0.01964142918586731,TRACKING,True,15
97199970292736,0.0020678490109276026,0.01973910792830445,-0.00019071664940826103,3.2946822668157324e-05,0.01958713602281279,-2.4758319526474448e-11,5.5437496390350893e-11,0.00019354154937900603,0.01973910816013813,TRACKING,True,15
97199972372089,0.0020800149941351265,0.019138238989464786,0.0005013788655233774,-0.000248172868336901,0.019628723082783257,-2.4758319526474448e-11,5.5437496390350893e-11,0.0005594377289526165,0.019138239324092865,TRACKING,True,15
97199974452939,0.002080809004837647,0.018853590164003668,-6.282950515774608e-05,-0.0006016956148773285,0.019670340082753698,-2.4758319526474448e-11,5.5437496390350893e-11,0.0006049670628271997,0.01885358989238739,TRACKING,True,15
97199976533917,0.0020808139961445704,0.01993664832750523,0.0006221453516421016,0.00023057385846705675,0.01971195964272414,-2.4758319526474448e-11,5.5437496390350893e-11,0.000663497659843415,0.01993664912879467,TRACKING,True,15
97199978597190,0.0020626920013455674,0.01963295798438631,-0.00045939714502068736,-0.00028524512038567826,0.01975322510269483,-2.4758319526474448e-11,5.5437496390350893e-11,0.000540749984793365,0.019632957875728607,TRACKING,True,15
97199980674714,0.0020780979975825176,0.020822754434723294,0.0004933169399322065,-0.000546406680359163,0.019794775582665323,-2.4758319526474448e-11,5.5437496390350893e-11,0.0007361533935181797,0.020822754129767418,TRACKING,True,15
97199982737093,0.0020620389987016097,0.019326533303815084,0.00015389271767530271,1.7166081341867718e-05,0.019836023162636027,-2.4758319526474448e-11,5.5437496390350893e-11,0.00015484716277569532,0.019326534122228622,TRACKING,True,15
97199984817384,0.0020809840061701834,0.019902911957327588,0.0002823054807573587,-0.0005668836974203806,0.01987762898260648,-2.4758319526474448e-11,5.5437496390350893e-11,0.0006332878838293254,0.01990291103720665,TRACKING,True,15
97199986895604,0.0020779649930773303,0.019491825995298976,0.0004828823080250941,0.00013920425944682828,0.019919193382576958,-2.4758319526474448e-11,5.5437496390350893e-11,0.0005025466671213508,0.019491825252771378,TRACKING,True,15
97199988955712,0.002059310005279258,0.019816942398538626,-6.567765695725296e-05,0.00030639759446214447,0.019960395542547697,-2.4758319526474448e-11,5.5437496390350893e-11,0.00031335768289864063,0.019816942512989044,TRACKING,True,15
97199991030737,0.002075833996059373,0.020137989294373736,-0.0003514522815106082,-0.0005977016503545708,0.020001896042518223,-2.4758319526474448e-11,5.5437496390350893e-11,0.000693372858222574,0.02013798989355564,TRACKING,True,15
97199993097155,0.0020657069981098175,0.02042715642670048,-0.0006219940980713504,0.0010090339417710955,0.02004322440248887,-2.4758319526474448e-11,5.5437496390350893e-11,0.0011853380128741264,0.020427156239748,TRACKING,True,15
97199995162961,0.002065943001070991,0.019495225531189136,-0.00032179507277864156,0.0005308229042180047,0.02008454052245953,-2.4758319526474448e-11,5.5437496390350893e-11,0.0006207455298863351,0.019495226442813873,TRACKING,True,15
97199997225329,0.0020620989962480962,0.020837690456141585,2.2929161343191632e-05,-0.001344631463495788,0.020125787882430232,-2.4758319526474448e-11,5.5437496390350893e-11,0.0013448268873617053,0.0208376906812191,TRACKING,True,15
97199999289745,0.0020645540062105283,0.02009379591039677,-0.0010588969838525282,-0.0002635441400220856,0.02016707620240091,-2.4758319526474448e-11,5.5437496390350893e-11,0.0010912003926932812,0.020093796774744987,TRACKING,True,15
97200001388146,0.002100340003380552,0.020621899671576596,0.00038545227841081024,5.204096928365783e-05,0.020209044222371103,-2.4758319526474448e-11,5.5437496390350893e-11,0.00038894949830137193,0.020621899515390396,TRACKING,True,15
97200003496501,0.0021072819945402443,0.020364616893960002,0.00030169448031142207,-0.00020734008916421432,0.020251211322341155,-2.4758319526474448e-11,5.5437496390350893e-11,0.00036607301444746554,0.020364616066217422,TRACKING,True,15
97200005585165,0.0020893610053462908,0.020095941917747457,0.00059338696647473,0.00023298295152900035,0.02029298460231149,-2.4758319526474448e-11,5.5437496390350893e-11,0.0006374865770339966,0.0200959425419569,TRACKING,True,15
97200007666901,0.0020804449886782095,0.020930929690542496,0.0001935546799009855,0.00018505220116264953,0.020334619322281918,-2.4758319526474448e-11,5.5437496390350893e-11,0.00026778297615237534,0.020930929109454155,TRACKING,True,15
97200009751968,0.0020973330101696774,0.020782834373750093,0.00034990193510922373,0.0008490541491055576,0.0203763206622523,-2.4758319526474448e-11,5.5437496390350893e-11,0.0009183268994092941,0.0207828339189291,TRACKING,True,15
97200011861662,0.002098247001413256,0.020709038051018883,-0.00024248117059670257,-0.0002034497881750888,0.02041851454222234,-2.4758319526474448e-11,5.5437496390350893e-11,0.0003165263624396175,0.02070903778076172,TRACKING,True,15
97200013929398,0.0020667270000558347,0.019979411422244703,0.00010749942624641578,-0.00035823039097349367,0.020459869262192967,-2.4758319526474448e-11,5.5437496390350893e-11,0.00037401221925392747,0.019979411736130714,TRACKING,True,15
97200015995119,0.0020656809938373044,0.019840166782624388,0.00031533222458489504,0.0007310069308155207,0.020501183682163623,-2.4758319526474448e-11,5.5437496390350893e-11,0.0007961190422065556,0.019840165972709656,TRACKING,True,15
97200018032830,0.002038304999587126,0.01973559696260303,0.0004759689604024299,9.985874165429672e-05,0.02054193790213468,-2.4758319526474448e-11,5.5437496390350893e-11,0.0004863313806708902,0.01973559707403183,TRACKING,True,15
97200020100836,0.00206735500250943,0.020063302955848617,-0.00035247281487746585,-0.0001035370913668312,0.020583298022105307,-2.4758319526474448e-11,5.5437496390350893e-11,0.0003673649625852704,0.020063303411006927,TRACKING,True,15
97200022167722,0.0020669319928856567,0.021763556050803205,0.0001111504143330764,0.0007835577250284872,0.020624635742075948,-2.4758319526474448e-11,5.5437496390350893e-11,0.00079140200978145,0.021763555705547333,TRACKING,True,15
97200024235422,0.0020677450083894655,0.020358625864670188,0.0005234806467886609,0.0003976703005338949,0.02066598974204658,-2.4758319526474448e-11,5.5437496390350893e-11,0.0006573991267941892,0.020358625799417496,TRACKING,True,15
97200026303538,0.002068318994133733,0.020363427700249074,-0.0002959849340435222,0.0002379770798376097,0.020707352062017202,-2.4758319526474448e-11,5.5437496390350893e-11,0.00037978964974172413,0.020363427698612213,TRACKING,True,15
97200028386649,0.002083426996250637,0.019952476219651006,-2.0036303605473714e-05,-0.000654553849961523,0.020749014281987613,-2.4758319526474448e-11,5.5437496390350893e-11,0.0006548604578711092,0.019952476024627686,TRACKING,True,15
97200030468333,0.0020819810015382245,0.020785744559828682,0.00020632403163111198,0.00033942404848775397,0.020790647961958043,-2.4758319526474448e-11,5.5437496390350893e-11,0.000397213181713596,0.020785745233297348,TRACKING,True,15
97200032550548,0.002082074002828449,0.021025173231618042,-9.961724928638632e-05,-0.00027418717323352486,0.020832292261928467,-2.4758319526474448e-11,5.5437496390350893e-11,0.0002917228266596794,0.021025173366069794,TRACKING,True,15
97200034632981,0.002082455001072958,0.020442073277936252,-0.0003091634707410402,-0.00021941123540816605,0.020873940921898888,-2.4758319526474448e-11,5.5437496390350893e-11,0.00037910862010903656,0.020442074164748192,TRACKING,True,15
97200036727519,0.0020944480056641623,0.02065115439829893,8.224843070924181e-05,-0.0003458992207592205,0.020915831681869137,-2.4758319526474448e-11,5.5437496390350893e-11,0.0003555433650035411,0.020651154220104218,TRACKING,True,15
97200038808698,0.002081017999444157,0.020157411271846636,0.0003290427638055742,-0.00038423428184798935,0.020957455261839578,-2.4758319526474448e-11,5.5437496390350893e-11,0.0005058706738054752,0.020157411694526672,TRACKING,True,15
97200040891283,0.002082605002215132,0.020158020872499478,-0.00046939525916263395,-0.00018031493711846447,0.020999106961809996,-2.4758319526474448e-11,5.5437496390350893e-11,0.0005028373561799526,0.02015802077949047,TRACKING,True,15
97200042974169,0.0020829549903282896,0.020920968144822808,9.513404437504545e-05,0.000949065428174043,0.02104076468178041,-2.4758319526474448e-11,5.5437496390350893e-11,0.000953821639996022,0.020920967683196068,TRACKING,True,15
97200045040722,0.002066788001684472,0.02041569003138166,0.0007936238369786577,7.472469152613297e-05,0.021082095741751055,-2.4758319526474448e-11,5.5437496390350893e-11,0.0007971340091899037,0.020415689796209335,TRACKING,True,15
97200047105196,0.0020635980035876855,0.020955219196499873,-0.0011307251214787819,-0.0001537788327601326,0.02112338522172173,-2.4758319526474448e-11,5.5437496390350893e-11,0.0011411341838538647,0.020955219864845276,TRACKING,True,15
97200049169977,0.0020648009958676994,0.02148096343597313,-0.0005370468154169713,-0.0007743227166118018,0.0211646808416924,-2.4758319526474448e-11,5.5437496390350893e-11,0.0009423348237760365,0.02148096263408661,TRACKING,True,15
97200051235237,0.002065255001070909,0.020541168747191946,7.36868648652663e-05,6.060474292315327e-06,0.02120598604166307,-2.4758319526474448e-11,5.5437496390350893e-11,7.393566920654848e-05,0.020541168749332428,TRACKING,True,15
97200053299488,0.002064421001705341,0.022033141568021573,-0.00025421084201677347,0.0003887514639145088,0.021247271061633745,-2.4758319526474448e-11,5.5437496390350893e-11,0.0004644898872356862,0.022033141925930977,TRACKING,True,15
97200055378626,0.0020796150056412444,0.02066421001413651,-0.00012576995244088383,0.0005346682130967803,0.021288853821604215,-2.4758319526474448e-11,5.5437496390350893e-11,0.0005492614582180977,0.020664209499955177,TRACKING,True,15
97200057447386,0.0020682299946201965,0.02117164433160578,0.00024752501530186184,-0.0006520411295979084,0.021330229021574828,-2.4758319526474448e-11,5.5437496390350893e-11,0.0006974426214583218,0.02117164433002472,TRACKING,True,15
97200059531806,0.0020847779960604385,0.020886610957959715,-0.0002877363662231535,-0.0005820223615847577,0.02137191742154522,-2.4758319526474448e-11,5.5437496390350893e-11,0.0006492628599517047,0.020886611193418503,TRACKING,True,15
97200061616787,0.0020850739965680987,0.021165866961337824,0.0007184807364723107,-0.00013057599331028726,0.021413617041515606,-2.4758319526474448e-11,5.5437496390350893e-11,0.0007302497397176921,0.021165866404771805,TRACKING,True,15
97200063681427,0.0020640460134018213,0.021567280194739066,0.0007711922441416115,-3.7874203667881833e-08,0.021454909841486278,-2.4758319526474448e-11,5.5437496390350893e-11,0.0007711922517046332,0.02156727947294712,TRACKING,True,15
97200065761336,0.002080446996842511,0.02141104900691855,-0.0002542619380488127,0.000549888011373856,0.021496508021456737,-2.4758319526474448e-11,5.5437496390350893e-11,0.0006058266735635698,0.021411048248410225,TRACKING,True,15
97200067827853,0.002066112996544689,0.021985001046919434,0.0010200067034025334,0.001029404938393099,0.02153783836142738,-2.4758319526474448e-11,5.5437496390350893e-11,0.0014491681940853596,0.021985001862049103,TRACKING,True,15
97200069909637,0.0020823369995923713,0.02082585407534022,0.0003795973527205389,0.0010565660712178939,0.021579474041397814,-2.4758319526474448e-11,5.5437496390350893e-11,0.0011226868955418468,0.020825853571295738,TRACKING,True,15
97200071976008,0.0020657340064644814,0.02178063791697022,8.44093290723947e-05,-0.0005726946271331206,0.02162080146136846,-2.4758319526474448e-11,5.5437496390350893e-11,0.0005788817652501166,0.02178063802421093,TRACKING,True,15
97200074032332,0.0020570619963109493,0.022238604482424675,-0.0005014525452806496,9.287302070217354e-05,0.021661927941339254,-2.4758319526474448e-11,5.5437496390350893e-11,0.0005099804257042706,0.022238604724407196,TRACKING,True,15
97200076098203,0.0020652039966080338,0.021541588174468038,0.00023814563215533908,-0.00021024569316440908,0.02170324536130991,-2.4758319526474448e-11,5.5437496390350893e-11,0.00031767372274771333,0.021541588008403778,TRACKING,True,15
97200078164942,0.0020666939963120967,0.02154009287073049,0.0005251013243817894,-1.163260630278803e-05,0.021744580141280553,-2.4758319526474448e-11,5.5437496390350893e-11,0.0005252301343716681,0.021540092304348946,TRACKING,True,15
97200080231003,0.002066095999907702,0.022250098402308578,-0.00032648007081355725,0.0007507298734181674,0.021785901361251206,-2.4758319526474448e-11,5.5437496390350893e-11,0.0008186480263248086,0.0222500991076231,TRACKING,True,15
97200082298693,0.0020677120046457276,0.02209811824712075,0.0006220557321131248,0.0003971608052948766,0.021827255161221835,-2.4758319526474448e-11,5.5437496390350893e-11,0.0007380311726592481,0.02209811843931675,TRACKING,True,15
97200084379246,0.00208101500174962,0.021088438850617123,-0.0012823889916880064,0.000538645753510534,0.021868866221192284,-2.4758319526474448e-11,5.5437496390350893e-11,0.001390920951962471,0.021088438108563423,TRACKING,True,15
97200086461154,0.0020820429926970974,0.02167554570238545,-0.000197262766030804,-0.0004140628117875202,0.02191050438116271,-2.4758319526474448e-11,5.5437496390350893e-11,0.00045865087304264307,0.02167554572224617,TRACKING,True,15
97200088564790,0.0021035399986431003,0.021678100620599744,0.00015472940017863243,0.00044746240426241123,0.021952577101132832,-2.4758319526474448e-11,5.5437496390350893e-11,0.0004734593676403165,0.021678101271390915,TRACKING,True,15
97200090636328,0.0020710220123874024,0.02185057831850216,-0.0010925587363801719,0.0003000250068925573,0.021994007861103407,-2.4758319526474448e-11,5.5437496390350893e-11,0.0011330046691000462,0.021850578486919403,TRACKING,True,15
97200092722345,0.002087123997625895,0.022186043848124788,-0.0003073674766809695,-0.0006484758885867389,0.022035728201073777,-2.4758319526474448e-11,5.5437496390350893e-11,0.0007176320650614798,0.022186044603586197,TRACKING,True,15
97200094786242,0.002062640996882692,0.02140661367260318,0.0006272936681196208,-0.00030839519073489353,0.02207700614104446,-2.4758319526474448e-11,5.5437496390350893e-11,0.0006990028196014464,0.021406613290309906,TRACKING,True,15
97200096869510,0.0020946300064679235,0.022721942217888307,-0.0001248577548215562,0.0004395080621564041,0.022118671501014868,-2.4758319526474448e-11,5.5437496390350893e-11,0.00045689911348745227,0.022721942514181137,TRACKING,True,15
97200098961949,0.0020818529883399606,0.021696504999478824,-0.0006336032274448978,-0.00010133551132994225,0.022160520280985148,-2.4758319526474448e-11,5.5437496390350893e-11,0.0006416556425392628,0.021696504205465317,TRACKING,True,15
97200101021388,0.002059698002994992,0.021330960728335072,-0.0006726765822991881,0.0002335082297674925,0.022201709060955897,-2.4758319526474448e-11,5.5437496390350893e-11,0.0007120533264242113,0.02133096009492874,TRACKING,True,15
97200103093416,0.0020711850083898753,0.023026071624888594,8.951455449583095e-05,-0.0008286895748924796,0.022243149620926463,-2.4758319526474448e-11,5.5437496390350893e-11,0.0008335101883858442,0.02302607148885727,TRACKING,True,15
97200105159325,0.0020658239955082536,0.02176912176871871,8.805531868118449e-05,-7.190509696705876e-05,0.022284467800897118,-2.4758319526474448e-11,5.5437496390350893e-11,0.00011368413106538355,0.021769121289253235,TRACKING,True,15
97200107223896,0.0020644460018957034,0.023527367645726435,0.0009473264879316782,-0.0001494254256410753,0.022325759220867793,-2.4758319526474448e-11,5.5437496390350893e-11,0.0009590387926436961,0.023527367040514946,TRACKING,True,15
97200109289457,0.002065629989374429,0.023419696210338993,-0.00047667087519886596,-0.00047548454329956785,0.022367070440838455,-2.4758319526474448e-11,5.5437496390350893e-11,0.0006732760812155902,0.02341969683766365,TRACKING,True,15
97200111370339,0.0020813250011997297,0.02312859891875369,-0.0005243197444340988,-0.0002800801668595803,0.022408688080808897,-2.4758319526474448e-11,5.5437496390350893e-11,0.0005944376462139189,0.023128598928451538,TRACKING,True,15
97200113477691,0.002107072010403499,0.023256684185625008,-0.0002059297245749123,0.0006872946626667665,0.022450835120778962,-2.4758319526474448e-11,5.5437496390350893e-11,0.0007174824131652713,0.023256683722138405,TRACKING,True,15
97200115573330,0.002107491993228905,0.022852771215231566,-0.00020854874696466153,0.00032816322182682624,0.022492747900749198,-2.4758319526474448e-11,5.5437496390350893e-11,0.0003888234496116638,0.02285277098417282,TRACKING,True,15
97200117673056,0.002088851004373282,0.023106944343761742,0.00042168359380322654,-0.0004183792500926014,0.022534742420719373,-2.4758319526474448e-11,5.5437496390350893e-11,0.0005940187256783247,0.02310694381594658,TRACKING,True,15
97200119762088,0.0020893449982395396,0.023057164338286796,-0.001173891848431975,-0.00015432680503822655,0.022576523060689697,-2.4758319526474448e-11,5.5437496390350893e-11,0.0011839927174150944,0.02305716462433338,TRACKING,True,15
97200121849324,0.0020871369924861938,0.022642721878814928,0.00047419441506545764,0.0006914651368975089,0.02261826778066005,-2.4758319526474448e-11,5.5437496390350893e-11,0.000838441657833755,0.022642722353339195,TRACKING,True,15
97200123945627,0.0020961210102541372,0.02197920726456193,-0.0002842637469609241,-6.828593861757903e-05,0.022660193840630276,-2.4758319526474448e-11,5.5437496390350893e-11,0.0002923505671788007,0.021979207172989845,TRACKING,True,15
97200126014603,0.0020677540014730766,0.02245632412085882,0.0001817072181892178,0.00031857893730261256,0.022701573360600885,-2.4758319526474448e-11,5.5437496390350893e-11,0.000366756139555946,0.022456323727965355,TRACKING,True,15
97200128094752,0.002080195990856737,0.0230812600154525,-0.00017872834109911392,0.0016044254462880148,0.02274317634057134,-2.4758319526474448e-11,5.5437496390350893e-11,0.0016143496613949537,0.023081259801983833,TRACKING,True,15
97200130158744,0.0020639819995267317,0.022194210257901317,-0.0001066161785470858,0.0007826914953263591,0.022784456180542024,-2.4758319526474448e-11,5.5437496390350893e-11,0.0007899196352809668,0.022194210439920425,TRACKING,True,15
97200132227827,0.002069328009383753,0.02324027843402874,0.0004020017139351197,0.0006431688570595325,0.022825837840512633,-2.4758319526474448e-11,5.5437496390350893e-11,0.0007584666018374264,0.02324027754366398,TRACKING,True,15
97200134303276,0.0020756699959747493,0.02278119018803226,6.394937244634354e-05,0.0005819384624393333,0.022867346820483154,-2.4758319526474448e-11,5.5437496390350893e-11,0.0005854416522197425,0.022781189531087875,TRACKING,True,15
97200136372095,0.002068457004497759,0.023740740826333512,-0.0006292981957309568,-0.00024353337589688262,0.022908723200453767,-2.4758319526474448e-11,5.5437496390350893e-11,0.0006747775478288531,0.02374074049293995,TRACKING,True,15
97200138456033,0.0020847799896728247,0.022975317551133082,0.00047895766127573877,-0.0005978123950900528,0.022950401960424166,-2.4758319526474448e-11,5.5437496390350893e-11,0.0007660157280042768,0.022975318133831024,TRACKING,True,15
97200140539435,0.0020833080052398145,0.02349197717002346,-0.00031810474488624924,0.00040548779655271176,0.022992070000394573,-2.4758319526474448e-11,5.5437496390350893e-11,0.0005153745878487825,0.023491976782679558,TRACKING,True,15
97200142630062,0.0020904959965264425,0.02319016682122142,0.0007749954695427825,-0.0004895182542607505,0.023033882540364876,-2.4758319526474448e-11,5.5437496390350893e-11,0.0009166494128294289,0.023190166801214218,TRACKING,True,15
97200144723063,0.002093804010655731,0.023391904421582455,-0.00011672428417432806,-0.00032528436103374425,0.023075742560335146,-2.4758319526474448e-11,5.5437496390350893e-11,0.0003455929399933666,0.023391904309391975,TRACKING,True,15
97200146812799,0.002089297995553352,0.02362163498597268,-0.00046035911684486004,0.00039719498554088633,0.023117537280305467,-2.4758319526474448e-11,5.5437496390350893e-11,0.0006080250022932887,0.023621635511517525,TRACKING,True,15
97200148896295,0.002083116996800527,0.022663706487230054,-0.0005717117207964753,0.0003717290048201074,0.02315920720027587,-2.4758319526474448e-11,5.5437496390350893e-11,0.0006819360423833132,0.02266370691359043,TRACKING,True,15
97200150976614,0.0020803969964617863,0.024306088374258288,0.0002560251660052593,-0.00045619536811404744,0.02320081358024632,-2.4758319526474448e-11,5.5437496390350893e-11,0.0005231281975284219,0.02430608868598938,TRACKING,True,15
97200153032777,0.0020561160054057837,0.023428464621912528,-0.00013602882695343613,-0.00032001640779244815,0.023241936840217116,-2.4758319526474448e-11,5.5437496390350893e-11,0.000347727385815233,0.02342846430838108,TRACKING,True,15
97200155104006,0.0020706130017060786,0.02340473297973158,0.0002830843112136406,0.00042108354707245233,0.023283361420187696,-2.4758319526474448e-11,5.5437496390350893e-11,0.0005073934444226325,0.02340473234653473,TRACKING,True,15
97200157172214,0.002068133995635435,0.022820017129954247,0.0008312771046979442,-0.00013964743315994965,0.023324725580158318,-2.4758319526474448e-11,5.5437496390350893e-11,0.0008429252775385976,0.022820016369223595,TRACKING,True,15
97200159240246,0.0020680419984273612,0.022567700684671635,-0.0004182754106017711,6.749932366997499e-05,0.023366086220128944,-2.4758319526474448e-11,5.5437496390350893e-11,0.00042368678259663284,0.02256770059466362,TRACKING,True,15
97200161305796,0.002065527005470358,0.02298234577836575,0.00010455570480266717,-0.00045262494800624295,0.023407397220099605,-2.4758319526474448e-11,5.5437496390350893e-11,0.00046454413677565753,0.022982345893979073,TRACKING,True,15
97200163387139,0.0020820299978367984,0.023965323328081357,8.651716933331024e-05,-0.00013336938087944793,0.02344902408007004,-2.4758319526474448e-11,5.5437496390350893e-11,0.00015897362027317286,0.023965323343873024,TRACKING,True,15
97200165470797,0.0020836990006500855,0.023980183152780256,-0.0004781102516501179,-8.533362318678006e-05,0.023490697240040444,-2.4758319526474448e-11,5.5437496390350893e-11,0.0004856657760683447,0.02398018352687359,TRACKING,True,15
97200167550771,0.0020793559961020947,0.023820663026755545,0.00018025522006214132,2.0434945364550823e-05,0.0235322967200109,-2.4758319526474448e-11,5.5437496390350893e-11,0.000181409835931845,0.02382066287100315,TRACKING,True,15
97200169635992,0.0020858659991063178,0.02400480037545037,-0.0002716129839375976,-1.9392521938885697e-05,0.02357400113998128,-2.4758319526474448e-11,5.5437496390350893e-11,0.0002723044017329812,0.024004800245165825,TRACKING,True,15
97200171716858,0.0020808440021937713,0.023165100969756162,-4.441427706279415e-05,-0.000596527047443475,0.023615618459951724,-2.4758319526474448e-11,5.5437496390350893e-11,0.0005981781869195402,0.023165101185441017,TRACKING,True,15
97200173784569,0.0020672160026151687,0.023056578087096186,-1.9985944480690427e-05,-0.0005277002242453875,0.023656972679922353,-2.4758319526474448e-11,5.5437496390350893e-11,0.0005280785844661295,0.023056577891111374,TRACKING,True,15
97200175865918,0.0020818240009248257,0.024066453822491018,0.0004725513644413612,0.0002766316016939713,0.023698599659892787,-2.4758319526474448e-11,5.5437496390350893e-11,0.0005475672078318894,0.02406645379960537,TRACKING,True,15
97200177949773,0.0020838140044361353,0.024103821234156237,0.00024374307555402185,-0.0007721054737989685,0.02374027675986319,-2.4758319526474448e-11,5.5437496390350893e-11,0.0008096650708466768,0.024103820323944092,TRACKING,True,15
97200180033212,0.002083282990497537,0.023213054872507275,0.00015004290263391954,-0.0005578163921397029,0.023781945539833597,-2.4758319526474448e-11,5.5437496390350893e-11,0.0005776435136795044,0.023213054984807968,TRACKING,True,15
97200182100244,0.0020665670017478988,0.023466985492445948,-3.39413029817478e-05,0.00014082809212767996,0.023823286179804237,-2.4758319526474448e-11,5.5437496390350893e-11,0.00014486050349660218,0.023466985672712326,TRACKING,True,15
97200184166924,0.002066628003376536,0.023059276024999357,-1.8713913396821377e-06,0.00041406149194397695,0.02386461977977488,-2.4758319526474448e-11,5.5437496390350893e-11,0.00041406575473956764,0.02305927686393261,TRACKING,True,15
97200186235092,0.0020684530027210712,0.02408042812951766,0.0007378012182798868,-0.00024792755292738134,0.023905983139745506,-2.4758319526474448e-11,5.5437496390350893e-11,0.00077834352850914,0.0240804273635149,TRACKING,True,15
97200188305605,0.002071071998216212,0.024573472151671938,0.0010704070396679796,0.0003468376630462524,0.02394739339971609,-2.4758319526474448e-11,5.5437496390350893e-11,0.0011251965770497918,0.024573471397161484,TRACKING,True,15
97200190375742,0.002069463997031562,0.02447644318264219,0.0004961995910163613,-0.0011009922163966862,0.02398879613968669,-2.4758319526474448e-11,5.5437496390350893e-11,0.0012076414423063397,0.024476442486047745,TRACKING,True,15
97200192457570,0.002082576000248082,0.023668624912353598,0.000534128703207347,-0.0006492654229270907,0.024030432699657118,-2.4758319526474448e-11,5.5437496390350893e-11,0.0008407371933571994,0.023668624460697174,TRACKING,True,15
97200194541400,0.002083536994177848,0.024210544638297946,0.0002627727831565263,0.0006225372064567802,0.02407210929962752,-2.4758319526474448e-11,5.5437496390350893e-11,0.000675723422318697,0.024210544303059578,TRACKING,True,15
97200196637542,0.0020962150010745972,0.0240364746001634,0.0004240926158085252,-2.034999726202843e-05,0.024114032139597744,-2.4758319526474448e-11,5.5437496390350893e-11,0.00042458056122995913,0.024036474525928497,TRACKING,True,15
97200198740202,0.0021021540014771745,0.02493654407274816,-0.0003320171061772851,-0.00028010322144645733,0.024156085339567878,-2.4758319526474448e-11,5.5437496390350893e-11,0.0004343882610555738,0.02493654377758503,TRACKING,True,15
97200200827722,0.002088207009364851,0.024384653421171677,0.0008245940337479476,0.00011506369557092317,0.024197835739538227,-2.4758319526474448e-11,5.5437496390350893e-11,0.0008325832895934582,0.024384653195738792,TRACKING,True,15
97200202916806,0.0020891989988740534,0.02421065696942358,-0.0003255639789087016,0.0005114573405756177,0.024239617419508554,-2.4758319526474448e-11,5.5437496390350893e-11,0.0006062841857783496,0.024210656061768532,TRACKING,True,15
97200204990495,0.0020728660019813105,0.023921585358230142,-0.00013835423706368038,-0.00015572137985301528,0.024281091199479098,-2.4758319526474448e-11,5.5437496390350893e-11,0.00020830516587011516,0.023921584710478783,TRACKING,True,15
97200207039721,0.0020499349921010435,0.02486537991693432,-0.00044261612895934863,-0.00043594958176756894,0.02432207571944999,-2.4758319526474448e-11,5.5437496390350893e-11,0.0006212576408870518,0.02486537955701351,TRACKING,True,15
97200209109501,0.0020689609955297783,0.024449906772517405,5.175924105340563e-06,-0.0007560189443348779,0.024363471319420592,-2.4758319526474448e-11,5.5437496390350893e-11,0.0007560367230325937,0.0244499072432518,TRACKING,True,15
97200211174841,0.0020652680104831234,0.02394576368996596,-0.00033706198043700707,3.960431992887671e-06,0.024404778119391256,-2.4758319526474448e-11,5.5437496390350893e-11,0.00033708522096276283,0.02394576370716095,TRACKING,True,15
97200213236140,0.0020612759981304407,0.024008839538789784,0.0009703604844611027,0.00011959327465055491,0.024446004099361977,-2.4758319526474448e-11,5.5437496390350893e-11,0.0009777024388313293,0.024008840322494507,TRACKING,True,15
97200215310467,0.002075436001177877,0.02507662837109099,0.0001490223133062833,0.00010599653246137616,0.02448749063933251,-2.4758319526474448e-11,5.5437496390350893e-11,0.00018287403509020805,0.025076627731323242,TRACKING,True,15
97200217396884,0.0020860809891019017,0.024880800813111142,-0.0001875090439326588,-0.0009229550359370405,0.024529218979302873,-2.4758319526474448e-11,5.5437496390350893e-11,0.000941809790674597,0.024880800396203995,TRACKING,True,15
97200219466626,0.002069103007670492,0.024775401552031173,-0.0003890579935718084,0.0006421169714829157,0.024570613819273477,-2.4758319526474448e-11,5.5437496390350893e-11,0.0007507865084335208,0.024775400757789612,TRACKING,True,15
97200221552260,0.002111544003128074,0.024144672008893156,6.172712481465555e-05,9.204185951871377e-08,0.02461232649924385,-2.4758319526474448e-11,5.5437496390350893e-11,6.172718713060021e-05,0.024144671857357025,TRACKING,True,15
97200223662290,0.002084955995087512,0.02435595529678544,-0.00020565516528495023,-0.00010233425499320671,0.02465452709921388,-2.4758319526474448e-11,5.5437496390350893e-11,0.00022970925783738494,0.02435595542192459,TRACKING,True,15
97200225733722,0.0020705030037788674,0.024771381579655725,0.00011502369071314633,1.0929990746495523e-05,0.024695955739184455,-2.4758319526474448e-11,5.5437496390350893e-11,0.00011554182856343687,0.02477138116955757,TRACKING,True,15
97200227799867,0.0020661149901570752,0.02471813877279306,-0.0011266578631093903,0.0006783542518976926,0.02473727863915511,-2.4758319526474448e-11,5.5437496390350893e-11,0.0013151130406185985,0.024718139320611954,TRACKING,True,15
97200229884659,0.0020856520131928846,0.025108918665700978,-0.0006444912676776354,-0.0004321151646076844,0.0247789744791255,-2.4758319526474448e-11,5.5437496390350893e-11,0.0007759462459944189,0.02510891854763031,TRACKING,True,15
97200231971868,0.0020871189917670563,0.02374010503477983,-0.001490045219461324,-0.0002451453861898527,0.02482071865909585,-2.4758319526474448e-11,5.5437496390350893e-11,0.0015100764576345682,0.02374010533094406,TRACKING,True,15
97200234019843,0.0020473600015975535,0.02568487518018639,6.538987376308163e-05,0.0001002324897554286,0.024861678159066758,-2.4758319526474448e-11,5.5437496390350893e-11,0.00011967617319896817,0.02568487450480461,TRACKING,True,15
97200236094467,0.0020747399976244196,0.024931915115229585,0.00028560730766534725,-2.8214811336444546e-05,0.02490317063903729,-2.4758319526474448e-11,5.5437496390350893e-11,0.0002869975578505546,0.02493191510438919,TRACKING,True,15
97200238164740,0.002070179005386308,0.024524040434483904,-0.0003020793928747576,0.00033709905959390673,0.024944576099007885,-2.4758319526474448e-11,5.5437496390350893e-11,0.0004526452685240656,0.024524040520191193,TRACKING,True,15
97200240232383,0.002067517998511903,0.02478170818701855,-0.0009610186330268454,0.0002706474742384781,0.024985928958978516,-2.4758319526474448e-11,5.5437496390350893e-11,0.0009984021307900548,0.024781707674264908,TRACKING,True,15
97200242295692,0.002063171996269375,0.02513731441712269,0.0006666446772918273,4.987270285779561e-05,0.02502719513894921,-2.4758319526474448e-11,5.5437496390350893e-11,0.0006685075932182372,0.025137314572930336,TRACKING,True,15
97200244361292,0.002065684995613992,0.025072360837149997,-5.684396436655086e-05,-0.00039911871978595616,0.02506850713891987,-2.4758319526474448e-11,5.5437496390350893e-11,0.00040314634679816663,0.025072360411286354,TRACKING,True,15
97200246429466,0.0020682270114775747,0.025244283730845578,-0.0002614119603221682,-0.0005197842334845777,0.02510987061889049,-2.4758319526474448e-11,5.5437496390350893e-11,0.000581817701458931,0.02524428442120552,TRACKING,True,15
97200248510685,0.0020813119917875156,0.025097018346145892,4.478327090609127e-05,0.00017864276573003088,0.025151494998860928,-2.4758319526474448e-11,5.5437496390350893e-11,0.00018417050887364894,0.025097018107771873,TRACKING,True,15
97200250593346,0.0020831410074606538,0.025526741867480964,0.0010930477810742732,-0.00013768192222849484,0.025193148218831347,-2.4758319526474448e-11,5.5437496390350893e-11,0.0011016849894076586,0.02552674151957035,TRACKING,True,15
97200252676967,0.002083710001897998,0.025905965843149754,-2.328864717788975e-07,6.017736606665183e-05,0.02523482063880175,-2.4758319526474448e-11,5.5437496390350893e-11,6.017781561240554e-05,0.025905966758728027,TRACKING,True,15
97200254761010,0.002084188992739655,0.025679934096573254,-0.0004297636575379002,-4.1644635205599e-05,0.02527650149877215,-2.4758319526474448e-11,5.5437496390350893e-11,0.0004317766579333693,0.02567993476986885,TRACKING,True,15
97200256826785,0.0020650509977713227,0.025659088046303284,-0.0007261472372591315,-0.0004736052941934282,0.025317816998742807,-2.4758319526474448e-11,5.5437496390350893e-11,0.000866943970322609,0.025659088045358658,TRACKING,True,15
97200258908123,0.0020819519995711744,0.025131289243213523,-1.8238443130574414e-05,0.00038146106643000173,0.02535944375871324,-2.4758319526474448e-11,5.5437496390350893e-11,0.00038189682527445257,0.025131288915872574,TRACKING,True,15
97200260992097,0.0020839700009673834,0.02475465804362261,0.0006917091091500601,0.0003469582994918799,0.02540112323868364,-2.4758319526474448e-11,5.5437496390350893e-11,0.0007738485583104193,0.024754658341407776,TRACKING,True,15
97200263014018,0.002021264997893013,0.025740433324044,-0.0009887090136299387,0.00015879729947138917,0.02544156165865492,-2.4758319526474448e-11,5.5437496390350893e-11,0.0010013801511377096,0.025740433484315872,TRACKING,True,15
97200265079812,0.0020656890119425952,0.025087781200567903,0.0003617616912735018,-5.182406842846101e-05,0.025482877538625576,-2.4758319526474448e-11,5.5437496390350893e-11,0.00036545487819239497,0.025087781250476837,TRACKING,True,15
97200267145943,0.002066177999950014,0.025302968206878395,-0.0004664095195880544,-0.00012337290576163606,0.02552420015859623,-2.4758319526474448e-11,5.5437496390350893e-11,0.00048245073412545025,0.02530296891927719,TRACKING,True,15
97200269210377,0.0020643839961849153,0.025895127964175674,-0.0008251088865679189,-0.00038278302037384366,0.025565488838566908,-2.4758319526474448e-11,5.5437496390350893e-11,0.0009095754940062761,0.025895128026604652,TRACKING,True,15
97200271276223,0.0020659119909396395,0.02547280335131093,-0.00010673959956009493,-0.00024253937424543353,0.025606805758537562,-2.4758319526474448e-11,5.5437496390350893e-11,0.00026498810620978475,0.02547280304133892,TRACKING,True,15
97200273351352,0.002075708005577326,0.025737683206795578,3.1061841882398016e-05,-0.0010577106686436672,0.025648308338508088,-2.4758319526474448e-11,5.5437496390350893e-11,0.0010581666138023138,0.025737682357430458,TRACKING,True,15
97200275433468,0.0020822969963774085,0.026192981670595618,-0.0007187835404715937,0.0005765325749673407,0.02568995065847851,-2.4758319526474448e-11,5.5437496390350893e-11,0.0009214334422722459,0.026192981749773026,TRACKING,True,15
97200277495496,0.002061090010101907,0.026111046816817418,-0.0008884614553405111,4.648403778237815e-05,0.025731191218449224,-2.4758319526474448e-11,5.5437496390350893e-11,0.0008896766812540591,0.026111047714948654,TRACKING,True,15
97200279575904,0.0020811579888686538,0.026447737759204153,0.0006880307539371786,8.54723072434647e-05,0.025772799378419673,-2.4758319526474448e-11,5.5437496390350893e-11,0.0006933193653821945,0.026447737589478493,TRACKING,True,15
97200281639811,0.0020632130035664886,0.025421745011511933,0.0005994637431930397,-0.0007569124792859122,0.025814077518390356,-2.4758319526474448e-11,5.5437496390350893e-11,0.0009655429748818278,0.0254217442125082,TRACKING,True,15
97200283720109,0.002081091995933093,0.02510359216097422,0.00038286899965275713,-0.0006122350722086539,0.025855683478360807,-2.4758319526474448e-11,5.5437496390350893e-11,0.000722094438970089,0.02510359138250351,TRACKING,True,15
97200285787178,0.0020664600015152246,0.026168564889387402,-0.0005404904465005311,-0.0003204548294668386,0.025897024858331445,-2.4758319526474448e-11,5.5437496390350893e-11,0.0006283480324782431,0.026168564334511757,TRACKING,True,15
97200287868009,0.0020812410075450316,0.026515618417326258,-4.184150806694242e-05,0.0003174633025389556,0.02593864147830189,-2.4758319526474448e-11,5.5437496390350893e-11,0.00032020878279581666,0.026515617966651917,TRACKING,True,15
97200289949781,0.0020820170029764995,0.025882415547067727,-0.00023133076439678688,-0.0003491779722890319,0.02598027691827232,-2.4758319526474448e-11,5.5437496390350893e-11,0.00041885461541824043,0.02588241547346115,TRACKING,True,15
97200292016212,0.002065724998828955,0.025556204099290186,0.0001968731533468903,0.00022297866997955483,0.026021605538242967,-2.4758319526474448e-11,5.5437496390350893e-11,0.00029745339998044074,0.025556204840540886,TRACKING,True,15
97200294080771,0.0020645109907491133,0.02689376246947877,0.00014138018326185944,-0.00013214856860913133,0.026062896718213643,-2.4758319526474448e-11,5.5437496390350893e-11,0.00019352415984030813,0.02689376287162304,TRACKING,True,15
97200296150001,0.0020694230042863637,0.026352872551582373,0.0007203596743406885,-0.0007217535768666252,0.02610428131818425,-2.4758319526474448e-11,5.5437496390350893e-11,0.0010197286028414965,0.02635287307202816,TRACKING,True,15
97200298216584,0.0020664659969042987,0.026978656583511736,-0.0004077294452551046,-0.0004038132203822655,0.0261456129781549,-2.4758319526474448e-11,5.5437496390350893e-11,0.0005738540203310549,0.02697865664958954,TRACKING,True,15
97200300280870,0.0020641760056605563,0.027472746143536207,0.0005458467191571657,-0.00027297734019000533,0.026186898698125575,-2.4758319526474448e-11,5.5437496390350893e-11,0.0006102992920204997,0.02747274562716484,TRACKING,True,15
97200302368889,0.002089007990434766,0.026657719335795596,0.0006795754043683049,0.0003432845013336717,0.026228659078095917,-2.4758319526474448e-11,5.5437496390350893e-11,0.000761358649469912,0.026657719165086746,TRACKING,True,15
97200304454927,0.0020860110089415684,0.026819509874483127,0.00018037885101725872,0.00025975663673776997,0.026270379838066286,-2.4758319526474448e-11,5.5437496390350893e-11,0.0003162436478305608,0.026819510385394096,TRACKING,True,15
97200306522048,0.0020661599992308766,0.025740619934907148,-0.0005144757818466031,9.562072191691183e-05,0.026311722258036924,-2.4758319526474448e-11,5.5437496390350893e-11,0.0005232864059507847,0.025740619748830795,TRACKING,True,15
97200308606638,0.0020852669986197725,0.02568146961972121,0.0003359467247194181,-4.1641105933805364e-05,0.026353414058007313,-2.4758319526474448e-11,5.5437496390350893e-11,0.00033851765329018235,0.025681469589471817,TRACKING,True,15
97200310672907,0.002065563006908633,0.02698603024868657,0.00044697176001505816,-0.00020510521676306626,0.026394739437977967,-2.4758319526474448e-11,5.5437496390350893e-11,0.0004917844198644161,0.026986030861735344,TRACKING,True,15
97200312867030,0.002194695989601314,0.025091819237480443,-0.0007233544425566741,2.9369558121064725e-07,0.0264386218979468,-2.4758319526474448e-11,5.5437496390350893e-11,0.0007233545184135437,0.02509181946516037,TRACKING,True,15
97200314947137,0.0020797339966520667,0.02750434042111067,8.671104050023018e-06,0.00029253476010138613,0.026480224037917253,-2.4758319526474448e-11,5.5437496390350893e-11,0.00029266325873322785,0.027504339814186096,TRACKING,True,15
97200317069845,0.002124157006619498,0.026511927070140256,-0.001332154620833395,0.00030240144085236605,0.0265226781978871,-2.4758319526474448e-11,5.5437496390350893e-11,0.001366046373732388,0.02651192620396614,TRACKING,True,15
97200319163075,0.00209275700035505,0.026439094676579532,-0.0007517287978981418,0.00034794887081144666,0.026564542797857367,-2.4758319526474448e-11,5.5437496390350893e-11,0.0008283505449071527,0.02643909491598606,TRACKING,True,15
97200321228162,0.0020639819995267317,0.026581188395897754,0.0014751545345943356,-0.0011104874049845477,0.026605844537828036,-2.4758319526474448e-11,5.5437496390350893e-11,0.001846419065259397,0.026581188663840294,TRACKING,True,15
97200323293204,0.0020650780061259866,0.026245630415955713,2.4831668310210415e-05,-0.00019157155675477962,0.026647145377798703,-2.4758319526474448e-11,5.5437496390350893e-11,0.00019317420083098114,0.026245631277561188,TRACKING,True,15
97200325380825,0.0020887749997200444,0.027014495242310265,0.00044526217701156635,0.00024028333881415896,0.02668889779776905,-2.4758319526474448e-11,5.5437496390350893e-11,0.000505958974827081,0.02701449580490589,TRACKING,True,15
97200327451284,0.002082644001347944,0.02676369257882559,-0.00034687421796922806,9.168451996382029e-05,0.02673030697773964,-2.4758319526474448e-11,5.5437496390350893e-11,0.0003587865212466568,0.026763692498207092,TRACKING,True,15
97200329531698,0.002067041990812868,0.027219757937452856,6.122949169851162e-05,-0.0010489392500553998,0.02677191525771009,-2.4758319526474448e-11,5.5437496390350893e-11,0.0010507248807698488,0.027219757437705994,TRACKING,True,15
97200331615480,0.0020844200043939054,0.027657716892288343,-0.00024693500198567675,0.00044171852403161917,0.02681359089768049,-2.4758319526474448e-11,5.5437496390350893e-11,0.0005060554831288755,0.02765771746635437,TRACKING,True,15
97200333699263,0.0020838289929088205,0.026607676236500576,0.0005424751957232079,-0.00016240574405170554,0.026855266557650893,-2.4758319526474448e-11,5.5437496390350893e-11,0.0005662640323862433,0.026607675477862358,TRACKING,True,15
97200335784733,0.002085569009068422,0.02764509257178388,0.0006559978468770569,-0.0003203242132468093,0.02689697595762127,-2.4758319526474448e-11,5.5437496390350893e-11,0.0007300279103219509,0.027645092457532883,TRACKING,True,15
97200337868281,0.0020833719900110736,0.02548148402276905,0.00017554370319884763,-0.0004920954509715902,0.026938646917591676,-2.4758319526474448e-11,5.5437496390350893e-11,0.0005224686465226114,0.025481484830379486,TRACKING,True,15
97200339951449,0.0020831150031881407,0.027473608334645273,0.00019114901692862766,-0.00018432066388025326,0.02698031027756209,-2.4758319526474448e-11,5.5437496390350893e-11,0.00026554104988463223,0.027473608031868935,TRACKING,True,15
97200342031961,0.002080575010040775,0.02654983786112909,-0.00042293427347258423,0.0007365745812741104,0.027021920517532536,-2.4758319526474448e-11,5.5437496390350893e-11,0.0008493618224747479,0.026549838483333588,TRACKING,True,15
97200344097290,0.0020647219935199246,0.027547778914547547,-0.00010580121637621413,0.00016414511565495665,0.0270632270975032,-2.4758319526474448e-11,5.5437496390350893e-11,0.00019528828852344304,0.02754777856171131,TRACKING,True,15
97200346159399,0.002061945997411385,0.02756692796739121,-8.988677379230108e-05,-0.000901059229606421,0.027104469277473908,-2.4758319526474448e-11,5.5437496390350893e-11,0.0009055315749719739,0.027566928416490555,TRACKING,True,15
97200348222282,0.0020629299979191273,0.027979372394982466,-0.00015870809908937033,-0.0003037461779681943,0.027145726937444607,-2.4758319526474448e-11,5.5437496390350893e-11,0.00034270979813300073,0.027979372069239616,TRACKING,True,15
97200350287868,0.002065634005703032,0.027203860304005182,-0.0004750609031155721,-0.0005391278038857863,0.027187038657415265,-2.4758319526474448e-11,5.5437496390350893e-11,0.0007185691501945257,0.027203859761357307,TRACKING,True,15
97200352357596,0.0020697260042652488,0.027343745889373418,-0.00035104688889556315,0.00021820433489182353,0.027228433217385866,-2.4758319526474448e-11,5.5437496390350893e-11,0.0004133364709559828,0.0273437462747097,TRACKING,True,15
97200354446062,0.0020885949925286695,0.027476763417777033,0.0009949860933097115,-0.000128056913003561,0.0272702025373562,-2.4758319526474448e-11,5.5437496390350893e-11,0.0010031928541138768,0.027476763352751732,TRACKING,True,15
97200356519986,0.0020738530001835898,0.027362967928219323,-0.000265034605900074,0.0006035143082217164,0.027311681017326745,-2.4758319526474448e-11,5.5437496390350893e-11,0.000659145531244576,0.027362968772649765,TRACKING,True,15
97200358604150,0.002084773004753515,0.027604743904797585,0.0001994960655728825,0.0009541219085632083,0.02735336429729714,-2.4758319526474448e-11,5.5437496390350893e-11,0.000974755035713315,0.02760474383831024,TRACKING,True,15
97200360672662,0.0020678739965660498,0.027547735533512217,0.00014426385231452747,-0.0006471594187455061,0.02739473453726776,-2.4758319526474448e-11,5.5437496390350893e-11,0.0006630440475419164,0.02754773572087288,TRACKING,True,15
97200362878511,0.002206578996265307,0.026573967422123014,-0.00024782505733994434,5.971121842684631e-05,0.027438851517236428,-2.4758319526474448e-11,5.5437496390350893e-11,0.00025491704582236707,0.026573967188596725,TRACKING,True,15
97200365102986,0.0022244749998208135,0.026945688698138213,-0.000468970994297471,0.0003885858507059281,0.02748334101720483,-2.4758319526474448e-11,5.5437496390350893e-11,0.0006090424722060561,0.02694568783044815,TRACKING,True,15
97200367197598,0.0020943859999533743,0.027251257696333152,-0.0002827214749715822,-0.00016073116123315365,0.027525233257175076,-2.4758319526474448e-11,5.5437496390350893e-11,0.00032521673711016774,0.027251258492469788,TRACKING,True,15
97200369303041,0.0021055969991721213,0.027029909368936893,0.0004418158552958117,0.0007265523708884352,0.02756734211714517,-2.4758319526474448e-11,5.5437496390350893e-11,0.0008503408753313124,0.027029909193515778,TRACKING,True,15
97200371410415,0.0021073399984743446,0.028140865710352268,0.0007809475634620882,-0.0009756961945535841,0.027609489597115237,-2.4758319526474448e-11,5.5437496390350893e-11,0.0012497447896748781,0.02814086526632309,TRACKING,True,15
97200373512141,0.0021017460094299167,0.028116507062705257,-5.417488291436196e-05,0.0007024416754949878,0.027651524117085383,-2.4758319526474448e-11,5.5437496390350893e-11,0.0007045276579447091,0.028116507455706596,TRACKING,True,15
97200375640740,0.0021286510018398985,0.027383799564472833,0.00042153619069107396,0.0009073155748173286,0.02769409609705515,-2.4758319526474448e-11,5.5437496390350893e-11,0.001000456977635622,0.027383798733353615,TRACKING,True,15
97200377718414,0.0020774369913851842,0.02806080532030722,8.631257245458831e-05,-5.8357195098227264e-05,0.027735649577025637,-2.4758319526474448e-11,5.5437496390350893e-11,0.00010418936290079728,0.028060805052518845,TRACKING,True,15
97200379803763,0.0020860910008195788,0.028065235168921693,-6.89729846667009e-05,-0.0005564103386889838,0.027777356556996015,-2.4758319526474448e-11,5.5437496390350893e-11,0.0005606690538115799,0.028065234422683716,TRACKING,True,15
97200381872549,0.0020677180000348017,0.028158510488394708,0.0008621057688243872,0.00022934601667906176,0.02781873227696663,-2.4758319526474448e-11,5.5437496390350893e-11,0.0008920907857827842,0.028158510103821754,TRACKING,True,15
97200383952438,0.002080753998598084,0.02843233598750124,0.0006444684193562896,5.542580947268302e-05,0.02786033005693709,-2.4758319526474448e-11,5.5437496390350893e-11,0.0006468474166467786,0.028432335704565048,TRACKING,True,15
97200386032596,0.0020800060010515153,0.02790386435960594,-0.0003684142506925467,0.00015197647661617487,0.02790193321690754,-2.4758319526474448e-11,5.5437496390350893e-11,0.0003985296643804759,0.027903864160180092,TRACKING,True,15
97200388098864,0.0020656150009017438,0.028231356582278953,-0.00043271808031681446,-0.00010914543879205706,0.02794325857687819,-2.4758319526474448e-11,5.5437496390350893e-11,0.00044627086026594043,0.028231356292963028,TRACKING,True,15
97200390164094,0.0020651689992519096,0.028549210132562237,-0.0002946893434386638,0.00040786007772768113,0.027984563176848855,-2.4758319526474448e-11,5.5437496390350893e-11,0.000503181538078934,0.028549209237098694,TRACKING,True,15
97200392233004,0.0020688630029326305,0.028249342843330832,-0.00011695267257867089,0.00048379469897070446,0.02802594137681947,-2.4758319526474448e-11,5.5437496390350893e-11,0.0004977300995960832,0.028249341994524002,TRACKING,True,15
97200394298248,0.002065317996311933,0.028413309285665045,8.802198642859816e-06,8.721665932241714e-05,0.028067246256790135,-2.4758319526474448e-11,5.5437496390350893e-11,8.76597041497007e-05,0.028413308784365654,TRACKING,True,15
97200396377010,0.002079391008010134,0.028343656678746252,0.0002867977197347122,0.00025689991793754455,0.028108821496760607,-2.4758319526474448e-11,5.5437496390350893e-11,0.0003850331122521311,0.02834365703165531,TRACKING,True,15
97200398456606,0.0020798100013053045,0.028544219808480507,-0.00021035587717999516,0.0007745608727593455,0.02815041341673107,-2.4758319526474448e-11,5.5437496390350893e-11,0.0008026169962249696,0.028544219210743904,TRACKING,True,15
97200400561951,0.0021045489993412048,0.028180970131105727,-4.9733765976644776e-05,0.0006929407131998291,0.028192520316701164,-2.4758319526474448e-11,5.5437496390350893e-11,0.0006947231595404446,0.02818096987903118,TRACKING,True,15
97200402666383,0.002104319995851256,0.02877452780108839,-0.0008896920235092067,3.772169983699448e-05,0.02823460895667127,-2.4758319526474448e-11,5.5437496390350893e-11,0.000890491355676204,0.028774527832865715,TRACKING,True,15
97200404758311,0.0020932640036335215,0.028699601656267067,0.00031148370774745937,-0.0007955177927493275,0.02827644751664156,-2.4758319526474448e-11,5.5437496390350893e-11,0.000854324724059552,0.02869960106909275,TRACKING,True,15
97200406845173,0.0020865379919996485,0.028005852544724767,-0.00034731944480343563,0.0003534080722097384,0.028318184756611915,-2.4758319526474448e-11,5.5437496390350893e-11,0.0004955078475177288,0.028005853295326233,TRACKING,True,15
97200408931023,0.0020854500035056844,0.02883363986802202,0.0002206627863175877,2.2627166183666707e-05,0.028359901756582286,-2.4758319526474448e-11,5.5437496390350893e-11,0.0002218198642367497,0.02883364073932171,TRACKING,True,15
97200411036998,0.002105223000398837,0.028036886074366937,0.0005757606052548314,-0.0010613969626880866,0.028402021256552376,-2.4758319526474448e-11,5.5437496390350893e-11,0.0012075031409040093,0.02803688682615757,TRACKING,True,15
97200413103066,0.002066221000859514,0.028754537391365485,0.0003407429632876131,0.00019303172679921397,0.028443342616523027,-2.4758319526474448e-11,5.5437496390350893e-11,0.00039162099710665643,0.02875453792512417,TRACKING,True,15
97200415165568,0.0020623989985324442,0.028521334687604125,0.00011019139297273923,0.0003729133055497443,0.02848459265649373,-2.4758319526474448e-11,5.5437496390350893e-11,0.0003888527862727642,0.028521334752440453,TRACKING,True,15
97200417230335,0.0020647839992307127,0.028233087960667754,0.0004043384246923813,3.9415245381545366e-05,0.028525887996464404,-2.4758319526474448e-11,5.5437496390350893e-11,0.0004062549851369113,0.028233088552951813,TRACKING,True,15
97200419296520,0.002066158995148726,0.028652670404591532,-0.0012932882942537519,-0.0006298908273562053,0.028567211696435054,-2.4758319526474448e-11,5.5437496390350893e-11,0.0014385260874405503,0.028652669861912727,TRACKING,True,15
97200421375933,0.0020800350030185655,0.028531969060841086,-0.0002960645462357853,0.00048799529812716994,0.028608799956405518,-2.4758319526474448e-11,5.5437496390350893e-11,0.0005707833333872259,0.028531968593597412,TRACKING,True,15
97200423568331,0.0021924710017628968,0.027940546165279724,0.0006355847413797656,0.0004353668343223129,0.028652647916374376,-2.4758319526474448e-11,5.5437496390350893e-11,0.0007703974843025208,0.027940547093749046,TRACKING,True,15
97200425670288,0.0021028320043114945,0.02883575174878821,-0.00021317843506160234,-0.0005517211712051662,0.02869468705634452,-2.4758319526474448e-11,5.5437496390350893e-11,0.000591473828535527,0.028835751116275787,TRACKING,True,15
97200427803258,0.002133026995579712,0.028161077243355922,-0.0003293728850421455,2.3326912767382754e-05,0.028737346456314223,-2.4758319526474448e-11,5.5437496390350893e-11,0.00033019788679666817,0.028161076828837395,TRACKING,True,15
97200430000140,0.0022134600003482774,0.029144872672783977,0.00038385516618765023,0.0005685026351008817,0.028781284096283017,-2.4758319526474448e-11,5.5437496390350893e-11,0.0006859592394903302,0.02914487197995186,TRACKING,True,15
97200432167458,0.0021498050045920536,0.02936630127731665,-0.0003181674929284139,-0.00023762768114435744,0.028824630456252234,-2.4758319526474448e-11,5.5437496390350893e-11,0.0003971114056184888,0.029366301372647285,TRACKING,True,15
97200434264067,0.00211220899655018,0.02943168751254088,-0.0003734875175118243,0.0005394267815144645,0.02886656263622245,-2.4758319526474448e-11,5.5437496390350893e-11,0.0006561053451150656,0.02943168766796589,TRACKING,True,15
97200436370635,0.002090619003865868,0.028964816241912612,-0.0006583326842348981,0.0002526005502125,0.02890869399619253,-2.4758319526474448e-11,5.5437496390350893e-11,0.0007051304564811289,0.02896481566131115,TRACKING,True,15
97200438484681,0.002114268994773738,0.02909382223429935,-0.0003720430938974838,-0.0011655291691934654,0.028950974916162504,-2.4758319526474448e-11,5.5437496390350893e-11,0.0012234681053087115,0.029093822464346886,TRACKING,True,15
97200440604338,0.0021195720037212595,0.0291640964758677,0.0002525608302342805,0.0004429592479220573,0.028993368056132392,-2.4758319526474448e-11,5.5437496390350893e-11,0.0005099018453620374,0.02916409634053707,TRACKING,True,15
97200442725295,0.002120787001331337,0.0292781138963216,-0.00032516340876646095,-0.0008025095369198502,0.029035787196102267,-2.4758319526474448e-11,5.5437496390350893e-11,0.0008658826700411737,0.029278114438056946,TRACKING,True,15
97200444929807,0.0022046579979360104,0.02904700626783106,0.0005147010310191215,-1.7507021575052404e-05,0.029079877436070954,-2.4758319526474448e-11,5.5437496390350893e-11,0.0005149986827746034,0.029047006741166115,TRACKING,True,15
97200447160387,0.0022306509927148,0.028546215869016983,-0.000806048672995149,-0.0012836919122050678,0.029124489036039272,-2.4758319526474448e-11,5.5437496390350893e-11,0.001515776850283146,0.02854621596634388,TRACKING,True,15
97200449259809,0.0020993020007153973,0.029292707120771422,0.0002560668455351624,-0.00105150934613145,0.02916647747600945,-2.4758319526474448e-11,5.5437496390350893e-11,0.0010822394397109747,0.02929270640015602,TRACKING,True,15
97200451327689,0.0020674970000982285,0.02893300509603041,0.0007382833192889465,-0.001034834113258915,0.029207835075980078,-2.4758319526474448e-11,5.5437496390350893e-11,0.0012711978051811457,0.028933005407452583,TRACKING,True,15
97200453390948,0.0020631970110116526,0.030024851884574686,0.0006113544055929602,0.0004618286889817383,0.02924910025595077,-2.4758319526474448e-11,5.5437496390350893e-11,0.0007661853451281786,0.030024852603673935,TRACKING,True,15
97200455461188,0.002070320988423191,0.029571915791156488,0.0002862229402450037,0.0003528096610845649,0.029290505055921366,-2.4758319526474448e-11,5.5437496390350893e-11,0.00045431070611812174,0.029571915045380592,TRACKING,True,15
97200457540447,0.0020801490027224645,0.030191498249769307,-0.0005187289133114445,-0.0008481927037908363,0.02933209023589183,-2.4758319526474448e-11,5.5437496390350893e-11,0.0009942386532202363,0.03019149787724018,TRACKING,True,15
97200459622678,0.0020818970078835264,0.028417140565573356,0.00014849407386640848,0.0005466859572846115,0.029373734855862255,-2.4758319526474448e-11,5.5437496390350893e-11,0.0005664944765157998,0.028417140245437622,TRACKING,True,15
97200461714043,0.0020915639906888828,0.029090811438718382,0.00024792937221781997,0.00014249561424790923,0.029415562155832548,-2.4758319526474448e-11,5.5437496390350893e-11,0.0002859614905901253,0.02909081056714058,TRACKING,True,15
97200463794368,0.002080210004351102,0.030075858173878055,0.0004033228257363319,0.0002465826090926607,0.029457168655802998,-2.4758319526474448e-11,5.5437496390350893e-11,0.0004727285704575479,0.030075857415795326,TRACKING,True,15
97200465872393,0.002078001998597756,0.029201592840137132,-0.0001545944003401429,0.00048027857456067177,0.029498729155773482,-2.4758319526474448e-11,5.5437496390350893e-11,0.0005045462748967111,0.02920159325003624,TRACKING,True,15
97200467951136,0.0020785800006706268,0.02965887452554754,0.0006926895889409605,-0.00027862325509947554,0.029540304015743955,-2.4758319526474448e-11,5.5437496390350893e-11,0.0007466256502084434,0.02965887449681759,TRACKING,True,15
97200470030403,0.0020792559953406453,0.030093734556262384,-5.832515872218964e-05,0.0002429354979055437,0.02958188935571442,-2.4758319526474448e-11,5.5437496390350893e-11,0.0002498389221727848,0.030093735083937645,TRACKING,True,15
97200472097360,0.0020664110052166507,0.028798381503725008,0.0003754052423614087,-0.00041798226631250987,0.02962322849568506,-2.4758319526474448e-11,5.5437496390350893e-11,0.0005618169088847935,0.028798380866646767,TRACKING,True,15
97200474162651,0.002065309992758557,0.030288790525959366,0.000461616095583904,-0.00028247500445724997,0.029664534315655727,-2.4758319526474448e-11,5.5437496390350893e-11,0.0005411853198893368,0.03028879128396511,TRACKING,True,15
97200476226420,0.0020637030102079734,0.03047520474234302,0.0007893090735531005,0.0009056086173853734,0.02970580969562641,-2.4758319526474448e-11,5.5437496390350893e-11,0.0012013058876618743,0.030475204810500145,TRACKING,True,15
97200478291469,0.002065114997094497,0.030401159086088297,-0.00013950363442797911,0.00076277406929817,0.02974711067559708,-2.4758319526474448e-11,5.5437496390350893e-11,0.0007754260441288352,0.030401159077882767,TRACKING,True,15
97200480372077,0.0020814729941776022,0.029211245038949292,-0.00011690931421959812,0.00021265611940085303,0.029788722835567525,-2.4758319526474448e-11,5.5437496390350893e-11,0.0002426734718028456,0.029211245477199554,TRACKING,True,15
97200482451063,0.002078908000839874,0.029074099002156486,0.0006441793555215134,0.00035666378352808346,0.029830302555537997,-2.4758319526474448e-11,5.5437496390350893e-11,0.0007363260956481099,0.02907409891486168,TRACKING,True,15
97200484530648,0.0020796370081370696,0.02985287233974498,-0.0010190655903559954,-0.0002873922241994949,0.029871894255508458,-2.4758319526474448e-11,5.5437496390350893e-11,0.001058814930729568,0.02985287271440029,TRACKING,True,15
97200486610223,0.002079459998640232,0.03035908034991256,0.0003685888892459951,-0.00040393403664187356,0.029913485755478916,-2.4758319526474448e-11,5.5437496390350893e-11,0.0005468276794999838,0.03035908006131649,TRACKING,True,15
97200488801864,0.002191217994550243,0.02935524491590036,5.645220522478893e-05,-0.000536173773469669,0.029957318575447787,-2.4758319526474448e-11,5.5437496390350893e-11,0.0005391373997554183,0.02935524471104145,TRACKING,True,15
97200491216754,0.0024148719967342913,0.012941898294139002,0.0007909881430018625,-0.0013358980884104873,0.013707587538977368,2.9023385353222744e-05,-0.0013790623724415597,0.0015525096096098423,0.012941897846758366,TRACKING,True,15
97200493278627,0.002061872000922449,0.013971093253388595,-5.699794252105393e-05,-0.0007779626578095961,0.01374882499894808,2.722148131244171e-05,-0.0012934438955162966,0.0007800479070283473,0.013971093110740185,TRACKING,True,15
97200495339086,0.002060154001810588,0.014310228484271548,-1.5467828069313656e-05,-0.001385698546078633,0.013790034178918813,2.54208129890466e-05,-0.0012078841343928176,0.0013857848243787885,0.014310228638350964,TRACKING,True,15
97200497417162,0.002078963996609673,0.013667900135447483,0.0005089787183506937,-0.0010174337420854052,0.013831595698889296,2.3604748885462103e-05,-0.0011215928341745487,0.0011376425391063094,0.013667900115251541,TRACKING,True,15
97200499494383,0.0020769810071215034,0.013315860081050339,0.000721345600818343,-0.0009856504812160473,0.013873140118859791,2.178943198015551e-05,-0.0010353370374997914,0.0012214116286486387,0.01331586018204689,TRACKING,True,15
97200501578446,0.002084042993374169,0.014199158703149445,0.0007666380077578642,-0.0006589538681541563,0.013914821378830189,1.9968135740793418e-05,-0.0009487971294277159,0.0010109174763783813,0.014199159108102322,TRACKING,True,15
97200503677583,0.002100470010191202,0.014401645620749375,1.3409626208217052e-05,-0.0005261801530335205,0.013956804118800372,1.813366608992114e-05,-0.0008616312793499147,0.0005263509810902178,0.01440164539963007,TRACKING,True,15
97200505779074,0.002100803001667373,0.014485397121245533,0.0002500517107347578,-0.000781830799823376,0.013998833938770522,1.6297139240515297e-05,-0.0007743676803347727,0.0008208442595787346,0.01448539737612009,TRACKING,True,15
97200507871867,0.002092688999255188,0.013992431794377248,-8.341185297467146e-05,-0.0005269102396680213,0.014040689798740794,1.4468213713473497e-05,-0.0006874652623973671,0.0005334715824574232,0.013992431573569775,TRACKING,True,15
97200509941869,0.0020690590026788414,0.013879105058545142,0.0003250811829101053,-0.0007939933393909912,0.014082089838711393,1.2659205608597583e-05,-0.0006015092318987631,0.0008579645655117929,0.01387910544872284,TRACKING,True,15
97200512015023,0.0020728979870909825,0.014652736452672437,0.0001036290637211009,-0.0008016811811610461,0.014123552918681944,1.0847442920128718e-05,-0.0005154223158222069,0.000808351207524538,0.014652736485004425,TRACKING,True,15
97200514096001,0.0020811600115848705,0.014412625753856685,-0.0004947650525434467,0.0010879017358223233,0.014165172478652387,9.028842711979899e-06,-0.00042901051117905954,0.0011951245833188295,0.014412625692784786,TRACKING,True,15
97200516165467,0.002069594993372448,0.013896757688272567,-2.918244185279101e-05,0.0003845752727759602,0.01420656179862299,7.2203030261413655e-06,-0.00034307673787264525,0.0003856809053104371,0.013896757736802101,TRACKING,True,15
97200518229607,0.0020638749992940575,0.01400402438449955,-0.00041720695699362084,-0.0007095327435782043,0.014247844598593672,5.416417817528727e-06,-0.0002573641246513107,0.0008231028914451599,0.014004024676978588,TRACKING,True,15
97200520296067,0.0020666159980464727,0.014877807769738495,-0.0005239597661367666,0.0006922016653321018,0.01428917379856432,3.61050512353042e-06,-0.00017155517432945332,0.0008681456674821675,0.014877807348966599,TRACKING,True,15
97200522385882,0.0020907139987684786,0.01466592335153026,-3.099821767853829e-05,0.0005041352598828883,0.014330970098534635,1.7841821186776437e-06,-8.477641668746053e-05,0.0005050873733125627,0.014665923081338406,TRACKING,True,15
97200524477087,0.0020914280030410737,0.014400002063086472,-0.00011091956656322075,-0.0005965365052906476,0.01437279419850493,2.227828381842767e-13,-1.7374915308593364e-11,0.0006067610229365528,0.014400001615285873,TRACKING,True,15
97200526566443,0.0020892050088150427,0.0137320589379684,0.00014486149227935197,-0.0009768534245809639,0.014414581318475254,2.227828381842767e-13,-1.7374915308593364e-11,0.0009875360410660505,0.013732058927416801,TRACKING,True,15
97200528653814,0.0020871249871561304,0.013704292992707093,-0.0007410587660976226,-1.6877861718944886e-05,0.014456328738445604,2.227828381842767e-13,-1.7374915308593364e-11,0.0007412509294226766,0.01370429340749979,TRACKING,True,15
97200530719170,0.0020646310003940016,0.013824158045217687,-8.412536010544375e-05,0.0012524778939705323,0.014497635858416267,2.227828381842767e-13,-1.7374915308593364e-11,0.0012552998960018158,0.0138241583481431,TRACKING,True,15
97200532800744,0.0020825420069741085,0.014552559837305199,0.0008668216857073354,7.162593832135972e-05,0.0145392673383867,2.227828381842767e-13,-1.7374915308593364e-11,0.000869775889441371,0.014552559703588486,TRACKING,True,15
97200534867529,0.0020659089932451025,0.014030214004821418,-0.00028649934227653725,-0.00033600907503794235,0.014580603038357343,2.227828381842767e-13,-1.7374915308593364e-11,0.000441569893155247,0.01403021439909935,TRACKING,True,15
97200537093619,0.0022264440049184486,0.014828046057145413,0.0003231051596122943,7.092325783542658e-05,0.014625124838325723,2.227828381842767e-13,-1.7374915308593364e-11,0.0003307976003270596,0.014828045852482319,TRACKING,True,15
97200539172140,0.002078488003462553,0.014452647845045966,-0.00040645809385299054,-0.00022338067391320946,0.014666695258296199,2.227828381842767e-13,-1.7374915308593364e-11,0.0004637964302673936,0.014452647417783737,TRACKING,True,15
97200541253105,0.0020811239955946803,0.014248030462462306,-0.00041334649953797304,0.0012049304708255713,0.014708314558266641,2.227828381842767e-13,-1.7374915308593364e-11,0.0012738574296236038,0.014248030260205269,TRACKING,True,15
97200543348723,0.002095532006933354,0.015169088724016525,-0.0005421554733208912,-1.6490137034502055e-05,0.014750226918236875,2.227828381842767e-13,-1.7374915308593364e-11,0.0005424061673693359,0.01516908872872591,TRACKING,True,15
97200545469922,0.0021213869913481176,0.014933475370234421,-4.656770933142114e-05,-0.0003628152284517406,0.014792650898206744,2.227828381842767e-13,-1.7374915308593364e-11,0.000365791522199288,0.01493347529321909,TRACKING,True,15
97200547566672,0.002097246004268527,0.014983219229786949,3.734738115430241e-05,0.0002114346441674025,0.014834585898176962,2.227828381842767e-13,-1.7374915308593364e-11,0.00021470779029186815,0.014983219094574451,TRACKING,True,15
97200549664486,0.002097880991641432,0.015401966176913102,-0.0003013577131347849,6.668390431731248e-05,0.014876542178147165,2.227828381842767e-13,-1.7374915308593364e-11,0.000308647402562201,0.01540196593850851,TRACKING,True,15
97200551758367,0.002093777002301067,0.014651208265515974,-0.0004570777776504816,-0.0002971387632887647,0.014918419798117423,2.227828381842767e-13,-1.7374915308593364e-11,0.0005451710894703865,0.014651208184659481,TRACKING,True,15
97200553850729,0.002092330003506504,0.0150332033319067,-0.0003103360554611647,-0.0005041663905413019,0.014960267038087702,2.227828381842767e-13,-1.7374915308593364e-11,0.0005920238909311593,0.015033203177154064,TRACKING,True,15
97200555921316,0.0020695179991889745,0.014610392070722938,4.337746306221525e-05,0.0006754724418034793,0.01500167877805829,2.227828381842767e-13,-1.7374915308593364e-11,0.0006768637686036527,0.014610392041504383,TRACKING,True,15
97200558017970,0.002097257995046675,0.015655199145235162,-0.0008051484261744728,-0.00017708865336670793,0.01504361185802851,2.227828381842767e-13,-1.7374915308593364e-11,0.0008243933552876115,0.01565519906580448,TRACKING,True,15
97200560095396,0.002077152006677352,0.015349170229436087,-0.00022764032116266147,-9.727269628620362e-05,0.015085160377999002,2.227828381842767e-13,-1.7374915308593364e-11,0.0002475522051099688,0.015349170193076134,TRACKING,True,15
97200562164534,0.002068906993372366,0.014641413704269642,5.68859649053407e-05,-8.71709834374528e-05,0.01512654313796961,2.227828381842767e-13,-1.7374915308593364e-11,0.0001040903152897954,0.01464141346514225,TRACKING,True,15
97200564235287,0.0020706070063170046,0.014720632794559985,0.0002380215846236284,0.0004914679380749546,0.015167958197940198,2.227828381842767e-13,-1.7374915308593364e-11,0.0005460723186843097,0.014720632694661617,TRACKING,True,15
97200566299303,0.0020639440044760704,0.015429520553415746,-0.0005826934358176867,0.0001148146190863984,0.01520923851791088,2.227828381842767e-13,-1.7374915308593364e-11,0.0005938973044976592,0.015429520979523659,TRACKING,True,15
97200568380838,0.0020822229998884723,0.015618858772233471,0.0005325047401959439,0.0005765227494940344,0.015250869217881314,2.227828381842767e-13,-1.7374915308593364e-11,0.0007848183158785105,0.015618858858942986,TRACKING,True,15
97200570462240,0.0020817100012209266,0.015740528134962756,-0.00010580247315243127,0.0002381953943224135,0.015292497257851749,2.227828381842767e-13,-1.7374915308593364e-11,0.00026063615223392844,0.0157405287027359,TRACKING,True,15
97200572529406,0.002066297995042987,0.015663233782107957,4.2160547861560896e-05,0.00014751643466681812,0.015333840577822387,2.227828381842767e-13,-1.7374915308593364e-11,0.0001534229813842103,0.015663234516978264,TRACKING,True,15
97200574620373,0.002092000999255106,0.01485665784157712,0.00013550568666348273,-0.0002316411750633411,0.015375659917792685,2.227828381842767e-13,-1.7374915308593364e-11,0.00026836435426957905,0.014856657944619656,TRACKING,True,15
97200576710812,0.002089739005896263,0.015330588476896553,0.0008276808137750117,9.73947779838905e-05,0.015417468697762993,2.227828381842767e-13,-1.7374915308593364e-11,0.0008333914447575808,0.015330588445067406,TRACKING,True,15
97200578803240,0.00209306699980516,0.01559913302596674,-0.00032263263349710265,-0.0007445303350142194,0.015459317257733272,2.227828381842767e-13,-1.7374915308593364e-11,0.0008114291704259813,0.01559913344681263,TRACKING,True,15
97200580871973,0.00206763599999249,0.014891971417385807,-0.00017864631449586926,-0.00012633041022729145,0.015500691917703887,2.227828381842767e-13,-1.7374915308593364e-11,0.00021880099666304886,0.014891971834003925,TRACKING,True,15
97200582952665,0.002081293991068378,0.014641036797038038,-0.00034478687670026314,-1.4022586578915015e-05,0.015542305757674332,2.227828381842767e-13,-1.7374915308593364e-11,0.00034507192322053015,0.014641037210822105,TRACKING,True,15
97200585037855,0.0020845890103373677,0.015166803010391763,-0.000201246572383228,4.208361698481548e-05,0.015584009557644714,2.227828381842767e-13,-1.7374915308593364e-11,0.00020559964468702674,0.015166803263127804,TRACKING,True,15
97200587102584,0.0020648009958676994,0.01620994093466928,0.00015033397436142984,0.0007328267716018943,0.015625304137615387,2.227828381842767e-13,-1.7374915308593364e-11,0.0007480878266505897,0.01620994135737419,TRACKING,True,15
97200589171770,0.002069305002805777,0.014972181473704877,0.0006204250589932293,-0.00010205428988586554,0.015666687857585994,2.227828381842767e-13,-1.7374915308593364e-11,0.0006287625292316079,0.014972181059420109,TRACKING,True,15
97200591236816,0.002064973989035934,0.01618160228475362,0.0009644229215137448,0.00045549518761160793,0.01570798877755666,2.227828381842767e-13,-1.7374915308593364e-11,0.0010665773879736662,0.01618160307407379,TRACKING,True,15
97200593305071,0.002076686010695994,0.01594548917874818,0.0007734936394669603,-0.00024851297092908653,0.015749353877527284,2.227828381842767e-13,-1.7374915308593364e-11,0.0008124353480525315,0.015945488587021828,TRACKING,True,15
97200595394023,0.0020813820010516793,0.01629281252951794,0.00018101097996009495,0.00017910929886065513,0.015791132917497612,2.227828381842767e-13,-1.7374915308593364e-11,0.00025464704958721995,0.016292812302708626,TRACKING,True,15
97200597463581,0.0020687999931396917,0.015525981514419678,0.00015522981455603428,0.00017091168163196945,0.015832524077468216,2.227828381842767e-13,-1.7374915308593364e-11,0.00023088329180609435,0.015525981783866882,TRACKING,True,15
97200599543036,0.002080317004583776,0.01585630066528778,0.00015529788980917398,-0.0006913842785100423,0.015874113177438677,2.227828381842767e-13,-1.7374915308593364e-11,0.0007086110417731106,0.01585630141198635,TRACKING,True,15
97200601626225,0.0020830599969485775,0.016369337418300198,-0.00013141863473744924,0.00011255681447303394,0.01591577695740909,2.227828381842767e-13,-1.7374915308593364e-11,0.00017303148342762142,0.01636933721601963,TRACKING,True,15
97200603689089,0.0020619190036086366,0.015638185872198732,-0.00018004069793146237,-0.00032505171350868386,0.015957034237379788,2.227828381842767e-13,-1.7374915308593364e-11,0.0003715821367222816,0.015638185665011406,TRACKING,True,15
97200605792910,0.002104077997501008,0.0166086568582866,-0.0004140841978769838,-0.00037615000325725044,0.015999110657349904,2.227828381842767e-13,-1.7374915308593364e-11,0.0005594234098680317,0.01660865731537342,TRACKING,True,15
97200608409947,0.002616967001813464,0.012851402367780214,0.0001792676626615027,-0.0018389935306678802,0.012945871974136179,0.0007862734422471341,-0.001327935441196418,0.0018477104604244232,0.012851402163505554,TRACKING,True,15
97200610505276,0.0020963110000593588,0.013081888104506858,0.0008703296543819692,-0.0008818650454558575,0.012987778554106417,0.0007365520292611652,-0.001243961061657006,0.0012390156043693423,0.013081887736916542,TRACKING,True,15
97200612583337,0.0020770839910255745,0.013239911528751487,0.0002505377519145782,-0.0016826624808777657,0.0130293397740769,0.0006872403797822359,-0.001160678730758111,0.0017012120224535465,0.013239911757409573,TRACKING,True,15
97200614671725,0.002089282002998516,0.013569355982691862,-0.00044894115506418524,-0.0010116430174256378,0.013071107534047235,0.0006376836742610784,-0.0010769825252755572,0.001106783514842391,0.013569355942308903,TRACKING,True,15
97200616761518,0.0020899840019410476,0.013436920071635137,0.0011545247628421944,-0.0003322995647218822,0.013112903394017552,0.0005880936285889253,-0.0009932300116890001,0.0012013951782137156,0.013436920009553432,TRACKING,True,15
97200618827067,0.002064234999124892,0.013673660016204835,0.0014698895570100982,-0.0018099792863617654,0.013154214373988213,0.0005390788844261925,-0.0009104491234928011,0.002331651747226715,0.013673660345375538,TRACKING,False,16
97200620891946,0.002064825006527826,0.013041042628631538,0.0006492542385704708,-0.0019516324522927265,0.013195511953958882,0.0004900800391255001,-0.0008276950868479772,0.00205679377540946,0.013041042722761631,TRACKING,False,16
97200622975009,0.0020838269992964342,0.012852378338391288,0.0010088271482523526,-0.00107956223291328,0.013237173213929294,0.0004406496939630978,-0.0007442122910834426,0.0014775610761716962,0.012852378189563751,TRACKING,True,17
97200625033480,0.002058439000393264,0.013764052296369102,0.0006990209846602763,-8.375860928018443e-05,0.013278342633900056,0.00039180290822651885,-0.0006617150674852041,0.000704021193087101,0.013764052651822567,TRACKING,True,17
97200627099822,0.0020656749984482303,0.013721788042028374,0.0006045391917403345,-0.0002467475026139047,0.013319669473870706,0.0003427693464554304,-0.0005789023982737207,0.000652956310659647,0.013721788302063942,TRACKING,True,17
97200629165897,0.0020660430018324405,0.012926327556505577,0.001117550854798182,-0.0006118275815329574,0.013360990973841358,0.0002937421204995135,-0.0004961004296058451,0.0012740694219246507,0.012926327995955944,TRACKING,True,17
97200631239893,0.0020739850006066263,0.013003145779567724,0.00046984382022024704,-0.0010987430600376477,0.0134024708938119,0.00024452693202684525,-0.00041298101147760704,0.0011949851177632809,0.013003145344555378,TRACKING,True,17
97200633302533,0.0020625549950636923,0.014469380047792909,0.0013694085373376539,0.00026154739465816107,0.0134437236937826,0.0001955812174009422,-0.00033031670710670716,0.0013941617216914892,0.014469380490481853,TRACKING,True,17
97200635366774,0.0020643019961426035,0.01303365632143445,0.0003802455401404672,-9.82260411841721e-05,0.01348500851375328,0.00014659751161365557,-0.0002475882395511033,0.00039272767025977373,0.013033656403422356,TRACKING,True,17
97200637432103,0.002065417997073382,0.013279102504415694,-3.205169003013506e-05,7.37059462698015e-05,0.013526315093723942,9.75879879727868e-05,-0.00016481616828222163,8.037336374400184e-05,0.013279102742671967,TRACKING,True,17
97200639510753,0.0020792720024473965,0.013340372724386157,5.1894549454530914e-05,-3.8132914290689084e-05,0.013567888093694417,4.826236173304866e-05,-8.151023206428199e-05,6.43984749331139e-05,0.01334037259221077,TRACKING,True,17
97200641590341,0.00207960199622903,0.013009200462277373,-0.00013688869888617936,-0.00017794930144126182,0.013609479853664879,-1.0310492802416416e-11,-2.3402264284419494e-11,0.00022450939286500216,0.013009200803935528,TRACKING,True,17
97200643657878,0.0020678030123235658,0.014483916865307284,0.000102299245394359,0.0002413226197855801,0.013650830593635511,-1.0310492802416416e-11,-2.3402264284419494e-11,0.00026211017393507063,0.014483916573226452,TRACKING,True,17
97200645740911,0.0020828999986406416,0.013846880129247898,3.451914318776036e-05,8.064467073399345e-05,0.013692491253605924,-1.0310492802416416e-11,-2.3402264284419494e-11,8.772191358730197e-05,0.013846879824995995,TRACKING,True,17
97200647823184,0.002082252991385758,0.013717329098023529,-0.0010003560799040803,5.742487175298508e-05,0.013734136713576347,-1.0310492802416416e-11,-2.3402264284419494e-11,0.0010020029731094837,0.013717329129576683,TRACKING,True,17
97200650028751,0.0022051039995858446,0.013509538759032654,-0.0001079223741077162,-0.00043412505571107935,0.013778248053545017,-1.0310492802416416e-11,-2.3402264284419494e-11,0.00044733856339007616,0.0135095389559865,TRACKING,True,17
97200652183195,0.0021543890034081414,0.013408123985184322,4.1767382319032425e-05,-0.0001900803467420289,0.013821336933514415,-1.0310492802416416e-11,-2.3402264284419494e-11,0.00019461514602880925,0.013408124446868896,TRACKING,True,17
97200654262304,0.0020790569978998974,0.01392685722201427,0.0001522009066290793,3.314875965456816e-05,0.013862919113484884,-1.0310492802416416e-11,-2.3402264284419494e-11,0.00015576892474200577,0.013926857151091099,TRACKING,True,17
97200656344789,0.0020825190003961325,0.013997471184150428,-0.00025610652078646157,-7.097466632286814e-05,0.013904568813455304,-1.0310492802416416e-11,-2.3402264284419494e-11,0.0002657592121977359,0.013997470960021019,TRACKING,True,17
97200658451530,0.0021068320056656376,0.014295963285818678,-4.964193771117559e-05,0.00032831277561377924,0.01394670363342538,-1.0310492802416416e-11,-2.3402264284419494e-11,0.00033204458304680884,0.014295963570475578,TRACKING,True,17
97200660571865,0.0021206160017754883,0.014058056216783365,0.0005402766446700209,-0.00044232456183811945,0.013989110333395262,-1.0310492802416416e-11,-2.3402264284419494e-11,0.000698247691616416,0.01405805628746748,TRACKING,True,17
97200662666955,0.002094930998282507,0.014206882565598346,0.00045455374436214745,-0.0003405849971056693,0.014031012133365502,-1.0310492802416416e-11,-2.3402264284419494e-11,0.0005679940222762525,0.014206882566213608,TRACKING,True,17
97200664776600,0.0021095279953442514,0.014185543104956726,0.0002078888967336801,-2.2513155404412896e-05,0.014073205033335538,-1.0310492802416416e-11,-2.3402264284419494e-11,0.00020910435705445707,0.014185543172061443,TRACKING,True,17
97200666878057,0.0021012439974583685,0.014609758255367198,0.0002080640573645339,-8.02821012113798e-05,0.014115234173305687,-1.0310492802416416e-11,-2.3402264284419494e-11,0.00022301539138425142,0.01460975781083107,TRACKING,True,17
97200668942479,0.0020643020106945187,0.01460631898681125,0.00022075821452533504,0.0014271301902530353,0.014156522613276363,-1.0310492802416416e-11,-2.3402264284419494e-11,0.001444103429093957,0.01460631936788559,TRACKING,True,17
97200671007342,0.0020647739875130355,0.013458745274176736,0.0001134203078982782,9.635781449101607e-06,0.014197819873247034,-1.0310492802416416e-11,-2.3402264284419494e-11,0.00011382887896616012,0.013458745554089546,TRACKING,True,17
97200673070996,0.0020795160089619458,0.014267428991445539,-0.0009604103365013504,7.18387080240745e-05,0.014239092953217722,-1.0310492802416416e-11,-2.3402264284419494e-11,0.0009630933636799455,0.014267428778111935,TRACKING,True,17
97200675151001,0.002064189000520855,0.014025648405862236,0.00037346694198571163,-0.0005194241300987827,0.014280693053188177,-1.0310492802416416e-11,-2.3402264284419494e-11,0.000639749167021364,0.01402564812451601,TRACKING,True,17
97200677213265,0.0020622779993573204,0.015180319887496579,-6.683609769977296e-06,-0.00022761068441474935,0.014321938333158883,-1.0310492802416416e-11,-2.3402264284419494e-11,0.00022770879149902612,0.015180319547653198,TRACKING,True,17
97200679273968,0.0020606640027835965,0.01452928622075373,-0.0007056884255925612,-0.0005056753699641292,0.014363152393129613,-1.0310492802416416e-11,-2.3402264284419494e-11,0.0008681611507199705,0.014529285952448845,TRACKING,True,17
97200681352396,0.0020791650022147223,0.014698301189944122,-0.00014976906150971747,4.178864663195812e-05,0.014404720953100091,-1.0310492802416416e-11,-2.3402264284419494e-11,0.00015548976080026478,0.014698301441967487,TRACKING,True,17
97200683429907,0.002077449986245483,0.013333761765054223,-0.000679483084807906,-0.0008492889347107876,0.014446271173070582,-1.0310492802416416e-11,-2.3402264284419494e-11,0.0010876529850065708,0.013333762064576149,TRACKING,True,17
97200685508607,0.0020788290130440146,0.015290219958850455,-9.623779260473352e-05,0.0006126920569842513,0.014487845173041055,-1.0310492802416416e-11,-2.3402264284419494e-11,0.0006202041986398399,0.015290220268070698,TRACKING,True,17
97200687585978,0.0020772989955730736,0.014372314916256762,0.0004900914813786102,-0.00029513198627513276,0.014529392593011548,-1.0310492802416416e-11,-2.3402264284419494e-11,0.000572094926610589,0.014372315257787704,TRACKING,True,17
97200689664911,0.002078980003716424,0.014312423423267695,-0.00010189828097804158,9.296742695980227e-06,0.01457097125298202,-1.0310492802416416e-11,-2.3402264284419494e-11,0.00010232150088995695,0.014312423765659332,TRACKING,True,17
97200691741819,0.0020768879912793636,0.013585396845041887,-4.3992126509062376e-05,-0.0005082630962895741,0.014612509412952517,-1.0310492802416416e-11,-2.3402264284419494e-11,0.0005101634305901825,0.01358539704233408,TRACKING,True,17
97200693821077,0.002079287005471997,0.014275179168322116,-0.00018366810861876747,-0.00024238002448433258,0.014654094572922983,-1.0310492802416416e-11,-2.3402264284419494e-11,0.0003041086019948125,0.014275179244577885,TRACKING,True,17
97200695884227,0.0020622650044970214,0.014617786366506381,0.00048688679933374287,0.0005060697046975629,0.014695357572893678,-1.0310492802416416e-11,-2.3402264284419494e-11,0.0007022572681307793,0.01461778674274683,TRACKING,True,17
97200697960319,0.0020767489913851023,0.015556587828871222,-0.00036727024408109485,-9.391076365811138e-05,0.014736879412864189,-1.0310492802416416e-11,-2.3402264284419494e-11,0.0003790865885093808,0.01555658783763647,TRACKING,True,17
97200700028378,0.0020681839960161597,0.01459212680738411,-0.0002548750093780677,0.00026920498921347133,0.014778240592834814,-1.0310492802416416e-11,-2.3402264284419494e-11,0.0003707190335262567,0.014592126943171024,TRACKING,True,17
97200702089310,0.002060249011265114,0.015157623426284917,-7.518278405313214e-05,5.287537728335858e-05,0.01481945923280554,-1.0310492802416416e-11,-2.3402264284419494e-11,9.19143931241706e-05,0.015157623216509819,TRACKING,True,17
97200704149610,0.002060246988548897,0.01545691487758831,-8.195850643879183e-05,0.0005326869588089001,0.014860665232776274,-1.0310492802416416e-11,-2.3402264284419494e-11,0.0005389550933614373,0.015456914901733398,TRACKING,True,17
97200706208826,0.002059202000964433,0.014902235180287784,0.00023184380181276733,0.0009158400955955541,0.014901849552747025,-1.0310492802416416e-11,-2.3402264284419494e-11,0.0009447298943996429,0.014902235008776188,TRACKING,True,17
97200708268795,0.002059997001197189,0.014684523297684821,0.00018879961385798568,0.0006323335150421877,0.014943048932717765,-1.0310492802416416e-11,-2.3402264284419494e-11,0.0006599173648282886,0.014684523455798626,TRACKING,True,17
97200710340777,0.0020726829970953986,0.015070739416805113,0.0006739142624465963,0.0012818949886443931,0.014984488572688335,-1.0310492802416416e-11,-2.3402264284419494e-11,0.0014482454862445593,0.015070739202201366,TRACKING,True,17
97200712405523,0.0020642180024879053,0.015753413316651706,2.1616505531101754e-06,-0.000361546702217759,0.015025783492659006,-1.0310492802416416e-11,-2.3402264284419494e-11,0.00036155316047370434,0.01575341261923313,TRACKING,True,17
97200714484123,0.0020793630101252347,0.015205629561147339,-0.00023380398482884636,-0.0003395538036102817,0.015067355492629482,-1.0310492802416416e-11,-2.3402264284419494e-11,0.0004122633545193821,0.015205629169940948,TRACKING,True,17
97200716549656,0.0020647450000979006,0.015506455675555158,0.00036284662922531313,-0.0007706528708189311,0.015108666152600142,-1.0310492802416416e-11,-2.3402264284419494e-11,0.000851800199598074,0.015506455674767494,TRACKING,True,17
97200718627285,0.0020783779909834266,0.01493453355795889,-0.0004662894859909441,0.0003634968140944737,0.015150218732570631,-1.0310492802416416e-11,-2.3402264284419494e-11,0.0005912324413657188,0.014934533275663853,TRACKING,True,17
97200720708091,0.00208084900805261,0.015420118575191608,0.0005065936752446313,2.9488753832466284e-05,0.015191834852541075,-1.0310492802416416e-11,-2.3402264284419494e-11,0.0005074512446299195,0.015420118346810341,TRACKING,True,17
97200722772644,0.0020637260022340342,0.01553354163437541,0.00038785923509551077,1.9866987048521926e-05,0.01523312591251175,-1.0310492802416416e-11,-2.3402264284419494e-11,0.0003883677127305418,0.015533541329205036,TRACKING,True,17
97200724850574,0.002078594989143312,0.015752578005881535,-0.0008441829131159709,0.0005423392341215586,0.015274684512482234,-1.0310492802416416e-11,-2.3402264284419494e-11,0.0010033826110884547,0.015752578154206276,TRACKING,True,17
97200727064584,0.0022140100045362487,0.014699901438659995,-0.00013919582069222728,0.0001572646403164833,0.015318964712450787,-1.0310492802416416e-11,-2.3402264284419494e-11,0.00021001820277888328,0.014699901454150677,TRACKING,True,17
97200730395054,0.0033298630005447194,0.012954317476235743,-0.0004675674769873025,-0.001785359469489958,0.012853423687778778,0.00017872412668707425,-0.001833417739057676,0.0018455696990713477,0.012954317033290863,TRACKING,True,17
97200732590975,0.0021961790043860674,0.01184184294222945,7.269881080729708e-05,-0.0019248313870873527,0.012897342107747588,0.00016691439779206605,-0.0017122692035613535,0.0019262038404121995,0.011841842904686928,TRACKING,True,17
97200734706251,0.002115598996169865,0.01369547121322751,2.075927657993785e-05,-0.0019495473354771357,0.012939647627717541,0.000155538380121978,-0.0015955698370675139,0.0019496579188853502,0.013695470988750458,TRACKING,True,17
97200736799364,0.0020935049979016185,0.012641313158305705,-0.0002671350777474585,-0.0014803438388135916,0.01298150988768781,0.00014428155572956256,-0.0014800931989833962,0.0015042537124827504,0.01264131348580122,TRACKING,True,17
97200738881923,0.002082267004880123,0.013131278684068316,0.0009334304068253452,-0.001996490716416676,0.01302316106765823,0.00013308149106518738,-0.00136519882303149,0.002203920856118202,0.013131278567016125,TRACKING,False,18
97200740961424,0.002079329002299346,0.01335279821349061,-0.0005675263728844402,-0.0013941487628760956,0.013064751087628692,0.00012189787241638421,-0.0012504731563462413,0.0015052364906296134,0.01335279829800129,TRACKING,True,19
97200743035312,0.0020737989980261773,0.013659323539650917,0.0007101667147936142,-0.0007145502655877137,0.013106228847599233,0.00011074444064966274,-0.0011360571577819045,0.0010074317688122392,0.013659323565661907,TRACKING,True,19
97200745100036,0.0020642169984057546,0.012870704354734116,0.0005732208217648688,-0.00027274941397903397,0.013147523327569906,9.964029314935787e-05,-0.0010221467353194803,0.0006348026217892766,0.012870704755187035,TRACKING,True,19
97200747162906,0.002062806990579702,0.012514720414052473,-0.00017602759977347008,-0.0008574259415745352,0.013188780727540605,8.854611651657119e-05,-0.0009083385976773253,0.000875308527611196,0.012514720670878887,TRACKING,True,19
97200749269419,0.002107381005771458,0.01336180742569003,0.00024260731906508473,-0.000882442540484467,0.013230910987510683,7.721722652289181e-05,-0.0007921226841932042,0.0009151847334578633,0.013361806981265545,TRACKING,True,19
97200751367337,0.002098543001920916,0.012959160777989994,0.0003354699911704411,-0.0010243061876131206,0.013272869347480884,6.59345606965903e-05,-0.0006763809551913987,0.001077841967344284,0.012959160842001438,TRACKING,True,19
97200753481968,0.002114100003382191,0.013243973387423901,0.00029814603460701094,-0.0003243831428228883,0.013315161967450848,5.4562011855816835e-05,-0.0005597171732224099,0.00044058539788238704,0.01324397325515747,TRACKING,True,19
97200755578398,0.0020960379915777594,0.013802175372057829,0.0005122572520545374,-8.250404793661427e-05,0.013357090567421069,4.328734853807357e-05,-0.00044405753689188824,0.0005188587820157409,0.013802175410091877,TRACKING,True,19
97200757693673,0.0021152490080567077,0.014166369857450225,-0.0006035456781979896,-0.0002004895407001215,0.013399396067391024,3.191133624601546e-05,-0.0003273582255678546,0.0006359744002111256,0.014166370034217834,TRACKING,True,19
97200761468180,0.003774030992644839,0.013601579788074789,-7.358574614574913e-05,-9.461891429504088e-05,0.01347488620733741,1.1611924572138896e-05,-0.0001191194067439456,0.00011986492609139532,0.013601579703390598,TRACKING,True,19
97200764945156,0.0034775429958244786,0.013236228710228483,-0.0005568351282742221,-0.0005641886970739027,0.013025046456185511,-0.00041796162095019865,-0.0015959444870969823,0.0007927006226964295,0.013236228376626968,TRACKING,True,19
97200767038574,0.0020941810071235523,0.014081092270479777,-0.0005885328801156531,-0.000937766621852172,0.013066914816155776,-0.0003885971958069315,-0.0014838193769621724,0.0011071482440456748,0.014081092551350594,TRACKING,True,19
97200769110510,0.0020709459931822494,0.013560164928664164,-0.00020569666497358995,-0.0014258779198464985,0.013108353536126346,-0.0003595340991995457,-0.0013728448595976147,0.0014406383270397782,0.013560164719820023,TRACKING,True,19
97200771177354,0.002066609013127163,0.013442038137560527,-0.0002130564156259172,-0.0014851040707030856,0.013149690416096987,-0.0003305424281998644,-0.0012621430737471677,0.0015003089793026447,0.01344203855842352,TRACKING,True,19
97200773240614,0.0020630849903682247,0.013663862261478081,-0.0001771029503480177,-0.000562026918815164,0.01319095561606768,-0.0003016010300552524,-0.001151633249747972,0.0005892704939469695,0.013663861900568008,TRACKING,True,19
97200775332969,0.002093012008117512,0.012634717990236235,-0.0006175113561794502,-0.0025337413031826716,0.01323280271603796,-0.0002722515156388097,-0.0010395650747269682,0.002607904374599457,0.012634717859327793,TRACKING,False,20
97200777623131,0.002289906988153234,0.013437558455125693,-0.000605428279524331,0.00021980556860005853,0.013606656488071182,-7.302538700067428e-05,-9.38983865001191e-05,0.0006440946599468589,0.013437558896839619,TRACKING,True,21
97200779864183,0.0022409580124076456,0.014175369903326024,8.787263725788097e-06,0.0003838264288752329,0.01365147752803935,-6.807810241506442e-05,-8.753700900739737e-05,0.0003839269920717925,0.014175370335578918,TRACKING,True,21
97200781950894,0.0020865580008830875,0.013375149337465891,-0.0006460860324123612,0.0006199261667413407,0.01369321174800971,-6.347153676423502e-05,-8.161373886943767e-05,0.0008953969227150083,0.013375149108469486,TRACKING,True,21
97200784160081,0.002209795988164842,0.014250761253995525,0.0003257187298717347,-0.0002169090572643074,0.01373739548797833,-5.85945964737689e-05,-7.534281233180558e-05,0.0003913339169230312,0.014250760897994041,TRACKING,True,21
97200786244660,0.0020840720098931342,0.014306125126365763,0.00027150574644787455,0.001247011063228332,0.013779087067948722,-5.3992737367337634e-05,-6.942559401986977e-05,0.0012762256665155292,0.014306125231087208,TRACKING,True,21
97200788379351,0.0021347790025174618,0.012535482441141296,-0.0006262664963082783,0.0003793724864705051,0.013821780887918399,-4.928025239182608e-05,-6.336612941069709e-05,0.0007322111632674932,0.01253548264503479,TRACKING,True,21
97200790467936,0.002089521993184462,0.014254045458709511,0.000138934559703897,-0.00012401451402207218,0.013863552587888734,-4.466954975028275e-05,-5.743753979714228e-05,0.00018623215146362782,0.01425404567271471,TRACKING,True,21
97200792549465,0.0020810330024687573,0.013603914486379473,0.0007919129604614442,0.0005317313260398662,0.013905183167859167,-4.0074423739730603e-05,-5.1528979116244386e-05,0.0009538680897094309,0.01360391452908516,TRACKING,True,21
97200794614474,0.0020642329909605905,0.014138222565336814,0.00019288204168843245,0.0008154612218258718,0.013946483347829835,-3.551576682554673e-05,-4.566731157132896e-05,0.000837962084915489,0.01413822267204523,TRACKING,True,21
97200796686642,0.0020723230118164793,0.01351978415571209,-0.0005750535266321068,-7.334891806164976e-05,0.013987926707800401,-3.094130590041245e-05,-3.978532272129861e-05,0.0005797125049866736,0.013519784435629845,TRACKING,True,21
97200798769597,0.0020836619951296598,0.013543106864233552,0.0004282501157223597,0.0003390239921032903,0.014029585807770814,-2.634303189159026e-05,-3.387271424306955e-05,0.0005462008994072676,0.013543106615543365,TRACKING,True,21
97200800837892,0.0020677080028690398,0.0144522678707498,-0.00011238889717335858,-0.0002963979955061049,0.014070951707741437,-2.1777120894436265e-05,-2.8001719165173585e-05,0.0003169905976392329,0.014452267438173294,TRACKING,True,21
97200802903550,0.0020654459949582815,0.0143402721569453,-0.0010250477413793506,-0.0007618165563603282,0.014112264867712096,-1.7217031265752202e-05,-2.213820938991598e-05,0.0012771403416991234,0.014340272173285484,TRACKING,True,21
97200804968694,0.002065191001747735,0.013669624745944228,-0.0006825352682652642,3.790342315093595e-06,0.014153567747682762,-1.2658076329291696e-05,-1.6276158638380838e-05,0.0006825458258390427,0.013669624924659729,TRACKING,True,21
97200807070656,0.0021032960066804662,0.013642329433198888,0.00033252585389926913,-5.0604222013984235e-05,0.014195606987652905,-8.017842991494238e-06,-1.0309597506663964e-05,0.0003363543073646724,0.013642329722642899,TRACKING,True,21
97200809142494,0.00207060799584724,0.013430582243921975,-0.0012122626196915621,0.0009211210970318981,0.014237043747623477,-3.444110565258368e-06,-4.428545383926245e-06,0.0015225126408040524,0.013430582359433174,TRACKING,True,21
97200811209970,0.002067409994197078,0.014435619431232663,0.00021608777433461477,-0.00024255900300570717,0.014278393267594109,4.3126042830170935e-13,3.206025004395645e-12,0.00032485194969922304,0.014435619115829468,TRACKING,True,21
97200813279219,0.0020693160040536895,0.013837890677748465,0.0006619543965442723,-0.0005838329894500083,0.014319778247564717,4.3126042830170935e-13,3.206025004395645e-12,0.0008826350094750524,0.013837890699505806,TRACKING,True,21
97200815361730,0.0020831870060646906,0.014153437537846572,-2.596511270964737e-06,-0.00043893577336284365,0.014361428467535136,4.3126042830170935e-13,3.206025004395645e-12,0.0004389434470795095,0.014153437688946724,TRACKING,True,21
97200817447024,0.0020855849870713428,0.014128962212899613,-0.00027093627535749434,-0.00025073114286927817,0.014403134347505517,4.3126042830170935e-13,3.206025004395645e-12,0.0003691511519718915,0.01412896253168583,TRACKING,True,21
97200819531978,0.0020847100095124915,0.01520429547583248,1.9037795666935625e-05,0.00048492958697717075,0.014444833427475903,4.3126042830170935e-13,3.206025004395645e-12,0.0004853031423408538,0.015204295516014099,TRACKING,True,21
97200821622297,0.0020906519930576906,0.014045232569912976,-0.0002810426635295392,-0.00032022882107621525,0.01448663980744621,4.3126042830170935e-13,3.206025004395645e-12,0.00042606511851772666,0.0140452329069376,TRACKING,True,21
97200823709652,0.0020871570013696328,0.013737816696152295,-4.492975851437396e-06,-0.000715457098483577,0.014528386907416561,4.3126042830170935e-13,3.206025004395645e-12,0.0007154712220653892,0.013737816363573074,TRACKING,True,21
97200825791884,0.0020820649951929227,0.013978144482158257,-1.0035593852093837e-05,0.00013634614294775533,0.014570031547386985,4.3126042830170935e-13,3.206025004395645e-12,0.00013671498163603246,0.013978144153952599,TRACKING,True,21
97200827873405,0.0020814180024899542,0.014207183793888769,6.471437627629244e-05,0.0005828532183866677,0.014611661967357418,4.3126042830170935e-13,3.206025004395645e-12,0.000586434849537909,0.014207183383405209,TRACKING,True,21
97200829954907,0.002081245998851955,0.01536327779165801,0.00044432244059762276,-0.0001609995940808644,0.014653292007327852,4.3126042830170935e-13,3.206025004395645e-12,0.0004725921025965363,0.015363277867436409,TRACKING,True,21
97200832033112,0.0020782460051123053,0.015320438123601792,-0.0001474066268705586,-0.00015724277873827377,0.014694856107298333,4.3126042830170935e-13,3.206025004395645e-12,0.00021553190890699625,0.015320437960326672,TRACKING,True,21
97200834100028,0.0020666780037572607,0.015209554863100078,0.00018074945933470202,0.0002453044106118957,0.014736194427268975,4.3126042830170935e-13,3.206025004395645e-12,0.00030470415367744863,0.015209554694592953,TRACKING,True,21
97200836170080,0.0020700219902209938,0.014361366901860647,-0.00013644895497635597,0.00015672766233303532,0.014777595467239571,4.3126042830170935e-13,3.206025004395645e-12,0.00020780249906238168,0.014361366629600525,TRACKING,True,21
97200838239793,0.002069983005640097,0.0150794001539717,0.0002769275710628514,-0.0008832233695048449,0.014818989727210172,4.3126042830170935e-13,3.206025004395645e-12,0.000925620028283447,0.01507940050214529,TRACKING,True,21
97200841408518,0.0031683950073784217,0.015997886278763945,0.0003996892734348766,-0.00040642551336543396,0.014882364227165164,4.3126042830170935e-13,3.206025004395645e-12,0.0005700291367247701,0.015997886657714844,TRACKING,True,21
97200843855226,0.0024480219872202724,0.014064871983905776,-0.0006300801938793361,2.254849338373765e-05,0.013475287075098898,-0.0005711653177609778,0.00020736612703650223,0.0006304834969341755,0.014064871706068516,TRACKING,True,21
97200845926936,0.0020703960035461932,0.014340066103724155,-0.0010798588492719147,-0.00030061660805342155,0.013516721275069471,-0.0005335371614622546,0.00019370492475471443,0.0011209218064323068,0.014340066350996494,TRACKING,True,21
97200848030489,0.002103638995322399,0.013135817982506685,-0.000774209293653585,0.0018039845884624073,0.013558792335039592,-0.0004953306455567236,0.00017983374440444264,0.0019630996976047754,0.0131358178332448,TRACKING,True,21
97200850092439,0.002061625011265278,0.013386865140240163,-0.0009477936535067402,0.00026241541484527684,0.013600031335010303,-0.0004578797586661105,0.00016623690119524234,0.0009834503289312124,0.013386865146458149,TRACKING,True,21
97200852162063,0.0020697909931186587,0.014026202273950765,0.00021911071850852504,-0.0002627106858389044,0.013641423814980905,-0.0004202894900708011,0.00015258945434638667,0.0003420912253204733,0.014026202261447906,TRACKING,True,21
97200854228374,0.002066404005745426,0.01467315572652217,-0.00027665004800618163,-0.0002757876270565904,0.013682750034951556,-0.00038275939499486346,0.00013896385397370748,0.0003906329220626503,0.01467315573245287,TRACKING,True,21
97200856295374,0.0020669240038841963,0.01335374231782178,-8.879826718814825e-05,0.00014936377966580196,0.013724090034922195,-0.0003452167857158328,0.00012533371021977694,0.00017376615141984075,0.01335374265909195,TRACKING,True,21
97200858362497,0.002067145993351005,0.01356850280444768,-0.00021498293361471398,0.0012946466837149507,0.013765432494892834,-0.00030767194240635155,0.00011170275538327182,0.0013123748358339071,0.013568502850830555,TRACKING,True,21
97200860444150,0.002082164995954372,0.0145463348619203,-0.0004983514105325719,-0.00023892791063759972,0.013807065554863265,-0.0002698631928981165,9.797598729628552e-05,0.0005526668392121792,0.014546334743499756,TRACKING,True,21
97200862525453,0.0020813390001421794,0.014365259094003257,-0.0007445843978912327,-0.0008189372882262994,0.013848691614833703,-0.00023206080038709842,8.425152716784486e-05,0.0011068262392655015,0.014365259557962418,TRACKING,True,21
97200864599809,0.0020745439978782088,0.01342231089924872,-0.0008454538831298964,-0.0006624282323783919,0.013890178734804238,-0.00019438458518941437,7.057287671945187e-05,0.0010740592842921615,0.013422311283648014,TRACKING,True,21
97200866680977,0.0020809280104003847,0.013816398531738596,-0.0005535797560711582,-0.00011394051644616772,0.013931802094774676,-0.00015658464466303712,5.684930680359312e-05,0.0005651840474456549,0.013816398568451405,TRACKING,True,21
97200868763849,0.00208296999335289,0.014151309459008082,-0.0003857710161434781,-0.0006871353742134186,0.01397345953474509,-0.00011875375464163746,4.311450042670064e-05,0.000788019213359803,0.014151309616863728,TRACKING,True,21
97200870846099,0.002081992002786137,0.013546788041718539,0.00034120445845365336,-0.0005151934203370991,0.014015104534715514,-8.093416191243502e-05,2.938379562185216e-05,0.000617935904301703,0.01354678813368082,TRACKING,True,21
97200872928470,0.0020825480023631826,0.013485959374897303,0.00016366479070763855,-0.0004562447490819128,0.014056751954685935,-4.3112371478480345e-05,1.5652292922763606e-05,0.00048471169429831207,0.013485959731042385,TRACKING,True,21
97200875040601,0.0021116619900567457,0.013625593394808932,0.00011721872012469149,-6.908142094815509e-05,0.014098994574655934,-4.750054652583654e-06,1.7245478056213798e-06,0.00013606053835246712,0.013625593855977058,TRACKING,True,21
97200877155898,0.002115499009960331,0.013858879457728946,-0.0002100500028937339,0.0005355496615294655,0.014141300514625888,2.080794705375949e-11,-4.9788654102322916e-12,0.0005752689903602004,0.013858879916369915,TRACKING,True,21
97200879260296,0.0021045989997219294,0.014348338574275445,-0.0003500319176780244,-0.00021274847893470452,0.014183388474595998,2.080794705375949e-11,-4.9788654102322916e-12,0.00040961476042866707,0.014348338358104229,TRACKING,True,21
97200881363722,0.002103313003317453,0.01502076747676737,-0.00011236025341473141,0.0001772467521201888,0.01422545699456612,2.080794705375949e-11,-4.9788654102322916e-12,0.0002098600525641814,0.015020767226815224,TRACKING,True,21
97200883456578,0.002092811992042698,0.01442349467525811,-0.00024980471677701145,8.935355775827069e-05,0.014267314114536392,2.080794705375949e-11,-4.9788654102322916e-12,0.00026530446484684944,0.014423494227230549,TRACKING,True,21
97200885582604,0.002126178005710244,0.013841170414447717,-0.0001262289199563318,0.0005872311430132477,0.014309834634506195,2.080794705375949e-11,-4.9788654102322916e-12,0.0006006447947584093,0.013841170817613602,TRACKING,True,21
97200887709841,0.0021270769939292222,0.01427871894091255,0.0007764430716039579,0.00011205919724162751,0.014352379374475978,2.080794705375949e-11,-4.9788654102322916e-12,0.0007844877545721829,0.014278719201683998,TRACKING,True,21
97200889828336,0.00211836100788787,0.014663510404946034,7.332157017640766e-05,-0.0004299120892188374,0.014394749274445886,2.080794705375949e-11,-4.9788654102322916e-12,0.00043611976434476674,0.014663510024547577,TRACKING,True,21
97200891920407,0.0020928979938616976,0.01498364269729822,0.0007195808627808886,0.00016566507661621582,0.014436590694416171,2.080794705375949e-11,-4.9788654102322916e-12,0.0007384046912193298,0.014983642846345901,TRACKING,True,21
97200894017955,0.0020964300056220964,0.014495847993860665,-0.00010846201503220837,0.0002627238945208716,0.014478541654386376,2.080794705375949e-11,-4.9788654102322916e-12,0.0002842320245690644,0.01449584774672985,TRACKING,True,21
97200896079066,0.0020609989878721535,0.015068788319549685,0.0004663261698302857,0.00014631379065653584,0.0145197638743571,2.080794705375949e-11,-4.9788654102322916e-12,0.0004887410323135555,0.015068788081407547,TRACKING,True,21
97200898162660,0.0020836760086240247,0.014588104367187627,8.444198511236886e-05,-6.327114736309084e-05,0.014561435754327504,2.080794705375949e-11,-4.9788654102322916e-12,0.00010551628656685352,0.01458810456097126,TRACKING,True,21
97200900223532,0.0020609060011338443,0.015480377354852783,0.001421472327704064,-0.0007983008312225292,0.01600235789876077,0.00039700838555814863,-0.0004036994427166619,0.0016302968142554164,0.015480377711355686,TRACKING,True,21
97200902300466,0.002077088996884413,0.015581400605726685,0.001096634158599034,-0.00011830373102588121,0.01604389657873127,0.000372104537819011,-0.0003783758740018039,0.0011029969900846481,0.015581401064991951,TRACKING,True,21
97200904378702,0.002078314995742403,0.0163683731479631,9.402835465279369e-05,-0.0003488516712614902,0.01608546129870175,0.00034718507821654193,-0.00035303643030658213,0.0003613015578594059,0.01636837236583233,TRACKING,True,21
97200906486302,0.002108663000399247,0.016527166679557385,0.001716160252852688,-4.786563006571934e-05,0.016127613298671812,0.00032191352433230376,-0.000327338958252374,0.0017168275080621243,0.016527166590094566,TRACKING,True,21
97200908594628,0.0021072399977128953,0.016249773616557796,0.0006417907440600533,-0.0002666699768030096,0.016169779818641865,0.0002966332652155167,-0.00030163263425058974,0.00069498794618994,0.016249774023890495,TRACKING,True,21
97200910686735,0.0020934130006935447,0.015831506417984084,-0.0006108190943041288,-1.7789950540446472e-05,0.016211621958612147,0.00027154748291237943,-0.00027612406470849766,0.0006110781105235219,0.01583150587975979,TRACKING,True,21
97200912774057,0.002086830005282536,0.015535038015430014,0.0008507038625269684,-0.0005116205181620162,0.0162533683985825,0.00024651907600558686,-0.000250673837548157,0.0009926996426656842,0.015535037964582443,TRACKING,True,21
97200916323923,0.0035493900068104267,0.016092554054293114,-0.00039697181998455495,-0.0007495891046066633,0.016324365718532078,0.00020395377428760188,-0.00020739115471878536,0.0008482160628773272,0.016092553734779358,TRACKING,True,21
97200918595719,0.002271371995448135,0.015147586390620128,0.001548565789608813,-0.0010535785915394282,0.015485331854849264,0.0014109083009032715,-0.0007923680588958245,0.0018729879520833492,0.015147586353123188,TRACKING,True,21
97200921030655,0.0024349040031665936,0.015435858200237474,0.0010148131405291094,-0.0005023976907654697,0.015534030574814678,0.001307072478268436,-0.0007340537146911738,0.0011323645012453198,0.015435858629643917,TRACKING,True,21
97200923093457,0.0020625879988074303,0.015747616813222537,0.001429712224966664,-0.0012200520958328557,0.015575286614785378,0.0012191060008732257,-0.0006846516171189822,0.001879522344097495,0.015747616067528725,TRACKING,True,21
97200925154342,0.002060928993159905,0.015194131153114427,0.0004499546360863091,-0.0003109413546251826,0.015616504314756105,0.0011312212723502614,-0.0006352954298285558,0.0005469403113238513,0.015194131061434746,TRACKING,True,21
97200927215074,0.0020607089973054826,0.014311353314071894,0.0017749301182998956,-0.0007668766841831339,0.015657718954726833,0.0010433430683851757,-0.0005859429067390214,0.0019335141405463219,0.014311353676021099,TRACKING,True,21
97200929279392,0.0020643620082410052,0.015343739010205387,0.0010158473458211613,-0.0007008377274779607,0.01569900531469751,0.0009553119424295457,-0.0005365045024442654,0.0012341472320258617,0.015343738719820976,TRACKING,True,21
97200931341087,0.0020616029942175373,0.015529773346417098,0.0010288239574097477,-0.00022252396097127046,0.015740239214668227,0.000867392672129576,-0.00048712891644323405,0.0010526137193664908,0.015529773198068142,TRACKING,True,21
97200933439453,0.0020986780000384897,0.01549146262506489,0.0015498950996090095,-0.001122599528159494,0.01578220653463842,0.0007779095975029866,-0.00043687509573035445,0.001913740998134017,0.01549146231263876,TRACKING,True,21
97200935536479,0.0020983490103390068,0.016223478705456207,0.0007891453859470304,-0.0009269123889419397,0.015824147054608634,0.000688483666063048,-0.0003866533667115622,0.0012173401191830635,0.016223479062318802,TRACKING,True,21
97200937644683,0.0021074409887660295,0.01626894745818425,0.0012297753665970177,-0.0011489878090644291,0.01586631113457869,0.0005985810581004361,-0.0003361639354864206,0.001683009322732687,0.01626894809305668,TRACKING,True,21
97200939720755,0.0020756309968419373,0.016178822045843675,0.0004364681549659667,-0.00019813774956028014,0.0159078325745492,0.0005100486925807066,-0.0002864440343466626,0.0004793360421899706,0.01617882214486599,TRACKING,True,21
97200942421410,0.0027005190058844164,0.015101428868620021,0.0006770720783854163,0.0003403000321299506,0.01596184567451084,0.0003948815039655309,-0.00022176597905157025,0.0007577801588922739,0.01510142907500267,TRACKING,True,21
97200944488174,0.0020666790078394115,0.0162149264513688,-0.0007582905095421385,-0.0009390743311452544,0.016097640254289503,-0.000393943202820114,-0.0007438702642866282,0.0012070066295564175,0.016214925795793533,TRACKING,True,21
97200948082933,0.00359519399353303,0.01630640528515324,-0.000474596587792168,-0.0013678983842176987,0.01616953543423844,-0.00035113266131789794,-0.0006630324965621605,0.0014478908851742744,0.016306405887007713,TRACKING,True,21
97200951137019,0.003054016997339204,0.015616394683092331,-0.0010841179399987968,-0.0006005059105675438,0.01623061715419506,-0.0003147610782842823,-0.0005943532068855649,0.0012393220094963908,0.015616394579410553,TRACKING,True,21
97200953229134,0.00209228100720793,0.017167089640963244,0.0003491350741169845,-0.0006876429996711389,0.016272459454165344,-0.000289845756830213,-0.0005473064072467367,0.0007711991784162819,0.017167089506983757,TRACKING,True,21
97200955338427,0.0021092410024721175,0.01618852697087556,0.0001791068682783989,-0.00018286253468740145,0.016314645314135384,-0.00026472585991449936,-0.000499873314347645,0.0002559647837188095,0.016188526526093483,TRACKING,True,21
97200957444938,0.002106718995491974,0.01696493306929474,-4.198119846193947e-05,-0.0006706165717871051,0.01635677553410546,-0.00023963909426751864,-0.00045250278215702076,0.0006719293305650353,0.016964932903647423,TRACKING,True,21
97200959564855,0.0021198189933784306,0.01667387792214402,0.0006426505737734278,-0.0002870233415929226,0.01639917387407535,-0.0002143926744909068,-0.0004048307802116468,0.0007038339390419424,0.016673877835273743,TRACKING,True,21
97200961681335,0.0021162890043342486,0.017454854432992717,-0.000641724903980411,-0.0005250087701393905,0.016441503474045285,-0.0001891871864794406,-0.00035723606840106886,0.0008291230769827962,0.017454855144023895,TRACKING,True,21
97200963775296,0.0020946559961885214,0.01658438491852269,-0.00023072156508402024,0.00013652526552949056,0.016483382694015544,-0.00016424988072555782,-0.00031014775651643515,0.00026808877009898424,0.016584385186433792,TRACKING,True,21
97200965860448,0.0020848499989369884,0.016671566180405495,0.0001779786473130071,0.00047566946346313274,0.016525085733985926,-0.00013941748271655946,-0.00026325753855016554,0.0005078758113086224,0.016671566292643547,TRACKING,True,21
97200967940652,0.0020800019992748275,0.015960494602082122,-0.00026828565814118386,0.0007670654135372288,0.016566689813956377,-0.00011464401120565268,-0.0002164785895937797,0.0008126293541863561,0.015960494056344032,TRACKING,True,21
97200970044576,0.002105179999489337,0.016429236717970457,-0.0006351554963993689,-0.0006018351341532108,0.016608768293926494,-8.958805454221334e-05,-0.00016916623301523493,0.0008750017150305212,0.0164292361587286,TRACKING,True,21
97200972116280,0.002069820009637624,0.016060058789592064,-0.00015614729018400178,-8.378239145038455e-06,0.016650202373897065,-6.491581084734892e-05,-0.000122578429286014,0.00015637189790140837,0.016060058027505875,TRACKING,True,21
97200974183576,0.0020674059924203902,0.01684406192895614,0.0003227308657218975,-0.00016808440784475307,0.0166915482938677,-4.029606270696868e-05,-7.608975122283328e-05,0.0003638785274233669,0.016844062134623528,TRACKING,True,21
97200976252890,0.0020691960089607164,0.01712436762055378,0.0005247472653426453,-0.00074284790349692,0.016732934573838308,-1.5652281892144452e-05,-2.9555693033956405e-05,0.0009094958659261465,0.017124367877840996,TRACKING,True,21
97200978318017,0.0020651499944506213,0.01626327989821255,0.00021792925310857287,-0.0006024586819264409,0.016774237113808977,3.6630633422352066e-12,1.4034206522600678e-11,0.0006406633765436709,0.01626328006386757,TRACKING,True,21
97200980408256,0.002091215006657876,0.017338127789839303,-0.0003156249392411195,-0.0003313995499395454,0.016816041893779287,3.6630633422352066e-12,1.4034206522600678e-11,0.00045765136019326746,0.01733812689781189,TRACKING,True,21
97200982493631,0.0020853609894402325,0.01691065117814901,0.001147388483150639,-0.0005800093959646055,0.016857749393749663,3.6630633422352066e-12,1.4034206522600678e-11,0.0012856560060754418,0.016910651698708534,TRACKING,True,21
97200984591076,0.0020974070066586137,0.01685972514629232,-0.0003910758126697483,0.0002667357350878214,0.016899698293719873,3.6630633422352066e-12,1.4034206522600678e-11,0.0004733795940410346,0.01685972511768341,TRACKING,True,21
97200986677343,0.0020862149976892397,0.01685047588449382,-4.992855310210595e-05,0.00021135066598904534,0.01694142363369024,3.6630633422352066e-12,1.4034206522600678e-11,0.00021716805349569768,0.01685047522187233,TRACKING,True,21
97200988759104,0.002081918006297201,0.01684602819452109,-3.5012209504011874e-06,0.00023975456036048786,0.01698305885366067,3.6630633422352066e-12,1.4034206522600678e-11,0.00023978012904990464,0.016846029087901115,TRACKING,True,21
97200990839932,0.002080100995954126,0.016987036020479674,-0.000147061652061506,-0.0004573805410301408,0.01702467541363111,3.6630633422352066e-12,1.4034206522600678e-11,0.0004804415802937001,0.016987036913633347,TRACKING,True,21
97200992919707,0.002079486002912745,0.015303073252300525,0.0007113524752335829,0.00024504583812992196,0.015112474228612177,0.0006658543207399111,0.0003346619275632855,0.0007523761014454067,0.015303073450922966,TRACKING,True,21
97200995017670,0.0020985899900551885,0.01481962458967239,0.0003615281703493376,-0.00019010876333069176,0.015154433488582378,0.000623240154278633,0.0003132438211892165,0.0004084653628524393,0.014819624833762646,TRACKING,True,21
97200997095720,0.0020774520089617,0.0160584659697115,0.0008734662195412946,0.00127481138037935,0.01519599448855286,0.000581030463919528,0.00029202900665214684,0.0015453436644747853,0.016058465465903282,TRACKING,True,21
97200999175348,0.002079804995446466,0.01435970462187129,-0.0002746291097390454,0.0003972648347429665,0.015237587048523321,0.0005387887209671809,0.0002707980823114924,0.00048294977750629187,0.014359704218804836,TRACKING,True,21
97201001249172,0.0020736870064865798,0.01516726681753443,0.00024446354634945395,-7.357798328933376e-05,0.015279063528493864,0.0004966648698089891,0.0002496264110126671,0.00025529618142172694,0.015167267061769962,TRACKING,True,21
97201003317509,0.0020682529866462573,0.01517279949457458,-0.0008513018657750845,0.0014294349696384724,0.015320430268464484,0.00045465247148927584,0.0002285107565023527,0.0016637304797768593,0.015172799117863178,TRACKING,True,21
97201005390317,0.002073002004181035,0.015177283757633234,0.0002907699085375237,0.0006626072725459163,0.015361886428435043,0.0004125492574887101,0.00020734945754854783,0.0007235989905893803,0.015177283436059952,TRACKING,True,21
97201007485869,0.0020959770045010373,0.01530140285481223,0.0005219295264838043,0.0005285779221384468,0.015403797468405277,0.0003699840636524679,0.00018595596507590026,0.0007428358658216894,0.015301402658224106,TRACKING,True,21
97201009702096,0.00221616099588573,0.01582486034979887,0.0005859518065403598,0.0007090608876637822,0.015448122008373796,0.00032496769954405464,0.00016333050140705392,0.0009198406478390098,0.015824859961867332,TRACKING,True,21
97201012040759,0.002338125996175222,0.0158644130666781,0.0007813285805004637,0.0005313814007075219,0.015306925752297789,0.0007072417472337161,0.0002436297794595475,0.0009449024219065905,0.015864413231611252,TRACKING,True,21
97201014103262,0.0020624510070774704,0.015106206075732617,0.0010857829585168425,-0.00039652625810603954,0.015348175812268492,0.0006632267500531358,0.00022846754581478014,0.0011559230042621493,0.015106205828487873,TRACKING,True,21
97201016169552,0.002066335000563413,0.014718466232517475,0.0002628040383087778,0.0004920189497561548,0.015389501612239143,0.0006191309361201323,0.00021327747251168852,0.0005578069249168038,0.014718466438353062,TRACKING,True,21
97201018230717,0.002060953003820032,0.01516897167323962,0.0004439159836202006,0.000854154784544992,0.015430724912209865,0.0005751444926270995,0.0001981250750070949,0.0009626223472878337,0.015168971382081509,TRACKING,True,21
97201020292989,0.0020623199961846694,0.01632342332633121,0.0016554493507081407,0.0007788765324920198,0.015471970352180573,0.0005311344251190329,0.00018296453953002567,0.0018295248737558722,0.016323423013091087,TRACKING,True,21
97201022382872,0.002106461994117126,0.015893131271224097,0.0007971796969844253,-0.00031891681791547453,0.015513768012150887,0.00048653512303183945,0.00016760102522908772,0.0008586054900661111,0.015893131494522095,TRACKING,True,21
97201024484366,0.00208615000883583,0.01568418455390202,0.00044035687056781644,0.0007319704687271245,0.015555797892121036,0.00044168803554396353,0.0001521521541093479,0.0008542218129150569,0.015684183686971664,TRACKING,True,21
97201026569550,0.0020850389992119744,0.015920815688443255,-1.3193690528593989e-05,4.2641900509321354e-05,0.015597501572091419,0.0003971890128123645,0.00013682318392102305,4.4636366510530934e-05,0.015920815989375114,TRACKING,True,21
97201028654751,0.002085056999931112,0.015961923147087883,0.0004915667183989082,-0.00013397726306835212,0.0156392055920618,0.0003526896272910134,0.0001214940887593178,0.0005094975349493325,0.015961922705173492,TRACKING,True,21
97201030738727,0.0020838979980908334,0.016156237252520928,-0.0005820782232142214,0.0004301493190550857,0.015680885112032198,0.0003082163839723869,0.00010617399903237548,0.0007237703539431095,0.016156237572431564,TRACKING,True,21
97201032802680,0.002063057996565476,0.015334001290620378,-0.000437596544076985,-4.650020321938803e-05,0.01572216417200288,0.00026417044296001,9.100110589339893e-05,0.0004400602192617953,0.015334001742303371,TRACKING,True,21
97201034881517,0.002079569996567443,0.0163548718251746,-0.0005423699636668241,7.88752149944942e-06,0.015763740911973353,0.00021980686884938514,7.571879488420897e-05,0.0005424272967502475,0.016354871913790703,TRACKING,True,21
97201036948447,0.0020663390023401007,0.015820085352346233,-3.479504091385532e-05,-0.0001335112315194026,0.015805079511943994,0.00017569739694924392,6.052401670091469e-05,0.00013797081192024052,0.015820086002349854,TRACKING,True,21
97201039033639,0.0020858830102952197,0.015796149094323496,0.00024005985035239683,0.0007786998928186432,0.015846783351914376,0.00013119820349305575,4.519498770158732e-05,0.000814863306004554,0.015796149149537086,TRACKING,True,21
97201041097026,0.002062636995106004,0.01453064060365424,0.0002196120545513743,0.00047765656284093724,0.01588805109188507,8.716434124536631e-05,3.002625544104001e-05,0.0005257235607132316,0.01453064102679491,TRACKING,True,21
97201043161204,0.0020641040027840063,0.015063004176411007,0.0003611162684268598,0.0005003924971936427,0.015929334651855746,4.3113598603917525e-05,1.4851708242617193e-05,0.0006170880515128374,0.015063004568219185,TRACKING,True,21
97201045223310,0.002062102998024784,0.01577350613980529,0.00012944848615550273,-0.00029118846057515387,0.015970576771826457,2.725443070013267e-11,-3.3087738278425594e-12,0.0003186653775628656,0.015773506835103035,TRACKING,True,21
97201047288246,0.0020650520018534735,0.015397270240257116,-0.00026818717313199515,-0.00033846475751580786,0.016011875491797126,2.725443070013267e-11,-3.3087738278425594e-12,0.0004318364954087883,0.0153972702100873,TRACKING,True,21
97201049367972,0.0020796960016014054,0.016520532735620076,-0.00031484775775308385,0.000332776247984369,0.016053470011767587,2.725443070013267e-11,-3.3087738278425594e-12,0.00045811478048563004,0.016520531848073006,TRACKING,True,21
97201051451133,0.002083572995616123,0.01654059087255206,0.0005951778498678075,2.4755074237755865e-05,0.016095133231737994,2.725443070013267e-11,-3.3087738278425594e-12,0.0005956924869678915,0.016540590673685074,TRACKING,True,21
97201053546478,0.0020961879927199334,0.01639412003317467,-0.00038830097980708503,-0.0005022556812868964,0.016137040131708233,2.725443070013267e-11,-3.3087738278425594e-12,0.0006348530878312886,0.01639411970973015,TRACKING,True,21
97201055649744,0.0021029960043961182,0.016976150148730648,0.0005366478109889316,-0.0005023996435064935,0.016179105451678357,2.725443070013267e-11,-3.3087738278425594e-12,0.0007351165404543281,0.01697614975273609,TRACKING,True,21
97201058378149,0.002727357001276687,0.01544217425106829,0.0016340094111212044,0.0006824565986409968,0.01586803418667553,0.0007770846535715181,0.0005284951069365611,0.0017708003288134933,0.015442173928022385,TRACKING,True,21
97201060419018,0.0020408519922057167,0.016500332140604163,0.0014800321179772133,0.0004291823841952021,0.01590885156664654,0.0007292469740273419,0.0004959607116000513,0.0015410037012770772,0.016500331461429596,TRACKING,True,21
97201062489017,0.0020701740140793845,0.016413948921738745,0.00010755947509375591,0.0004521122346480613,0.01595025154661714,0.000680726491419803,0.00046296194205032535,0.00046473057591356337,0.01641394942998886,TRACKING,True,21
97201064568087,0.002079595986288041,0.016396167552690123,0.0013290312058601133,0.00044392247293574555,0.015991832946587608,0.0006319933858604013,0.000429818567677802,0.0014012105530127883,0.016396166756749153,TRACKING,True,21
97201066647478,0.0020794510055566207,0.016308575641181645,0.0001751804926871619,0.0008634239704262918,0.01603342076655807,0.0005832527561065836,0.0003966700761023112,0.0008810159633867443,0.016308575868606567,TRACKING,True,21
97201068726360,0.0020786130044143647,0.015430213531622631,0.0003661837833600339,0.0002976478105849637,0.01607499840652854,0.0005345240572404848,0.000363529698720934,0.00047189489123411477,0.015430213883519173,TRACKING,True,21
97201070828976,0.0021037940023234114,0.015659905502602083,0.0001896533517133123,0.00017904532313111376,0.016117050726498675,0.00048523903678475845,0.0003300109671488092,0.0002608172071631998,0.015659905970096588,TRACKING,True,21
97201072924361,0.00209447399538476,0.016637908060827485,0.0007546911324369221,0.0004713911402197992,0.016158958426468913,0.0004361235099421861,0.0002966075081457118,0.0008898136438801885,0.016637908294796944,TRACKING,True,21
97201075030603,0.0021057980047771707,0.01638571602610484,0.000584886804246746,-0.0002061738477322313,0.016201083266438994,0.0003867534965613739,0.0002630309729039296,0.0006201614742167294,0.016385715454816818,TRACKING,True,21
97201077103183,0.0020725979993585497,0.01608085149833324,0.0002304547519155312,0.0006081414985861139,0.016242534866409555,0.0003381725156803527,0.00022999105849171432,0.0006503425538539886,0.01608085073530674,TRACKING,True,21
97201079173739,0.002070374001050368,0.016443183160594232,0.0005654991451875932,-0.0003823538710711302,0.016283945986380145,0.00028963897707191117,0.00019698340955864602,0.0006826299941167235,0.01644318364560604,TRACKING,True,21
97201081248801,0.002075354990665801,0.017114057327823635,-7.402971210227648e-05,-0.0003245034429143145,0.01632544722635067,0.00024099981846334906,0.0001639039284867259,0.0003328406310174614,0.017114058136940002,TRACKING,True,21
97201083324002,0.0020752290001837537,0.016384405289941943,0.0003260068302097115,3.122399087256832e-05,0.016366951246321194,0.0001923574017145259,0.00013082223155433078,0.00032749868114478886,0.01638440601527691,TRACKING,True,21
97201085416040,0.00209263400756754,0.01713706504086314,-0.00013406748449976792,-0.00014385616953008508,0.01640879200629148,0.0001433203280766592,9.747212855849857e-05,0.00019664355204440653,0.017137065529823303,TRACKING,True,21
97201087506534,0.0020905639976263046,0.015786582471899808,0.00073675985367487,-0.00012070926311075867,0.016450601886261785,9.431944557953501e-05,6.414663914952541e-05,0.0007465827511623502,0.015786582604050636,TRACKING,True,21
97201089590389,0.002083553990814835,0.016288987349722887,-0.0008665697812116568,-0.00039926489031393334,0.016492278986232185,4.547418029963253e-05,3.0926984975758096e-05,0.0009541255421936512,0.016288986429572105,TRACKING,True,21
97201091666479,0.0020755590085173026,0.016260030479839812,0.00017921706513014007,0.00044361339646711726,0.016533800786202694,-1.1483301614288732e-11,-2.8541596169828765e-12,0.0004784470656886697,0.01626002974808216,TRACKING,True,21
97201093734181,0.002067644993076101,0.01711720269661485,-0.00038172646050027516,9.558410971437426e-05,0.016575154826173326,-1.1483301614288732e-11,-2.8541596169828765e-12,0.00039351164014078677,0.017117202281951904,TRACKING,True,21
97201095816733,0.0020831750007346272,0.017362749494386112,0.0003086923442170487,0.00040799355995121473,0.016616805866143745,-1.1483301614288732e-11,-2.8541596169828765e-12,0.0005116147804073989,0.017362749204039574,TRACKING,True,21
97201097901150,0.002084506006212905,0.01729801559186127,0.0002781169147424915,5.758723247256051e-05,0.016658494206114136,-1.1483301614288732e-11,-2.8541596169828765e-12,0.00028401636518538,0.0172980148345232,TRACKING,True,21
97201099969267,0.0020674319966929033,0.017968178606800757,-0.0007139282874517947,0.00013548042197089523,0.01669985654608476,-1.1483301614288732e-11,-2.8541596169828765e-12,0.0007266695029102266,0.017968177795410156,TRACKING,True,21
97201102025730,0.002075821001199074,0.017096357716753018,8.563425582009559e-05,3.508710687927135e-05,0.016740985806055552,-1.1483301614288732e-11,-2.8541596169828765e-12,9.25436761463061e-05,0.01709635742008686,TRACKING,True,21
97201104118242,0.002073344003292732,0.016621571118764587,0.000578497282507481,-0.0008575824716815393,0.016782836046025828,-1.1483301614288732e-11,-2.8541596169828765e-12,0.001034459681250155,0.01662157103419304,TRACKING,True,21
97201106185187,0.0020666780037572607,0.016289916981660827,-0.0006657733066749953,-0.000320500553831691,0.01682417494599647,-1.1483301614288732e-11,-2.8541596169828765e-12,0.0007389009697362781,0.01628991775214672,TRACKING,True,21
97201108252611,0.0020676469866884872,0.016616447730426333,0.00020054087814579767,0.0005136299270805537,0.016865523425967102,-1.1483301614288732e-11,-2.8541596169828765e-12,0.0005513912765309215,0.016616446897387505,TRACKING,True,21
97201110320184,0.0020674360130215064,0.016515980789204618,4.028677044499719e-05,0.0010571172244611658,0.016906874885937735,-1.1483301614288732e-11,-2.8541596169828765e-12,0.001057884655892849,0.016515981405973434,TRACKING,True,21
97201112426568,0.0021071419905638322,0.01736079076824806,-0.000765694951173868,0.0003951453663222183,0.016949002565907815,-1.1483301614288732e-11,-2.8541596169828765e-12,0.0008616429404355586,0.017360791563987732,TRACKING,True,21
97201119418114,0.006990848007262684,0.017159225914052244,5.2787393019329986e-05,0.00020357468832975592,0.017088833485808506,-1.1483301614288732e-11,-2.8541596169828765e-12,0.00021030730567872524,0.017159225419163704,TRACKING,True,21
97201123148004,0.0037301239935914055,0.017497323824863943,0.0006491225183990596,8.109521804360151e-05,0.017052732328676257,0.00047500132276074073,-0.00044468735405952305,0.0006541685434058309,0.01749732345342636,TRACKING,True,21
97201125228147,0.002079965008306317,0.01730133224677314,0.0009157708634785407,-0.00010344186559790018,0.01709433518864671,0.0004415121974936214,-0.0004133354612544111,0.0009215945610776544,0.01730133220553398,TRACKING,True,21
97201127302767,0.002074338000966236,0.01673393646313298,-0.0003044805877065735,0.0005837732664845419,0.017135827588617245,0.0004081119894013552,-0.0003820668110455835,0.0006584068760275841,0.016733936965465546,TRACKING,True,21
97201129374011,0.0020713299891212955,0.016776311506915935,-0.00013884179446803504,0.00019183108507140278,0.017177252468587822,0.0003747661329988054,-0.0003508490438722539,0.00023680416052229702,0.01677631214261055,TRACKING,True,21
97201131446519,0.0020723670022562146,0.01780015562506083,0.0002778698258714046,0.00034756514024968934,0.017218702628558385,0.00034139992691148023,-0.0003196122257045909,0.00044498671195469797,0.01780015602707863,TRACKING,True,21
97201133555047,0.0021085170010337606,0.017022038618924058,0.0001430789800585376,-0.000942615185038386,0.017260873188528435,0.0003074538192057944,-0.00028783251448638277,0.0009534123237244785,0.017022037878632545,TRACKING,True,21
97201135663857,0.002108813001541421,0.01834703839750479,0.0003594541456561926,0.00013211180746771224,0.01730304938849848,0.00027350317145967613,-0.0002560485529672237,0.0003829631896223873,0.018347037956118584,TRACKING,True,21
97201137835087,0.002171309999539517,0.016579525697531988,0.000514104649730754,-0.0010864832555383787,0.017346473988467642,0.00023854759703343363,-0.00022332379788296113,0.001201977371238172,0.01657952554523945,TRACKING,True,21
97201140015075,0.0021800260001327842,0.01708872790314192,0.0005749773833766219,0.0005628098791901513,0.017390073748436676,0.00020345102376283794,-0.00019046704231739166,0.0008045830763876438,0.01708872802555561,TRACKING,True,21
97201142084826,0.002069826005026698,0.018270002902134187,0.00019215761597213678,-0.0007682223278472138,0.017431468768407277,0.00017012920381548558,-0.00015927177762391947,0.0007918901974335313,0.01827000267803669,TRACKING,True,21
97201144149609,0.002064665997750126,0.01770270906312743,-4.3877510146764134e-05,0.0002773112400589135,0.01747276442837795,0.00013688736585702868,-0.00012815139057273232,0.0002807610435411334,0.017702709883451462,TRACKING,True,21
97201146211364,0.0020617749978555366,0.01779959764969626,0.001021201130127315,0.0002692886402899915,0.017513999528348662,0.00010369427698520142,-9.707664150480596e-05,0.0010561099043115973,0.01779959723353386,TRACKING,True,21
97201148274142,0.002062715997453779,0.017533159417857123,0.00035039851810834,-0.000166932694891788,0.01755525508831936,7.048471839223074e-05,-6.598647379194044e-05,0.0003881309530697763,0.017533158883452415,TRACKING,True,21
97201150351592,0.0020780040067620575,0.017412794580846176,-0.00020687845546717948,-0.00010846695510416106,0.017596804088289855,3.703894890129823e-05,-3.46751698537113e-05,0.00023358890030067414,0.01741279475390911,TRACKING,True,21
97201152417184,0.002065156993921846,0.017374430783105622,6.698520217355377e-05,-0.0007036286713956715,0.017638115928260513,3.7840865006078406e-06,-3.5425895632712912e-06,0.0007068099803291261,0.01737443171441555,TRACKING,True,21
97201154502381,0.002085960004478693,0.01748620566504826,0.0003317699991174301,-0.00034896838766134303,0.017679819868230896,1.109844323648329e-11,-8.9366101324595e-12,0.0004815082938876003,0.0174862053245306,TRACKING,True,21
97201156584477,0.002082042003166862,0.017248520431384053,0.0009291672237970186,-0.00022507687495161775,0.01772146178820132,1.109844323648329e-11,-8.9366101324595e-12,0.000956039410084486,0.017248520627617836,TRACKING,True,21
97201158665353,0.0020807419932680205,0.01867058043576551,-2.5195361735117384e-06,0.00028293433461130685,0.017763079308171763,1.109844323648329e-11,-8.9366101324595e-12,0.00028294557705521584,0.01867058128118515,TRACKING,True,21
97201160733026,0.0020854400063399225,0.018277681381730103,-0.00028584196304321766,-0.00035970836275663607,0.017804432768142395,1.109844323648329e-11,-8.9366101324595e-12,0.00045945154852233827,0.01827768050134182,TRACKING,True,21
97201162823877,0.0020727609953610227,0.017921104788138416,2.3967313858584582e-06,0.0004095633434434133,0.017846249788112695,1.109844323648329e-11,-8.9366101324595e-12,0.0004095703479833901,0.01792110502719879,TRACKING,True,21
97201164908988,0.002085671992972493,0.017683622757444162,-0.00029744697895738725,0.00014795708513987076,0.017887952008083078,1.109844323648329e-11,-8.9366101324595e-12,0.0003322137927170843,0.017683623358607292,TRACKING,True,21
97201166990442,0.0020812310103792697,0.017590367626749433,-0.00042798162199700763,0.0001749871031955642,0.017929581088053512,1.109844323648329e-11,-8.9366101324595e-12,0.00046237296191975474,0.017590368166565895,TRACKING,True,21
97201169030459,0.0020400339999468997,0.017800212397621206,-0.0006366241077856678,0.00045751316123998224,0.017970381428024537,1.109844323648329e-11,-8.9366101324595e-12,0.000783969764597714,0.017800211906433105,TRACKING,True,21
97201171098287,0.0020673079998232424,0.01792302542706668,-0.0010937680550684508,-0.0003591444960104773,0.018011737987995165,1.109844323648329e-11,-8.9366101324595e-12,0.0011512225028127432,0.01792302541434765,TRACKING,True,21
97201173191547,0.002093662988045253,0.01857150347812916,2.1196767508553367e-05,-0.0003184298749152954,0.01805360318796543,1.109844323648329e-11,-8.9366101324595e-12,0.0003191345895174891,0.018571503460407257,TRACKING,True,21
97201175318307,0.002126680003129877,0.018221955618818696,-0.0003175302825108543,-0.00016103232763198746,0.018096138387935223,1.109844323648329e-11,-8.9366101324595e-12,0.00035602934076450765,0.018221955746412277,TRACKING,True,21
97201178736253,0.0034176409972133115,0.017365517690394395,-0.00041001179911504427,0.0011196982334083535,0.017161374914050717,5.2617232857475795e-05,0.00020291846531811692,0.001192406751215458,0.01736551709473133,TRACKING,True,21
97201180832585,0.0020970360055798665,0.015921619436049948,-0.0007120262180696832,0.0006480852339501265,0.01720330155402094,4.929743581308191e-05,0.00019011566123775236,0.0009628062252886593,0.015921618789434433,TRACKING,True,21
97201182895972,0.0020624210010282695,0.01742444639622911,0.0009968951008418611,0.0005180545672643242,0.01724456929399163,4.602981118871861e-05,0.00017751406020176605,0.0011234680423513055,0.01742444559931755,TRACKING,True,21
97201184983083,0.0020884419936919585,0.01786631619437265,0.0003992309248119943,8.931414335981887e-05,0.017286311513961986,4.2724616720894825e-05,0.00016476757098776091,0.0004090994189027697,0.017866315320134163,TRACKING,True,21
97201187033332,0.0020500540122156963,0.016451796491941548,-8.281391449632985e-05,0.0003884695298463351,0.017327316493932866,3.9477797719671964e-05,0.0001522462068798985,0.0003971985715907067,0.016451796516776085,TRACKING,True,21
97201189099395,0.002065055989078246,0.01751494265636619,-0.0004023274102091832,0.000634901763595531,0.01736863775390352,3.620593532338571e-05,0.00013962826286783827,0.0007516432669945061,0.017514942213892937,TRACKING,True,21
97201191164630,0.0020652540115406737,0.01722128100857323,-0.00044002042234360476,0.0001835078179093829,0.017409942453874182,3.2935384165945565e-05,0.00012701537565106545,0.0004767526697833091,0.017221281304955482,TRACKING,True,21
97201193235357,0.002071116992738098,0.01744137154268079,-0.0005366425668402885,-0.00034766309132391225,0.017451356993844768,2.9656135757608235e-05,0.0001143689474684488,0.0006394176161848009,0.017441371455788612,TRACKING,True,21
97201195306346,0.0020706789946416393,0.01759646348176967,0.0009257563951999513,-0.0011161462339935241,0.017492776773815354,2.6376472440360656e-05,0.0001017209191887726,0.0014501059195026755,0.01759646274149418,TRACKING,True,21
97201197371604,0.0020650760125136003,0.01635239526648622,-0.00031257471684808434,-0.00011183049210540556,0.017534081933786017,2.3105884859619235e-05,8.910789150546405e-05,0.0003319774114061147,0.016352394595742226,TRACKING,True,21
97201199452005,0.0020809339912375435,0.017992881563238857,-0.0007719223114051655,0.00023032457772826216,0.017575689953756468,1.9811316494038744e-05,7.64023818764575e-05,0.0008055516518652439,0.017992882058024406,TRACKING,True,21
97201201534412,0.0020818689954467118,0.01780391010774234,0.0004848864046363744,-0.00022611756383589805,0.017617338093726887,1.6513571383137828e-05,6.368462112263615e-05,0.0005350177525542676,0.01780390925705433,TRACKING,True,21
97201203604718,0.0020704530033981428,0.01727885299369943,-8.323142953196565e-05,-0.00018775969118579435,0.01765874421369748,1.323498967957612e-05,5.1040764088348066e-05,0.00020538056560326368,0.017278853803873062,TRACKING,True,21
97201205744741,0.002140851996955462,0.017472802280185457,-0.00021395757309113734,0.00042273545409624285,0.017701544673667084,9.846002615344438e-06,3.797112855520059e-05,0.0004737965064123273,0.017472801730036736,TRACKING,True,21
97201210160811,0.004415472008986399,0.01727553700090499,-0.0004739249609217936,0.001436557134658999,0.01737328655038888,-0.00040523381271806344,0.0011066500644922172,0.0015127132646739483,0.017275536432862282,TRACKING,True,21
97201213071625,0.0029106610018061474,0.017328068815413447,-0.00022270889180086873,0.00030741550835868773,0.017431502830347532,-0.00036942977017863994,0.0010088730605162036,0.0003796097298618406,0.017328068614006042,TRACKING,True,21
97201215148349,0.002076674994896166,0.017549623382607498,-0.0002877071841645458,0.0006601938382366098,0.017473037310318032,-0.0003438853298816502,0.0009391139310063541,0.0007201606058515608,0.017549622803926468,TRACKING,True,21
97201217230235,0.002081822996842675,0.017278471601867525,-0.0006957247616899058,0.0014854314839405165,0.017514675030288463,-0.00031827739515746984,0.0008691814050189132,0.0016402864130213857,0.01727847196161747,TRACKING,True,21
97201219293817,0.0020635820110328496,0.017523810454477245,-0.0006044698350817796,0.0005149985831919417,0.01755594667025915,-0.0002928946061123475,0.000799863727757903,0.0007941079093143344,0.017523810267448425,TRACKING,True,21
97201221376199,0.0020831109868595377,0.017157264429648152,-0.00012887502032143383,0.0008311770198370296,0.017597594310229572,-0.0002672805704125983,0.0007299145406598681,0.000841108791064471,0.017157264053821564,TRACKING,True,21
97201223456690,0.0020805430103791878,0.017266913954006403,-0.000575769729351529,0.0008176248431362032,0.01763920413020002,-0.00024168979468220539,0.0006600288740459723,0.0010000106412917376,0.01726691424846649,TRACKING,True,21
97201225546629,0.0020902089891023934,0.017138868791481524,0.0005295712725390827,0.0006765532891281738,0.017681002910170333,-0.0002159828052075085,0.0005898258401480229,0.0008591682417318225,0.01713886857032776,TRACKING,True,21
97201227633411,0.002086106003844179,0.017476361686226693,-4.679300414709925e-05,-0.0003587563075182586,0.01772273855014069,-0.00019031464795029338,0.0005197288528753653,0.0003617950715124607,0.017476361244916916,TRACKING,True,21
97201229713985,0.002080667996779084,0.01805633666932671,-0.00044081312350917725,0.0009395724473638685,0.01776435003011114,-0.00016472285129052105,0.0004498403982127209,0.0010378403821960092,0.018056336790323257,TRACKING,True,21
97201231795513,0.0020816580072278157,0.018260049898122126,-0.0005075016724687569,0.0011222135179917206,0.017805980590081573,-0.0001391193200930618,0.00037991989778494246,0.0012316335923969746,0.01826005056500435,TRACKING,True,21
97201233874436,0.0020789230038644746,0.01772004055378473,-0.0002326809676017515,0.0008519562721284034,0.017847559050052045,-0.0001135478313176931,0.00031008690177873036,0.0008831590530462563,0.017720039933919907,TRACKING,True,21
97201235945707,0.0020707129879156128,0.018383679288939126,-0.00037681043090942326,0.00035023715643228617,0.017888984470022625,-8.807046485089914e-05,0.00024051094371256685,0.0005144435563124716,0.018383679911494255,TRACKING,True,21
97201238029757,0.002084545005345717,0.017659261995682074,-0.0004985758527189337,-0.00014324913426390416,0.017930665469993022,-6.243591216072874e-05,0.00017050572691197044,0.0005187467322684824,0.0176592618227005,TRACKING,True,21
97201240094377,0.0020639340073103085,0.01818231763694252,-0.0009081839508412457,0.00023408511447285942,0.017971957869963695,-3.704035534818611e-05,0.00010115318224612887,0.0009378666873089969,0.018182316794991493,TRACKING,True,21
97201242156406,0.00206198199884966,0.017634739986084835,-0.0001344407634679072,0.0006518664459962893,0.018013198449934407,-1.1676668752778376e-05,3.1887671728570745e-05,0.0006655855686403811,0.017634740099310875,TRACKING,True,21
97201244220125,0.002063754989649169,0.018284053189157386,-0.0001697147063983658,0.0008896222114443774,0.01805447282990509,-4.231286436680304e-12,-4.799155213855433e-11,0.0009056659182533622,0.01828405261039734,TRACKING,True,21
97201246282963,0.0020628190104616806,0.017328625897704883,3.322210169424119e-05,0.00047776812831649,0.018095729589875792,-4.231286436680304e-12,-4.799155213855433e-11,0.0004789218073710799,0.017328625544905663,TRACKING,True,21
97201248362072,0.0020795969903701916,0.01749513493000625,0.0002434398990273676,-0.0001135330914837547,0.01813731176984626,-4.231286436680304e-12,-4.799155213855433e-11,0.00026861263904720545,0.017495134845376015,TRACKING,True,21
97201250441110,0.0020790900016436353,0.018993918816147967,0.0004395838563642537,0.0002828008390236528,0.018178892529816727,-4.231286436680304e-12,-4.799155213855433e-11,0.0005226951907388866,0.0189939197152853,TRACKING,True,21
97201252520216,0.002079042009427212,0.017488964930847412,-0.00012558734675915175,0.0008265406118885348,0.018220474649787197,-4.231286436680304e-12,-4.799155213855433e-11,0.0008360272622667253,0.017488965764641762,TRACKING,True,21
97201254592730,0.002072221992420964,0.018665526607693828,-0.00034178180271082596,-9.570012284787235e-05,0.01826192492975776,-4.231286436680304e-12,-4.799155213855433e-11,0.0003549272078089416,0.018665526062250137,TRACKING,True,21
97201256679672,0.00208765099523589,0.01742895845614208,6.707150100992033e-05,-0.00048692236016484964,0.018303663769728116,-4.231286436680304e-12,-4.799155213855433e-11,0.0004915200406685472,0.017428958788514137,TRACKING,True,21
97201258759865,0.0020800120109925047,0.0176443464451595,-0.000486887219510142,0.0003864260588646525,0.018345267629698566,-4.231286436680304e-12,-4.799155213855433e-11,0.0006215981557033956,0.01764434576034546,TRACKING,True,21
97201260827518,0.002067052002530545,0.017626702347815784,-0.001392717382587973,0.0010559250311384814,0.018386620689669196,-4.231286436680304e-12,-4.799155213855433e-11,0.0017477526562288404,0.017626702785491943,TRACKING,True,21
97201262927741,0.0021004319860367104,0.018204855867346402,-0.0002253745192641435,-0.0005720447075678872,0.018428625149639367,-4.231286436680304e-12,-4.799155213855433e-11,0.0006148404791019857,0.018204856663942337,TRACKING,True,21
97201264998795,0.0020709760137833655,0.019041825450853297,0.00033823995137984497,0.00037323628498992515,0.01847004622960995,-4.231286436680304e-12,-4.799155213855433e-11,0.0005036978982388973,0.019041825085878372,TRACKING,True,21
97201267033685,0.00203557699569501,0.01874529525915582,0.0004469876639098396,0.00021095190720983597,0.018510744029581045,-4.231286436680304e-12,-4.799155213855433e-11,0.0004942658124491572,0.018745295703411102,TRACKING,True,21
97201269099467,0.002064961998257786,0.01846523700193155,0.0005034153280103031,0.00011891139621761976,0.0185520596695517,-4.231286436680304e-12,-4.799155213855433e-11,0.0005172686651349068,0.018465237691998482,TRACKING,True,21
97201271185559,0.002086571999825537,0.018325905551973085,0.00017529498907311922,-0.0009519278617008152,0.01859378150952207,-4.231286436680304e-12,-4.799155213855433e-11,0.0009679333888925612,0.01832590624690056,TRACKING,True,21
97201273253154,0.002067205001367256,0.018707703564245122,-0.00033314129223795726,-0.0007414127601639435,0.018635133409492702,-4.231286436680304e-12,-4.799155213855433e-11,0.000812819751445204,0.018707703799009323,TRACKING,True,21
97201275317989,0.0020647060009650886,0.01896335632094171,0.0009849443489876701,0.0006234509878517479,0.018676430109463373,-4.231286436680304e-12,-4.799155213855433e-11,0.0011656786082312465,0.01896335557103157,TRACKING,True,21
97201277407499,0.0020904109987895936,0.019021414246176708,-0.00038078279489794415,-0.0006976807478379163,0.01871822030943369,-4.231286436680304e-12,-4.799155213855433e-11,0.0007948295096866786,0.0190214142203331,TRACKING,True,21
97201279495073,0.002088038992951624,0.018591926538207838,-0.0003378655276085415,0.00011669186486155613,0.01875997178940404,-4.231286436680304e-12,-4.799155213855433e-11,0.0003574494330678135,0.018591927364468575,TRACKING,True,21
97201281578137,0.002082532999338582,0.01966029715373558,0.00041295385793708436,0.00018228853365133733,0.018801633069374452,-4.231286436680304e-12,-4.799155213855433e-11,0.00045139784924685955,0.01966029778122902,TRACKING,True,21
97201283662982,0.0020845990075031295,0.01904076209358004,-0.0007538938139239998,0.00036279243117690496,0.01884332996934484,-4.231286436680304e-12,-4.799155213855433e-11,0.0008366446127183735,0.01904076151549816,TRACKING,True,21
97201285768868,0.0021058190031908453,0.01898353378208786,-0.00035818539178634253,-2.9585607296385853e-05,0.018885447689314924,-4.231286436680304e-12,-4.799155213855433e-11,0.0003594051522668451,0.01898353360593319,TRACKING,True,21
97201287872380,0.0021031130017945543,0.018833227966896914,0.0003050583483785938,-0.00023704304437667363,0.018927517929285046,-4.231286436680304e-12,-4.799155213855433e-11,0.0003863288729917258,0.018833227455615997,TRACKING,True,21
97201289965225,0.0020939049863955006,0.01953639496172103,2.836681211961747e-05,-0.0002324892795892933,0.01896937482925532,-4.231286436680304e-12,-4.799155213855433e-11,0.00023421345395036042,0.019536394625902176,TRACKING,True,21
97201292013417,0.0020470730087254196,0.01971624735807295,-7.188623337339495e-05,8.92654745557441e-06,0.019010338669226228,-4.231286436680304e-12,-4.799155213855433e-11,7.243834988912567e-05,0.01971624791622162,TRACKING,True,21
97201294078736,0.0020652989915106446,0.018536269013582646,0.0005930491125093358,-5.792390369408135e-06,0.019051645049196892,-4.231286436680304e-12,-4.799155213855433e-11,0.0005930773913860321,0.018536269664764404,TRACKING,True,21
97201296149258,0.0020871540036750957,0.019376834133789534,-0.00013074793123792907,0.0001475302374574413,0.019093055489167482,-4.231286436680304e-12,-4.799155213855433e-11,0.00019712989160325378,0.019376834854483604,TRACKING,True,21
97201298238341,0.002072557996143587,0.0185090622506177,-0.00021766009994232956,-0.0006248517350395852,0.019134837149137808,-4.231286436680304e-12,-4.799155213855433e-11,0.0006616763421334326,0.018509062007069588,TRACKING,True,21
97201300308037,0.0020698110020020977,0.019026546188837503,0.0003747269054939338,-0.00024656502912290084,0.01917623106910841,-4.231286436680304e-12,-4.799155213855433e-11,0.0004485694516915828,0.01902654580771923,TRACKING,True,21
97201302398735,0.0020914159977110103,0.01918541271367038,0.00010273765365209533,0.0008334443258714312,0.01921804502907871,-4.231286436680304e-12,-4.799155213855433e-11,0.0008397526107728481,0.019185412675142288,TRACKING,True,21
97201304470630,0.0020710900134872645,0.01966914818578572,-0.0008041085202838901,0.0006709136211221912,0.019259482929049283,-4.231286436680304e-12,-4.799155213855433e-11,0.0010472418507561088,0.019669149070978165,TRACKING,True,21
97201306547185,0.002076690987451002,0.018468424145366993,-0.000732611453064029,0.00010667241291372197,0.01930101402901979,-4.231286436680304e-12,-4.799155213855433e-11,0.0007403367781080306,0.018468424677848816,TRACKING,True,21
97201308647143,0.0021000440028728917,0.020119740813841262,-0.00039558860321884444,-0.0006000744591708399,0.01934301318898996,-4.231286436680304e-12,-4.799155213855433e-11,0.0007187348091974854,0.020119741559028625,TRACKING,True,21
97201310719615,0.0020722900080727413,0.01921952280974759,7.676481596053381e-05,0.0006690418067622252,0.01938446262896052,-4.231286436680304e-12,-4.799155213855433e-11,0.0006734313792549074,0.019219523295760155,TRACKING,True,21
97201312795275,0.0020755839941557497,0.01945923561599315,-0.0001979946728428929,-0.00021126654480782696,0.019425975828931036,-4.231286436680304e-12,-4.799155213855433e-11,0.00028954350273124874,0.019459236413240433,TRACKING,True,21
97201314884123,0.0020895960042253137,0.019528602816277753,0.00023129207400531443,-0.0004996306727524893,0.019467752788901366,-4.231286436680304e-12,-4.799155213855433e-11,0.000550569558981806,0.019528603181242943,TRACKING,True,21
97201316974572,0.002090631998726167,0.019407799125411056,0.00036086571477329115,0.0010925222418425758,0.019509561768871673,-4.231286436680304e-12,-4.799155213855433e-11,0.0011505776783451438,0.01940779946744442,TRACKING,True,21
97201319166181,0.0021910959912929684,0.019780902886660456,-0.0011134307461346175,-0.00029816519946163935,0.019553393948840543,-4.231286436680304e-12,-4.799155213855433e-11,0.0011526623275130987,0.019780902191996574,TRACKING,True,21
97201322454031,0.0032874870084924623,0.01746940552538063,-0.0006528184306324827,0.0020065534947170597,0.017277384380903676,-0.00047261168164004785,0.001432576334183401,0.0021100779995322227,0.017469406127929688,TRACKING,False,22
97201324836578,0.0023824450036045164,0.017184795582811534,-0.0001829538466119383,0.0015610651973239614,0.017325035320869833,-0.00043873722578488517,0.0013298963849500624,0.0015717495698481798,0.017184795811772346,TRACKING,True,23
97201326909252,0.00207267799123656,0.017129077279558483,-0.000679201239776126,0.0010520969009729893,0.017366488800840393,-0.00040926846654733675,0.0012405709441099609,0.001252286834642291,0.01712907664477825,TRACKING,True,23
97201328997393,0.0020892710017506033,0.01685476023767654,-0.0003690690088008216,0.0007983227336144973,0.017408251620810732,-0.00037957980138192545,0.0011505789263776547,0.0008795061730779707,0.01685476116836071,TRACKING,True,23
97201331061991,0.00206345300830435,0.017438511631151347,-0.0008926479641847165,0.001847491688438973,0.017449543580781407,-0.0003502258646874312,0.001061601534608572,0.002051839604973793,0.017438512295484543,TRACKING,False,24
97201333125899,0.002063869993435219,0.01774000230222494,0.0003535970385085313,0.0006465748974776742,0.017490821740752092,-0.000320881738239929,0.0009726538795728971,0.0007369463564828038,0.017740001901984215,TRACKING,True,25
97201335211524,0.0020859100040979683,0.01733872841367037,-5.9674815777379145e-05,0.0010451137792463793,0.017532534240722465,-0.00029122884493166536,0.0008827702931757422,0.0010468161199241877,0.01733872853219509,TRACKING,True,25
97201337281344,0.002069718000711873,0.017719071787666598,0.00013068353335505032,0.00103285377208291,0.017573930640693066,-0.0002618006631505157,0.0007935678503604907,0.0010410883696749806,0.017719071358442307,TRACKING,True,25
97201339353041,0.002071722992695868,0.018176130237912338,-0.0005018588021920521,0.0011941856338155165,0.01761536458066364,-0.00023234579465399794,0.0007042845150110262,0.001295353751629591,0.018176130950450897,TRACKING,True,25
97201341445090,0.0020929699967382476,0.015904198461823775,-4.9766124212316076e-05,0.00048085532852708767,0.017657205560633923,-0.00020260156652446385,0.0006141240753161717,0.0004834237333852798,0.015904199331998825,TRACKING,True,25
97201343533841,0.002088476001517847,0.01744848930763327,-0.00019012956237471533,0.00046678670789606074,0.017698980580604255,-0.00017290422853200163,0.0005241057685876641,0.0005040228716097772,0.017448488622903824,TRACKING,True,25
97201345625848,0.0020926930010318756,0.01792209492705176,-0.0006541963007722896,0.00012756857222176736,0.01774082072057454,-0.00014316059754793657,0.0004339471389548427,0.0006665182299911976,0.017922094091773033,TRACKING,True,25
97201347719355,0.0020934210042469203,0.017960241561617796,-0.0003785946106772501,0.00012532991916895604,0.017782690860544802,-0.00011339563993997581,0.00034372386424939556,0.00039880003896541893,0.017960241064429283,TRACKING,True,25
97201349817800,0.0021118790027685463,0.018074947550314475,8.074091847447146e-06,-3.128627551915935e-05,0.017824659760514998,-8.356047508615059e-05,0.00025328777796486336,3.2311327231582254e-05,0.018074948340654373,TRACKING,True,25
97201351923174,0.0020914019987685606,0.017469978602443464,0.00020381671092004067,0.000530667340211738,0.017866767240485092,-5.362679544767662e-05,0.00016255307454151355,0.0005684620118699968,0.0174699779599905,TRACKING,True,25
97201354013872,0.0020899219962302595,0.018207627804308735,0.00022390821653716492,-7.6163509904425e-05,0.017908581200455395,-2.3901775497397852e-05,7.245085850873735e-05,0.0002365074324188754,0.018207628279924393,TRACKING,True,25
97201356085813,0.00207193499954883,0.017538152396651283,-4.362105396230436e-05,-8.765743023012373e-05,0.017950020020425964,9.798169708311738e-12,-2.044349238505827e-11,9.79112955974415e-05,0.017538152635097504,TRACKING,True,25
97201358152924,0.002066992994514294,0.01767064017295279,0.00010911410107865665,0.0014170956268247969,0.017991362240396602,9.798169708311738e-12,-2.044349238505827e-11,0.0014212902169674635,0.017670640721917152,TRACKING,True,25
97201360216834,0.002063854000880383,0.017771261826268057,-0.00018376429363987424,0.0003377579477106109,0.018032640440367287,9.798169708311738e-12,-2.044349238505827e-11,0.00038451235741376877,0.017771262675523758,TRACKING,True,25
97201362287375,0.002070926013402641,0.01770278877102997,-0.00022066951077194804,-0.00022868083271496037,0.018074051260337877,9.798169708311738e-12,-2.044349238505827e-11,0.00031778914853930473,0.01770278811454773,TRACKING,True,25
97201364401300,0.0021143419871805236,0.018071183809548575,0.00038999133549874024,0.0002472007581433159,0.01811632976030785,9.798169708311738e-12,-2.044349238505827e-11,0.00046173742157407105,0.018071183934807777,TRACKING,True,25
97201366499970,0.0020995060040149838,0.017439111330514862,-0.00017281320944760218,-0.0005064080438443818,0.018158303160278038,9.798169708311738e-12,-2.044349238505827e-11,0.0005350827123038471,0.017439112067222595,TRACKING,True,25
97201368591758,0.0020912470063194633,0.01834042239624458,-0.000258184950227979,0.0005123926583604084,0.018200138920248327,9.798169708311738e-12,-2.044349238505827e-11,0.00057376449694857,0.018340421840548515,TRACKING,True,25
97201370678655,0.0020870890002697706,0.019177949852574677,-0.00016456870997213797,7.756825976668941e-05,0.018241876860218685,9.798169708311738e-12,-2.044349238505827e-11,0.00018193321011494845,0.01917794905602932,TRACKING,True,25
97201372778229,0.002099049001117237,0.01864625130235001,-0.00035361110361009987,-0.0007388737436691454,0.01828386834018886,9.798169708311738e-12,-2.044349238505827e-11,0.0008191308006644249,0.018646251410245895,TRACKING,True,25
97201374846902,0.0020680579909821972,0.01854345385929167,0.0001356379349181139,-0.000943802343618035,0.01832524180015948,9.798169708311738e-12,-2.044349238505827e-11,0.0009534991113469005,0.018543453887104988,TRACKING,True,25
97201376952476,0.002106376996380277,0.018304902936992922,-0.000274247337050716,-0.000340125565509524,0.01836735328012957,9.798169708311738e-12,-2.044349238505827e-11,0.00043691761675290763,0.01830490306019783,TRACKING,True,25
97201379013535,0.002060118000372313,0.01839716662489393,-0.0007391014618259224,-0.0007138807363619998,0.018408574460100295,9.798169708311738e-12,-2.044349238505827e-11,0.0010275683598592877,0.018397167325019836,TRACKING,True,25
97201381080699,0.002067111010546796,0.01903502714935666,0.0002815570903785223,-6.983642024866241e-05,0.01844991774007093,9.798169708311738e-12,-2.044349238505827e-11,0.00029008882120251656,0.01903502643108368,TRACKING,True,25
97201383150487,0.0020700919994851574,0.01851609168650953,0.00012246068991817163,-1.0383157629771222e-05,0.01849131350004153,9.798169708311738e-12,-2.044349238505827e-11,0.00012290009181015193,0.018516091629862785,TRACKING,True,25
97201385217519,0.0020667539938585833,0.019660670409406916,-0.0003106961933986204,0.0002704562317755669,0.01853265414001217,9.798169708311738e-12,-2.044349238505827e-11,0.00041192074422724545,0.019660670310258865,TRACKING,True,25
97201387285221,0.002067716995952651,0.01798518153771545,0.00028186895946723424,0.0008398836903495931,0.018574008179982802,9.798169708311738e-12,-2.044349238505827e-11,0.0008859203080646694,0.017985181882977486,TRACKING,True,25
97201389353810,0.0020686740026576445,0.01856453772942499,-0.00040078289268170365,-0.0008179259420701536,0.01861537995995342,9.798169708311738e-12,-2.044349238505827e-11,0.000910840171854943,0.018564537167549133,TRACKING,True,25
97201391419634,0.00206576100026723,0.019185105188467697,-0.00036042217376436986,8.673424677570804e-05,0.018656696439924077,9.798169708311738e-12,-2.044349238505827e-11,0.0003707114374265075,0.019185105338692665,TRACKING,True,25
97201393484911,0.0020651700033340603,0.019022947070877493,-0.00048283612333435385,1.4019754694116727e-05,0.01869800197989474,9.798169708311738e-12,-2.044349238505827e-11,0.0004830396210309118,0.019022947177290916,TRACKING,True,25
97201395551464,0.002066611996269785,0.01938513251033861,-0.00042876097674028407,-0.00015779752676477944,0.018739333039865386,9.798169708311738e-12,-2.044349238505827e-11,0.00045687638339586556,0.01938513293862343,TRACKING,True,25
97201397641675,0.002090973997837864,0.018778931515610206,-0.0008095036398012082,-0.0002266619590019497,0.018781137259835698,9.798169708311738e-12,-2.044349238505827e-11,0.0008406377164646983,0.018778931349515915,TRACKING,True,25
97201399724932,0.002083424013108015,0.019249998065936476,0.0009805463432100787,-0.000472705225587432,0.018822802399806104,9.798169708311738e-12,-2.044349238505827e-11,0.0010885410010814667,0.019249998033046722,TRACKING,True,25
97201401793262,0.0020674869883805513,0.018883080031875676,0.00016578593278954856,-0.00015271414939468963,0.018864168999776727,9.798169708311738e-12,-2.044349238505827e-11,0.00022540317149832845,0.018883079290390015,TRACKING,True,25
97201403875976,0.002083251005387865,0.018596969350420593,-0.00011402901476739372,-0.00022664589958350823,0.018905823279747144,9.798169708311738e-12,-2.044349238505827e-11,0.000253714359132573,0.018596969544887543,TRACKING,True,25
97201405957243,0.0020813650044146925,0.01852913153291299,-0.0001261250556112701,-7.569428337266226e-05,0.01894744861971758,9.798169708311738e-12,-2.044349238505827e-11,0.00014709573588334024,0.01852913200855255,TRACKING,True,25
97201408016096,0.002058141995803453,0.017864334980449453,5.6936317686002496e-05,-0.00010512922940979697,0.018988625679688335,9.798169708311738e-12,-2.044349238505827e-11,0.00011955709487665445,0.01786433532834053,TRACKING,True,25
97201410081467,0.0020653749961638823,0.01905382060219919,-0.0009903714045373776,0.0009628336758581397,0.019029933099659,9.798169708311738e-12,-2.044349238505827e-11,0.0013812618562951684,0.01905382052063942,TRACKING,True,25
97201412148878,0.0020674850093200803,0.019067350970945425,-0.0008040070504501144,0.0005211848735784887,0.019071281319629634,9.798169708311738e-12,-2.044349238505827e-11,0.0009581550257280469,0.019067350775003433,TRACKING,True,25
97201414216488,0.0020676569984061643,0.01941554304972964,-0.00027518055649011075,0.0005986052155353389,0.019112633519600266,9.798169708311738e-12,-2.044349238505827e-11,0.0006588266114704311,0.019415542483329773,TRACKING,True,25
97201416329657,0.0021135540009709075,0.01942070847603931,-0.000499604729636732,-0.0003337399415337153,0.01915489689957025,9.798169708311738e-12,-2.044349238505827e-11,0.0006008221535012126,0.01942070759832859,TRACKING,True,25
97201418398648,0.0020686369971372187,0.019395938082184237,0.0008037642758742035,-0.00022300965810483284,0.01919627671954086,9.798169708311738e-12,-2.044349238505827e-11,0.0008341284701600671,0.019395938143134117,TRACKING,True,25
97201420500633,0.0021038559934822842,0.019924950804438804,7.99822336217207e-05,-0.0003604925924594096,0.019238316419511004,9.798169708311738e-12,-2.044349238505827e-11,0.000369258807040751,0.0199249517172575,TRACKING,True,25
97201422603457,0.0021020499989390373,0.0199314303052415,-0.00044726224018068396,-9.803947917874039e-05,0.019280372899481136,9.798169708311738e-12,-2.044349238505827e-11,0.00045788128045387566,0.019931429997086525,TRACKING,True,25
97201424707588,0.0021031680080341175,0.018273944628515667,-0.0001675693991499594,0.0003981314011155077,0.019322455519451248,9.798169708311738e-12,-2.044349238505827e-11,0.0004319584695622325,0.018273944035172462,TRACKING,True,25
97201426803688,0.002096879994496703,0.01873982775752145,-0.0007610278884113886,0.0007655970701311881,0.019364377519421473,9.798169708311738e-12,-2.044349238505827e-11,0.0010794916888698936,0.01873982697725296,TRACKING,True,25
97201428867775,0.002063050997094251,0.01972198040811871,-0.00036928340121814007,-3.8424522109169257e-05,0.019405659259392156,9.798169708311738e-12,-2.044349238505827e-11,0.0003712770703714341,0.01972198113799095,TRACKING,True,25
97201430954421,0.002087635002681054,0.0203961186977022,-0.00058699730793232,0.00048221290854536496,0.019447392179362515,9.798169708311738e-12,-2.044349238505827e-11,0.0007596677751280367,0.020396118983626366,TRACKING,True,25
97201433040073,0.00208573900454212,0.019757300217111782,0.00017813531455459225,-4.168635387620859e-05,0.019489105219332892,9.798169708311738e-12,-2.044349238505827e-11,0.0001829479297157377,0.01975730061531067,TRACKING,True,25
97201435113309,0.002072443996439688,0.019916645547062864,-0.00045756906762158336,4.4903000418915127e-05,0.01953056993930344,9.798169708311738e-12,-2.044349238505827e-11,0.00045976703404448926,0.01991664618253708,TRACKING,True,25
97201437184909,0.0020715790014946833,0.020248432070763957,-8.08117912866615e-05,7.629845845940131e-05,0.01957200193927402,9.798169708311738e-12,-2.044349238505827e-11,0.00011113955406472087,0.020248431712388992,TRACKING,True,25
97201439253174,0.002068203000817448,0.02005749496958048,-0.0008159012706726526,-0.001039902648234608,0.019613367239244638,9.798169708311738e-12,-2.044349238505827e-11,0.0013217763043940067,0.020057495683431625,TRACKING,True,25
97201441338840,0.002086319000227377,0.020345298070733913,0.00015958743051400204,0.0002473427648048422,0.019655080559215013,9.798169708311738e-12,-2.044349238505827e-11,0.000294357945676893,0.020345298573374748,TRACKING,True,25
97201443409751,0.0020702079928014427,0.019481525336658957,3.4187815068328236e-05,0.0003967101891769704,0.019696498779185598,9.798169708311738e-12,-2.044349238505827e-11,0.0003981805930379778,0.01948152482509613,TRACKING,True,25
97201445473696,0.0020637620036723092,0.019697647134538494,-0.00027627881077965384,-0.00044332499350771776,0.01973777767915628,9.798169708311738e-12,-2.044349238505827e-11,0.0005223667831160128,0.0196976475417614,TRACKING,True,25
97201447557740,0.0020847349951509386,0.01902947200121307,-0.0012121625166204896,-0.00020564286946119555,0.01977945855912668,9.798169708311738e-12,-2.044349238505827e-11,0.0012294824700802565,0.019029472023248672,TRACKING,True,25
97201449639674,0.0020819260098505765,0.019591616883415052,0.0012217367207729966,-0.00031562011529545067,0.019821097239097106,9.798169708311738e-12,-2.044349238505827e-11,0.0012618466280400753,0.019591616466641426,TRACKING,True,25
97201451703732,0.0020632809901144356,0.01929072562388782,0.0009298608637023995,-0.0003700525957567612,0.01986237839906779,9.798169708311738e-12,-2.044349238505827e-11,0.0010007898090407252,0.019290724769234657,TRACKING,True,25
97201453768895,0.002065246007987298,0.019729617790020953,0.0004865896822805623,0.000500047911008145,0.019903681659038455,9.798169708311738e-12,-2.044349238505827e-11,0.0006977230659686029,0.0197296179831028,TRACKING,True,25
97201455832566,0.00207186299667228,0.020451246224607506,0.00033687132251884375,-0.00046080609749586996,0.019944955079009143,9.798169708311738e-12,-2.044349238505827e-11,0.0005708104581572115,0.020451245829463005,TRACKING,True,25
97201457913132,0.0020724790083477274,0.019672101864283826,-0.00022234853527483092,0.0003233946754080599,0.01998656639897959,9.798169708311738e-12,-2.044349238505827e-11,0.0003924576158169657,0.019672101363539696,TRACKING,True,25
97201459995124,0.0020827999978791922,0.01991359871719567,0.0005535118292648862,0.0001465671537140479,0.020028206238950016,9.798169708311738e-12,-2.044349238505827e-11,0.0005725882365368307,0.019913598895072937,TRACKING,True,25
97201462038178,0.0020441259985091165,0.020258046058018023,-0.001080786595327805,0.00010542326772870745,0.020069067318920997,9.798169708311738e-12,-2.044349238505827e-11,0.001085916068404913,0.020258046686649323,TRACKING,True,25
97201464111660,0.002071675000479445,0.019621161008294617,0.0004706831596064107,-5.5725407067669224e-05,0.020110536958891544,9.798169708311738e-12,-2.044349238505827e-11,0.00047397043090313673,0.019621161743998528,TRACKING,True,25
97201466181229,0.002069611000479199,0.020545312089345114,0.00036108246977380453,-0.00024583577168353025,0.020151928338862146,9.798169708311738e-12,-2.044349238505827e-11,0.00043682463001459837,0.020545311272144318,TRACKING,True,25
97201468248299,0.0020668520010076463,0.01986975382534607,0.000564422955713687,0.0007009813590036828,0.020193269738832786,9.798169708311738e-12,-2.044349238505827e-11,0.000899971229955554,0.01986975409090519,TRACKING,True,25
97201470313969,0.0020656449923990294,0.019871622426801752,-0.0007679735933973802,0.00046639139497757335,0.020234583138803445,9.798169708311738e-12,-2.044349238505827e-11,0.0008985011954791844,0.019871622323989868,TRACKING,True,25
97201472395264,0.0020820200006710365,0.01959198148787444,1.2769764616833476e-05,-0.0010017170344081422,0.020276209038773883,9.798169708311738e-12,-2.044349238505827e-11,0.0010017984313890338,0.019591981545090675,TRACKING,True,25
97201474477218,0.002081879007164389,0.020894153510801487,0.00022667570854825237,-0.0001624380869072211,0.02031784811874431,9.798169708311738e-12,-2.044349238505827e-11,0.00027886914904229343,0.02089415304362774,TRACKING,True,25
97201476542081,0.0020641809969674796,0.019780010816427517,-0.0013588816325183677,-7.798011213058357e-06,0.020359145378714978,9.798169708311738e-12,-2.044349238505827e-11,0.00135890394449234,0.019780009984970093,TRACKING,True,25
97201478625132,0.0020837829943047836,0.020772818878307044,0.00014958550331601564,-0.000618988413207736,0.02040080639868539,9.798169708311738e-12,-2.044349238505827e-11,0.0006368064787238836,0.020772818475961685,TRACKING,True,25
97201480708061,0.002082967010210268,0.020845987330783463,0.0002074570082781885,-0.000756100090700468,0.020442464978655806,9.798169708311738e-12,-2.044349238505827e-11,0.0007840445032343268,0.020845986902713776,TRACKING,True,25
97201482780333,0.0020717149891424924,0.019667353685777014,-0.0004511419999851617,0.0006495804762195582,0.02048391041862637,9.798169708311738e-12,-2.044349238505827e-11,0.0007908754050731659,0.019667353481054306,TRACKING,True,25
97201485037138,0.00225694700202439,0.02024949351754652,0.0009166294277993222,0.0006666733905502071,0.020529046518594316,9.798169708311738e-12,-2.044349238505827e-11,0.0011334297014400363,0.020249493420124054,TRACKING,True,25
97201488586263,0.0035490260052029043,0.01667071902925271,-0.0007378909806566902,0.0037051802855690534,0.017471356865379244,-0.0006509076245794775,0.0020006802922667025,0.0037779416888952255,0.016670718789100647,TRACKING,False,26
97201490709740,0.0021234449959592894,0.017553317607460484,-0.00020918059387074045,0.002097774626311106,0.017513826405349084,-0.0006093202773717409,0.0018728541797524549,0.002108178101480007,0.017553318291902542,TRACKING,False,26
97201492781537,0.002071941999020055,0.017461403732153928,-0.0008940142749419807,0.0019329562283660463,0.017555262345319657,-0.0005687450598473944,0.0017481390279383872,0.0021296904888004065,0.01746140420436859,TRACKING,False,26
97201494846514,0.00206480199994985,0.017858276816618463,-0.00018288983485281643,0.0020937296823544545,0.017596561885290324,-0.0005283034089724424,0.0016238344169907134,0.002101702382788062,0.017858276143670082,TRACKING,False,26
97201496931093,0.002085686006466858,0.017128480671563147,-0.0009131145058057707,0.0019241989781083628,0.017638253465260715,-0.00048747786169552054,0.0014983498321335016,0.002129863714799285,0.017128480598330498,TRACKING,False,26
97201499037098,0.002104892992065288,0.017801863048749172,-0.0013674928787168643,0.0009264964557477431,0.0176803735652308,-0.000446232695792509,0.001371575474753804,0.0016517966287210584,0.017801862210035324,TRACKING,True,27
97201501104600,0.002067449997412041,0.018951921281378358,-0.0005476568259353596,0.0011459382145252073,0.017721723605201432,-0.00040574159392199675,0.0012471188673709918,0.001270079636014998,0.01895192079246044,TRACKING,True,27
97201503173476,0.00206885501393117,0.01797916340454669,-8.868748080397205e-05,0.00046038645353626987,0.017763101125172046,-0.0003652235828760786,0.0011225795498488213,0.00046885089250281453,0.01797916367650032,TRACKING,True,27
97201505241426,0.0020680379966506734,0.017487738571660062,0.0004875710295982284,0.0005426406016831031,0.01780446012514267,-0.000324723707125958,0.000998095974385636,0.0007295096875168383,0.01748773828148842,TRACKING,True,27
97201507324032,0.002083051993395202,0.01790957698173366,0.00047214752774661807,0.0008530618118694477,0.01784611224511309,-0.0002839368001715076,0.0008727301574359598,0.0009750065510161221,0.0179095771163702,TRACKING,True,27
97201509390527,0.0020659720030380413,0.01788205404785887,-0.000665133388706601,0.0003967859876217797,0.017887442145083737,-0.00024346541994556145,0.0007483341680373792,0.0007744944305159152,0.017882054671645164,TRACKING,True,27
97201511453684,0.002063049003481865,0.018529886721236916,0.00012147637309436598,0.0007890750710256857,0.01792870528505443,-0.00020305941295651838,0.000624139114916221,0.0007983708055689931,0.01852988637983799,TRACKING,True,27
97201513534831,0.002081874990835786,0.017755050339366186,0.0006950179209624126,0.0014203766571150253,0.01797032822502487,-0.00016230107986445316,0.0004988611248175816,0.0015813031932339072,0.01775505021214485,TRACKING,True,27
97201515633721,0.0020982160058338195,0.018125097740849246,-0.0005103366079090214,-0.00014297863623882973,0.018012306024995057,-0.00012119525805388202,0.00037251506630363047,0.0005299870972521603,0.018125098198652267,TRACKING,True,27
97201517698752,0.0020649710058933124,0.019226513128536092,0.0012514104173985694,-4.7776715361003315e-05,0.018053606644965726,-8.075254961308444e-05,0.0002482072047391261,0.0012523221084848046,0.01922651380300522,TRACKING,True,27
97201519783478,0.002085534986690618,0.018226266989233252,-0.0010245313753818766,-0.0002554854194440952,0.018095301164936115,-3.992412340691608e-05,0.00012271377098054177,0.0010559060610830784,0.018226267769932747,TRACKING,True,27
97201521867010,0.0020835170143982396,0.019131442113046324,0.00042520047265561287,0.00045095684977661574,0.018136971804906518,-1.3921539702282937e-11,-8.440476833085353e-11,0.0006198044284246862,0.01913144253194332,TRACKING,True,27
97201523950085,0.0020831059955526143,0.01804081179783539,-0.0004930502728142065,-0.0001320772792449516,0.018178633304876932,-1.3921539702282937e-11,-8.440476833085353e-11,0.0005104340962134302,0.018040811643004417,TRACKING,True,27
97201526098028,0.0021475809917319566,0.018815763533305312,0.00022397778234266102,0.00035587460726165297,0.018221592164846423,-1.3921539702282937e-11,-8.440476833085353e-11,0.00042049112380482256,0.018815763294696808,TRACKING,True,27
97201528167270,0.0020690560049843043,0.018619904999964406,-0.00034596745918329087,8.793759933661999e-05,0.01826297700481703,-1.3921539702282937e-11,-8.440476833085353e-11,0.000356968492269516,0.018619904294610023,TRACKING,True,27
97201530231578,0.002064113999949768,0.017871045638132094,-0.0005101663416839044,0.0002706751862549777,0.01830426316478771,-1.3921539702282937e-11,-8.440476833085353e-11,0.0005775246536359191,0.01787104643881321,TRACKING,True,27
97201532295039,0.0020634940010495484,0.017704387319994675,0.0007804198021254458,0.00013469575058243328,0.018345532384758396,-1.3921539702282937e-11,-8.440476833085353e-11,0.000791958358604461,0.01770438812673092,TRACKING,True,27
97201534376524,0.0020822410006076097,0.017729938318431032,-0.0002687308275663026,-0.0005267672861968766,0.018387162084728834,-1.3921539702282937e-11,-8.440476833085353e-11,0.0005913543864153326,0.01772993803024292,TRACKING,True,27
97201536442150,0.0020867120038019493,0.01892963946413962,0.00031051635915589973,5.050159500302025e-05,0.018428474604699492,-1.3921539702282937e-11,-8.440476833085353e-11,0.0003145962837152183,0.01892963983118534,TRACKING,True,27
97201538548137,0.0020848529966315255,0.0193330911639132,4.827411425621462e-05,-0.00010013204879065788,0.018470594344669578,-1.3921539702282937e-11,-8.440476833085353e-11,0.00011116122186649591,0.019333090633153915,TRACKING,True,27
97201540630601,0.002082396997138858,0.018070752087503857,-0.0005828236925622003,0.00021881869907632744,0.018512243624639997,-1.3921539702282937e-11,-8.440476833085353e-11,0.0006225472898222506,0.018070751801133156,TRACKING,True,27
97201542695334,0.0020639499998651445,0.01898951156675922,-2.0355047615253876e-05,0.0001701431991220672,0.01855353828461067,-1.3921539702282937e-11,-8.440476833085353e-11,0.00017135647067334503,0.01898951083421707,TRACKING,True,27
97201544774713,0.002080011006910354,0.018649627780676786,0.0008858480543472051,0.00013456105614335359,0.018595125864581133,-1.3921539702282937e-11,-8.440476833085353e-11,0.0008960097329691052,0.01864962838590145,TRACKING,True,27
97201546841709,0.002066494998871349,0.019247200958685443,-6.7061236743353e-05,-0.00040697013593193806,0.018636465784551776,-1.3921539702282937e-11,-8.440476833085353e-11,0.00041245835018344223,0.019247200340032578,TRACKING,True,27
97201548932876,0.002091998001560569,0.01791457811167709,-0.0005303096269777195,0.0002266561711613192,0.01867828912452207,-1.3921539702282937e-11,-8.440476833085353e-11,0.0005767159746028483,0.017914578318595886,TRACKING,True,27
97201551008235,0.002074513991829008,0.01822914732813392,0.0005639570197015453,-0.000186428970703408,0.01871979630449259,-1.3921539702282937e-11,-8.440476833085353e-11,0.0005939725087955594,0.018229147419333458,TRACKING,True,27
97201553080573,0.00207231700187549,0.017832377477290214,9.481564732471273e-05,-0.0002434142894224591,0.018761243064463157,-1.3921539702282937e-11,-8.440476833085353e-11,0.0002612288808450103,0.017832377925515175,TRACKING,True,27
97201555144598,0.002063980995444581,0.01975337109005842,0.0003520932074346575,-0.0005044965419948292,0.018802523564433838,-1.3921539702282937e-11,-8.440476833085353e-11,0.0006152124842628837,0.01975337043404579,TRACKING,True,27
97201557208268,0.0020636380068026483,0.018891771352158374,-0.0007153045642143492,-0.0007786760366384072,0.018843796964404524,-1.3921539702282937e-11,-8.440476833085353e-11,0.0010573536856099963,0.018891772255301476,TRACKING,True,27
97201559270838,0.002062514002318494,0.018847646779536594,0.0002670451606394007,-0.00025016738062066317,0.01888504836437523,-1.3921539702282937e-11,-8.440476833085353e-11,0.00036591917159967124,0.018847646191716194,TRACKING,True,27
97201561350882,0.0020806550019187853,0.019505891973401395,-0.0009170208304617861,0.000281302459577993,0.018926649244345683,-1.3921539702282937e-11,-8.440476833085353e-11,0.0009591967100277543,0.01950589194893837,TRACKING,True,27
97201563480654,0.002129567990778014,0.019093499987461484,-0.0007503929398102847,0.00021790245577749524,0.01896924468431543,-1.3921539702282937e-11,-8.440476833085353e-11,0.0007813904667273164,0.019093500450253487,TRACKING,True,27
97201566010482,0.0025295579980593175,0.016518574904991132,-0.00013708954336061677,0.0028977281344107508,0.01667434730925013,-0.0007338750678334422,0.003685015138270608,0.002900969237089157,0.016518574208021164,TRACKING,False,28
97201568074026,0.002063698004349135,0.01705354404946329,-0.0008326606974037775,0.00422390129777953,0.01671561818922082,-0.0006881949504723982,0.0034556410617559864,0.004305190406739712,0.017053544521331787,TRACKING,False,28
97201570142075,0.002068072004476562,0.01805020116198358,-0.000832857054784303,0.003085623557194491,0.016756979169191447,-0.000642415107140543,0.003225766230125555,0.0031960480846464634,0.01805020123720169,TRACKING,False,28
97201572207586,0.0020653809915529564,0.01674831089980193,-0.0006384910738297197,0.0035005008755860283,0.016798289389162106,-0.0005966914468306453,0.0029961735109221878,0.003558254800736904,0.01674831099808216,TRACKING,False,28
97201574276666,0.0020691110112238675,0.01655751898299304,-0.0009351208720441199,0.002734885898270617,0.016839670989132718,-0.0005508887805296655,0.0027661840780654747,0.002890337724238634,0.016557518392801285,TRACKING,False,28
97201576347703,0.002071079987217672,0.016874445044961866,0.00021698565855258057,0.0022591918280778097,0.0168810917291033,-0.0005050427926471369,0.0025359771140741026,0.002269588178023696,0.016874445602297783,TRACKING,False,28
97201578434388,0.0020875949994660914,0.01661562023407153,-0.00017024979636828293,0.0025621913820900693,0.01692282542907366,-0.0004588504092060616,0.0023040307902487257,0.002567841438576579,0.016615619882941246,TRACKING,False,28
97201580512023,0.0020768860122188926,0.01644815201400135,-0.0006007234081225537,0.0013766125701209424,0.01696437812904415,-0.0004128583631758278,0.002073090422871313,0.001501975697465241,0.01644815132021904,TRACKING,True,29
97201582604677,0.0020933249907102436,0.017380035483727668,-0.0007944369881661452,0.0014886625624452377,0.017006231209014424,-0.00036653384559051904,0.0018404806124119142,0.0016873785061761737,0.017380036413669586,TRACKING,True,29
97201584733860,0.002128571009961888,0.016829028207017333,-0.0007950829663142497,0.0016132759512384122,0.017048814868984182,-0.00031940069537751665,0.0016038104060312258,0.001798559445887804,0.016829028725624084,TRACKING,True,29
97201587641417,0.002907160989707336,0.01694568906586929,-1.0878843008247193e-05,0.003940778883807824,0.01652039660498984,-0.00013671493931266364,0.0028898099470443055,0.003940793685615063,0.016945689916610718,TRACKING,False,30
97201589724374,0.0020840380020672455,0.016615703754734097,-0.0009886190769063713,0.002671861615134677,0.016562055744960252,-0.00012814839022211866,0.0027087346459272266,0.002848896663635969,0.01661570370197296,TRACKING,False,30
97201591815304,0.0020900850067846477,0.01628273072783277,0.0003351667505972889,0.00240008276191661,0.01660387434493055,-0.00011954905068227545,0.0025269662371868,0.002423372585326433,0.01628272980451584,TRACKING,False,30
97201593899044,0.0020848400017712265,0.016804673820699334,-0.0008302018500060896,0.0019700556562499832,0.016645549144900955,-0.00011097928135821729,0.0023458228684328114,0.002137838862836361,0.01680467464029789,TRACKING,False,30
97201595980513,0.002080833990476094,0.01673864162970894,-0.00029132417061597277,0.00215432054982036,0.016687178524871386,-0.0001024188519451533,0.0021648769219054158,0.002173928776755929,0.016738642007112503,TRACKING,False,30
97201598029693,0.0020491110044531524,0.017526472318738703,-0.0007381222494961483,0.0013593748619203563,0.01672816212484228,-9.399121706581446e-05,0.001986737917815031,0.0015468434430658817,0.017526471987366676,TRACKING,True,31
97201600094261,0.0020639659924199805,0.017410745671831658,7.110103101238923e-06,0.001441614605301848,0.016769453484812954,-8.550029616693453e-05,0.0018072612064490815,0.0014416321646422148,0.017410745844244957,TRACKING,True,31
97201602156487,0.0020621340081561357,0.016987547284802767,0.00037297325028550334,0.0012460487975663615,0.016810698004783662,-7.701900717978873e-05,0.0016279880894709256,0.0013006717199459672,0.016987547278404236,TRACKING,True,31
97201604218413,0.002061956998659298,0.0173022579982933,-0.0001566001172655695,0.002141788770720157,0.016851936524754377,-6.85389519985867e-05,0.0014487410520471413,0.0021475062239915133,0.01730225794017315,TRACKING,False,32
97201606285550,0.0020672940008807927,0.01578054406690753,0.0008671828694914314,0.0012090033668445948,0.016893279264725013,-6.0037465608141826e-05,0.0012690410127639228,0.0014878492802381516,0.01578054390847683,TRACKING,True,33
97201608351091,0.002065420994767919,0.01751633897327392,-0.00035795350066753574,0.0013337978381760232,0.016934590084695673,-5.154254306531768e-05,0.0010894797167099615,0.001380995032377541,0.01751633919775486,TRACKING,True,33
97201610430681,0.002080196005408652,0.017526532699750467,1.3104873081330135e-06,0.0007037454099513989,0.016976181884666135,-4.298984139014799e-05,0.0009086971151247795,0.0007037466275505722,0.0175265334546566,TRACKING,True,33
97201612496698,0.002065533000859432,0.0166511509253588,-0.0003965086403221815,0.0011255429476236738,0.01701750222463679,-3.449296120855976e-05,0.0007290944395112152,0.001193342381156981,0.016651151701807976,TRACKING,True,33
97201614560913,0.002064159998553805,0.01657608682618434,0.00032680596962400457,0.0005681119878850801,0.017058786524607468,-2.6003492088006954e-05,0.0005496484150875757,0.0006554032443091273,0.016576087102293968,TRACKING,True,33
97201616622069,0.0020610060018952936,0.016983703567279185,-0.0003669953902603347,0.00013451072179308487,0.017100009644578192,-1.752660367539386e-05,0.0003704683151866785,0.00039086921606212854,0.016983702778816223,TRACKING,True,33
97201618682512,0.002060400991467759,0.016125063339589907,0.0002997391679057603,-4.184861881899356e-05,0.017141218504548923,-9.052647608240398e-06,0.00019135019769333768,0.00030264645465649664,0.016125062480568886,TRACKING,True,33
97201620832343,0.0021506589982891455,0.017797178408962857,-0.00039423936235454535,-0.0004068475954406257,0.017184215124518388,-2.1106672208894245e-07,4.461416179446249e-06,0.0005665241624228656,0.017797177657485008,TRACKING,True,33
97201623032662,0.002199878013925627,0.017195363976703036,-0.0002037154868486241,-0.0005819171517914448,0.017228221504487135,4.573393855462904e-12,-1.0011874445811642e-10,0.0006165449158288538,0.017195364460349083,TRACKING,True,33
97201625164756,0.00213211499794852,0.01624419454516944,-0.00043117554671074233,-0.000321799190452349,0.01727086338445685,4.573393855462904e-12,-1.0011874445811642e-10,0.0005380214424803853,0.01624419540166855,TRACKING,True,33
97201627248462,0.0020837449992541224,0.01765488464171286,0.00036572714376144046,-0.0005184149080663183,0.017312537504427253,4.573393855462904e-12,-1.0011874445811642e-10,0.0006344370194710791,0.017654884606599808,TRACKING,True,33
97201629339491,0.0020910689927404746,0.017736580182707407,-0.0005209935657747775,-0.00035126650272296876,0.01735435808439755,4.573393855462904e-12,-1.0011874445811642e-10,0.0006283489638008177,0.017736580222845078,TRACKING,True,33
97201631458387,0.0021188649989198893,0.017173482641933097,-0.00045321679112294547,0.00037169656815640037,0.017396736004367454,4.573393855462904e-12,-1.0011874445811642e-10,0.0005861431709490716,0.017173482105135918,TRACKING,True,33
97201633578559,0.002120172997820191,0.018210858031843406,-0.0005177826806539951,0.0001895103700434853,0.017439139444337337,4.573393855462904e-12,-1.0011874445811642e-10,0.0005513738142326474,0.01821085810661316,TRACKING,True,33
97201635763701,0.002185357006965205,0.017472631870754075,0.00023994949889361548,-0.0002895593755473121,0.0174828422843063,4.573393855462904e-12,-1.0011874445811642e-10,0.00037605903344228864,0.017472632229328156,TRACKING,True,33
97201637971376,0.0022076640016166493,0.018152463962713646,0.00032989177423033925,0.0002710986016213398,0.01752699578427494,4.573393855462904e-12,-1.0011874445811642e-10,0.00042699300684034824,0.01815246418118477,TRACKING,True,33
97201640118814,0.0021469399944180623,0.01860544953380616,-0.0003474072185681338,-2.526124228491441e-05,0.017569944544244438,4.573393855462904e-12,-1.0011874445811642e-10,0.00034832439268939197,0.01860545016825199,TRACKING,True,33
97201642181998,0.0020632399973692372,0.01796759126183913,0.0005185714401305794,4.457222780796887e-05,0.017611208224215132,4.573393855462904e-12,-1.0011874445811642e-10,0.0005204834742471576,0.01796759106218815,TRACKING,True,33
97201644362956,0.0021814370120409876,0.01799344332183367,0.0007390281318717319,-8.660554779650739e-05,0.017654827384184155,4.573393855462904e-12,-1.0011874445811642e-10,0.0007440854678861797,0.017993442714214325,TRACKING,True,33
97201646453249,0.002091419999487698,0.01757557457129601,4.130875236524226e-05,-0.0012282714651953822,0.017696633244154464,4.573393855462904e-12,-1.0011874445811642e-10,0.0012289659352973104,0.017575575038790703,TRACKING,True,33
97201648575170,0.0021209299884503707,0.018035965531733193,0.0002796076206503288,0.0009998258293685428,0.017739071664124324,4.573393855462904e-12,-1.0011874445811642e-10,0.001038186950609088,0.01803596504032612,TRACKING,True,33
97201650762568,0.002187127000070177,0.017096207180068247,0.00016233460190318163,0.00021814929428059268,0.017782819624093255,4.573393855462904e-12,-1.0011874445811642e-10,0.000271922122919932,0.017096206545829773,TRACKING,True,33
97201652951275,0.00218881900946144,0.01818304631512263,-0.0005937965945073846,-0.0015406457826736785,0.017826593764062162,4.573393855462904e-12,-1.0011874445811642e-10,0.0016511159483343363,0.018183046951889992,TRACKING,True,33
97201655179026,0.002227841003332287,0.01789833390940559,0.00013481763264392815,0.00013575431262925712,0.01787114878403052,4.573393855462904e-12,-1.0011874445811642e-10,0.00019132440502289683,0.017898334190249443,TRACKING,True,33
97201657259738,0.002080384991131723,0.017575653792279988,-0.0004152342433561855,-4.904422135955458e-05,0.017912763024000966,4.573393855462904e-12,-1.0011874445811642e-10,0.0004181205586064607,0.01757565326988697,TRACKING,True,33
97201659323925,0.0020639430003939196,0.01748497181382151,-0.0004719220722182088,0.00013724255196624578,0.017954046763971644,4.573393855462904e-12,-1.0011874445811642e-10,0.0004914732417091727,0.01748497225344181,TRACKING,True,33
97201661406619,0.0020836690091528,0.01827444071976995,-0.0005515379317008139,-0.0009153346732709303,0.017995700643942063,4.573393855462904e-12,-1.0011874445811642e-10,0.00106865877751261,0.018274441361427307,TRACKING,True,33
97201663470761,0.0020631339866667986,0.017525922294765527,0.0003452106024365406,-0.0001578275767435627,0.018036983483912743,4.573393855462904e-12,-1.0011874445811642e-10,0.0003795785887632519,0.017525922507047653,TRACKING,True,33
97201665551689,0.002081546001136303,0.018424097572204024,0.00031016926694452617,0.0005819457047343651,0.018078602043883184,4.573393855462904e-12,-1.0011874445811642e-10,0.0006594435544684529,0.018424097448587418,TRACKING,True,33
97201667631202,0.002079447003779933,0.01794630848494081,6.127803877266073e-05,0.0004331933782250666,0.018120192303853647,4.573393855462904e-12,-1.0011874445811642e-10,0.0004375060088932514,0.017946308478713036,TRACKING,True,33
97201669704780,0.0020731440017698333,0.017945919839000884,-0.0004877774885316504,0.0005513677133920871,0.018161663863824194,4.573393855462904e-12,-1.0011874445811642e-10,0.0007361611351370811,0.017945919185876846,TRACKING,True,33
97201671810212,0.002106169005855918,0.01896160852937633,-0.00043106153590955377,0.0002664098661408322,0.018203772503794288,4.573393855462904e-12,-1.0011874445811642e-10,0.0005067427991889417,0.018961608409881592,TRACKING,True,33
97201673913101,0.0021024829911766574,0.018472586976782487,0.00011343709048294582,-0.00019098813122580025,0.01824583028376442,4.573393855462904e-12,-1.0011874445811642e-10,0.00022213607735466212,0.018472587689757347,TRACKING,True,33
97201676024707,0.0021112100075697526,0.01787117810095849,-0.0005922206973079406,0.0004885034727035332,0.018288062403734425,4.573393855462904e-12,-1.0011874445811642e-10,0.0007676985114812851,0.017871178686618805,TRACKING,True,33
97201678090595,0.002065850989311002,0.018329153056876397,0.0002899761185602871,-0.0009066800621776592,0.01832938016370508,4.573393855462904e-12,-1.0011874445811642e-10,0.0009519216837361455,0.018329152837395668,TRACKING,True,33
97201680157454,0.002066936998744495,0.018865476575912442,0.000479557014796535,0.00014844708585859276,0.01837071734367572,4.573393855462904e-12,-1.0011874445811642e-10,0.0005020074313506484,0.018865477293729782,TRACKING,True,33
97201682234632,0.002077340002870187,0.019447472541479768,0.00010809742623097322,8.202055390275753e-05,0.018412260903646217,4.573393855462904e-12,-1.0011874445811642e-10,0.00013569238944910467,0.01944747194647789,TRACKING,True,33
97201684320191,0.0020867639977950603,0.017983010831405973,-0.0003209944078311833,0.00023761071626844492,0.018453972083616595,4.573393855462904e-12,-1.0011874445811642e-10,0.00039936983375810087,0.017983010038733482,TRACKING,True,33
97201686410110,0.002089689005515538,0.018657585711349827,0.0005844540869364333,-0.00029556897589567526,0.01849577046358691,4.573393855462904e-12,-1.0011874445811642e-10,0.0006549409590661526,0.018657585605978966,TRACKING,True,33
97201688478897,0.0020676790009019896,0.018785362986949418,-0.00046084138253585307,-9.020773603833748e-05,0.018537146203557522,4.573393855462904e-12,-1.0011874445811642e-10,0.0004695872776210308,0.01878536306321621,TRACKING,True,33
97201690565716,0.0020874360052403063,0.018261749714435,-0.001116660297030247,0.0003893120263769877,0.01857888258352788,4.573393855462904e-12,-1.0011874445811642e-10,0.0011825794354081154,0.018261749297380447,TRACKING,True,33
97201692640609,0.0020743909990414977,0.018158742981344202,-0.00044795999864661814,6.847662224258878e-05,0.01862038044349841,4.573393855462904e-12,-1.0011874445811642e-10,0.00045316354953683913,0.018158743157982826,TRACKING,True,33
97201694704769,0.0020639819995267317,0.018072851771449974,-0.00048198854955122704,-0.001294532120802027,0.01866166364346909,4.573393855462904e-12,-1.0011874445811642e-10,0.0013813494006171823,0.01807285100221634,TRACKING,True,33
97201696766164,0.0020612469961633906,0.018682370043121965,0.0003089827076722585,-0.0002343024461730204,0.01870289154343981,4.573393855462904e-12,-1.0011874445811642e-10,0.00038777306326664984,0.018682369962334633,TRACKING,True,33
97201698848604,0.002083109997329302,0.01928337787024373,0.0007218841597282301,0.0003292562387493236,0.01874454034341023,4.573393855462904e-12,-1.0011874445811642e-10,0.0007934269960969687,0.01928337849676609,TRACKING,True,33
97201700950229,0.002101535996189341,0.018617366897732388,0.0003489320720286704,0.00035336993903095333,0.018786572843380377,4.573393855462904e-12,-1.0011874445811642e-10,0.0004966124542988837,0.01861736737191677,TRACKING,True,33
97201703039616,0.002090005000354722,0.01888656214332913,0.0005482091746263327,0.00020881618114258334,0.0188283605833507,4.573393855462904e-12,-1.0011874445811642e-10,0.0005866323481313884,0.018886562436819077,TRACKING,True,33
97201705107838,0.002067289999104105,0.0182573875016424,-0.00013932362305791693,3.666111734261459e-05,0.01886972502332132,4.573393855462904e-12,-1.0011874445811642e-10,0.00014406633272301406,0.01825738698244095,TRACKING,True,33
97201707180728,0.0020731300028273836,0.018284370630891666,-0.0007326042562462402,2.4382795404253185e-05,0.018911182823291878,4.573393855462904e-12,-1.0011874445811642e-10,0.0007330098887905478,0.018284371122717857,TRACKING,True,33
97201709255944,0.0020750280091306195,0.01918188286608834,-0.0005258158817590929,0.00023844005698128875,0.0189526871432624,4.573393855462904e-12,-1.0011874445811642e-10,0.000577352533582598,0.019181882962584496,TRACKING,True,33
97201711322683,0.0020665670017478988,0.018494511158555757,-0.0006305527922717743,0.0004325160547970779,0.018994021923233045,4.573393855462904e-12,-1.0011874445811642e-10,0.0007646351587027311,0.018494511023163795,TRACKING,True,33
97201713387273,0.002064540996798314,0.019092045945760125,-0.0009305157671826451,-0.0008364934250109278,0.01903531372320372,4.573393855462904e-12,-1.0011874445811642e-10,0.0012512317625805736,0.019092045724391937,TRACKING,True,33
97201715468115,0.002081583996186964,0.01909308977131285,-0.00046500795728310866,-0.00045328378450473913,0.019076930563174162,4.573393855462904e-12,-1.0011874445811642e-10,0.0006493832333944738,0.019093090668320656,TRACKING,True,33
97201717605417,0.002136946000973694,0.018396586372349744,-0.0001596494713337971,0.0011273223152906432,0.019119676603143804,4.573393855462904e-12,-1.0011874445811642e-10,0.0011385708348825574,0.018396586179733276,TRACKING,True,33
97201720430954,0.0028252449992578477,0.016118070920788607,0.0007917852750224799,0.00337644669948814,0.01696165460585795,-1.0618313109209822e-05,0.0038464038908925494,0.003468042239546776,0.016118070110678673,TRACKING,False,34
97201723659269,0.0032455369946546853,0.016394559713120413,0.0003891962858076739,0.0033130979816884064,0.017026220905812094,-9.564703170540877e-06,0.0034647416292299007,0.0033358794171363115,0.016394559293985367,TRACKING,False,34
97201725749827,0.0020734110003104433,0.01689876832639855,0.0005240526987704655,0.004182869141782922,0.0170680320657824,-8.88241761719064e-06,0.0032175888283362637,0.004215569235384464,0.01689876802265644,TRACKING,False,34
97201727835770,0.002086834007059224,0.01727138675916392,-0.0005759992576044931,0.002394599812527515,0.01710975092575277,-8.201638239621562e-06,0.0029709816282707897,0.002462901407852769,0.017271386459469795,TRACKING,False,34
97201729948615,0.00211373099591583,0.017063609429866677,0.00046121975118778067,0.002895639535512379,0.017152007825722758,-7.512078983208545e-06,0.00272119398324773,0.0029321410693228245,0.01706361025571823,TRACKING,False,34
97201732055887,0.0021068869973532856,0.017299626201296128,0.0005179927532687844,0.001329805604012947,0.01719415326569283,-6.824338560517826e-06,0.0024720651970362322,0.0014271298423409462,0.017299626022577286,TRACKING,True,35
97201734127068,0.0020696550054708496,0.017645368788579772,-4.456346905017732e-06,0.002198963456239928,0.01723557688566341,-6.148376987256764e-06,0.002227203210280694,0.0021989678498357534,0.017645368352532387,TRACKING,False,36
97201736195556,0.0020686009956989437,0.01745387101453056,-0.00018525958977368332,0.0014097859884062837,0.017276946645634027,-5.4732943157028895e-06,0.0019826595990463354,0.0014219062868505716,0.0174538716673851,TRACKING,True,37
97201738265428,0.0020698220032500103,0.01628367253111612,0.00013321516081164577,0.001097396948833018,0.017318344085604627,-4.797759954597307e-06,0.0017379523666752102,0.001105453004129231,0.01628367230296135,TRACKING,True,37
97201740367820,0.0021034740057075396,0.017284237812272674,-0.0008887199172541593,0.0014401643858796083,0.017360391925574762,-4.11161219448775e-06,0.0014894005104835253,0.0016923050861805677,0.01728423871099949,TRACKING,True,37
97201742471467,0.002103735998389311,0.01761399599468222,-0.00022172011054565535,0.0014178754000568517,0.01740246486554488,-3.4250548459479976e-06,0.0012407002839691225,0.001435106503777206,0.01761399582028389,TRACKING,True,37
97201744547718,0.0020752089913003147,0.017048186262428253,-0.0002729639354624579,0.001067573492457133,0.01744398988551539,-2.7474386007019993e-06,0.0009952389047544748,0.0011019175872206688,0.01704818569123745,TRACKING,True,37
97201746636524,0.0020888660073978826,0.01746636848387463,0.0002159942526535375,0.0007930521269875071,0.017485766005485723,-2.065724839327621e-06,0.0007482932311958196,0.0008219399023801088,0.017466368153691292,TRACKING,True,37
97201749591224,0.002954449999378994,0.018874010852931566,0.0006513327501537903,0.0014355847798145328,0.018398770032348192,-0.00015912654108796403,0.0011236297822650745,0.0015764320269227028,0.01887401007115841,TRACKING,True,37
97201751773700,0.0021825769945280626,0.018915380321480754,2.8344133484582083e-05,0.0005194327531236322,0.018442419552317194,-0.00014867360692051373,0.001049819164242934,0.0005202055326662958,0.01891537941992283,TRACKING,True,37
97201753852032,0.002078726000036113,0.018909009846438996,0.00029411235610877416,0.0004256226583777504,0.018483986192287673,-0.00013871946878836228,0.0009795306619294186,0.0005173555109649897,0.01890900917351246,TRACKING,True,37
97201755944760,0.002093411996611394,0.01844076155428051,-0.0009032483678675851,0.0010695013097097672,0.018525840752257945,-0.00012869638124266648,0.0009087552916471162,0.0013998894719406962,0.018440760672092438,TRACKING,True,37
97201758037886,0.0020930070022586733,0.019314545384981723,-4.009225050210541e-05,0.0004860828977916009,0.018567703272228217,-0.00011867138748228672,0.0008379664611361686,0.0004877334868069738,0.019314546138048172,TRACKING,True,37
97201760103642,0.002064800006337464,0.0191535869486899,0.00015561888451487324,0.0008692252621798198,0.018609018392198872,-0.0001087774819025619,0.0007681032749921079,0.0008830457227304578,0.019153587520122528,TRACKING,True,37
97201762171125,0.002067473003990017,0.019065064415433215,-0.00020831008257366147,0.0012431181675561765,0.018650368052169505,-9.88753048837435e-05,0.0006981816822780212,0.0012604506919160485,0.019065065309405327,TRACKING,True,37
97201764239768,0.0020687520009232685,0.01763969960789153,0.00017645018564981375,0.00021819073015692288,0.018691740912140122,-8.896757206333361e-05,0.0006282208587467773,0.00028060979093424976,0.017639700323343277,TRACKING,True,37
97201766306535,0.0020665709889726713,0.01891949840314624,-0.0004740676873921134,-0.00025862059940008804,0.018733076252110768,-7.906882431515274e-05,0.0005583234809163841,0.0005400229711085558,0.01891949772834778,TRACKING,True,37
97201768389794,0.0020839589997194707,0.0190284245777793,-0.0007462183956885428,-0.0007334423563068717,0.018774741432081174,-6.909108839468974e-05,0.0004878683490889612,0.0010463171638548374,0.019028425216674805,TRACKING,True,37
97201770474005,0.0020841720106545836,0.018692149061395796,0.0005933657135570156,0.001298902414350035,0.01881642565205157,-5.910879288533442e-05,0.0004173810209357336,0.0014280162286013365,0.018692148849368095,TRACKING,True,37
97201772555355,0.0020812109869439155,0.01961978346848426,-0.0010099348824138652,0.00030972050929943524,0.018858052652022006,-4.914020009007676e-05,0.00034699045085827,0.0010563594987615943,0.019619783386588097,TRACKING,True,37
97201774637000,0.00208206100796815,0.018396657910785128,4.95472091586365e-05,-0.0006907291069383115,0.018899685551992437,-3.917019439700059e-05,0.00027658990397816754,0.0006925039342604578,0.018396658822894096,TRACKING,True,37
97201776721428,0.002094223993481137,0.019245534840344528,5.678426129968014e-05,0.0008377936729334736,0.018941374111962832,-2.9186859569588902e-05,0.0002060952369565579,0.0008397158817388117,0.019245535135269165,TRACKING,True,37
97201778814318,0.0020828650012845173,0.019582096634932246,1.949964492543721e-05,-0.0006837289468579139,0.0189832319119331,-1.9162996127463966e-05,0.0001353143878877216,0.0006840069545432925,0.019582096487283707,TRACKING,True,37
97201781060924,0.002246454998385161,0.019305088600733166,-0.0003528025064579156,7.020437727023444e-05,0.01902816403190119,-8.402912342717235e-06,5.933491443085447e-05,0.0003597197064664215,0.019305089488625526,TRACKING,True,37
97201783143098,0.0020818410121137276,0.019650695252392218,-0.0009788013382951734,-0.0001569751177569904,0.019069807511871616,-1.9097579691696592e-12,-5.535708393414329e-12,0.0009913088288158178,0.019650695845484734,TRACKING,True,37
97201785218786,0.002075755997793749,0.0185997336839739,9.786194327097986e-05,0.0002116134333687326,0.019111321271842133,-1.9097579691696592e-12,-5.535708393414329e-12,0.00023314630379900336,0.018599733710289,TRACKING,True,37
97201787320749,0.0021025829919381067,0.01930351813200135,0.00019416595430446604,-0.0004199626938907836,0.019153360531812276,-1.9097579691696592e-12,-5.535708393414329e-12,0.00046267599100247025,0.019303517416119576,TRACKING,True,37
97201789424676,0.0021047070040367544,0.01888175341406749,-5.887051055448367e-05,8.252297373793498e-05,0.01919543907178239,-1.9097579691696592e-12,-5.535708393414329e-12,0.00010136951459571719,0.018881753087043762,TRACKING,True,37
97201791508167,0.00208249400020577,0.01916475525679523,-0.0004858250407680886,-0.00018183751204031148,0.019237108891752796,-1.9097579691696592e-12,-5.535708393414329e-12,0.0005187396891415119,0.019164755940437317,TRACKING,True,37
97201793630026,0.0021216489985818043,0.019347915341450368,-0.0005899420222626877,-0.0004845398981534847,0.019279546071722657,-1.9097579691696592e-12,-5.535708393414329e-12,0.0007634202484041452,0.019347915425896645,TRACKING,True,37
97201795729367,0.0021020470012445003,0.019552291704471612,0.0011288011234393642,6.489106493555869e-05,0.01932153289169284,-1.9097579691696592e-12,-5.535708393414329e-12,0.0011306648375466466,0.019552292302250862,TRACKING,True,37
97201797822238,0.002090512993163429,0.018789412028844498,0.0007846104380494637,0.00025952259625767413,0.01936339031166311,-1.9097579691696592e-12,-5.535708393414329e-12,0.0008264172938652337,0.018789412453770638,TRACKING,True,37
97201799889974,0.002067007008008659,0.018875814619723572,0.00013210663847862972,0.00019158908943244258,0.019404745031633742,-1.9097579691696592e-12,-5.535708393414329e-12,0.00023271988902706653,0.018875814974308014,TRACKING,True,37
97201801978551,0.0020895009947707877,0.019954979882968682,-0.00047858936799984064,0.000517768412641738,0.019446516571604074,-1.9097579691696592e-12,-5.535708393414329e-12,0.0007050757994875312,0.019954979419708252,TRACKING,True,37
97201804071243,0.002091800997732207,0.019280999373387092,0.0001308699862300675,-0.0006237934145132337,0.01948837041157435,-1.9097579691696592e-12,-5.535708393414329e-12,0.0006373736541718245,0.019280999898910522,TRACKING,True,37
97201806149793,0.0020787640096386895,0.020138196150001734,9.969206169351273e-05,-0.0004545353539132113,0.019529941411544825,-1.9097579691696592e-12,-5.535708393414329e-12,0.00046533954446204007,0.020138196647167206,TRACKING,True,37
97201808221435,0.002071331997285597,0.019776984635573376,0.00034790136614056683,0.00046631227496155735,0.019571374251515398,-1.9097579691696592e-12,-5.535708393414329e-12,0.0005817924975417554,0.01977698504924774,TRACKING,True,37
97201810287889,0.002066586006549187,0.020024217942294295,-0.0009570722467818845,-0.0005605702350853103,0.019612703331486046,-1.9097579691696592e-12,-5.535708393414329e-12,0.0011091557098552585,0.020024217665195465,TRACKING,True,37
97201812354401,0.0020663939940277487,0.01959867100551168,7.25667348646092e-05,-0.0006423159581610383,0.019654033571456692,-1.9097579691696592e-12,-5.535708393414329e-12,0.0006464021280407906,0.019598670303821564,TRACKING,True,37
97201814437651,0.002083803992718458,0.020214681290807824,0.00021256207161088922,-0.0009222861434334293,0.0196956985714271,-1.9097579691696592e-12,-5.535708393414329e-12,0.0009464641334488988,0.020214680582284927,TRACKING,True,37
97201816531590,0.002093840012094006,0.01909851413886754,0.000570930793615457,-0.0009420148605061533,0.01973757735139736,-1.9097579691696592e-12,-5.535708393414329e-12,0.0011015234049409628,0.019098514690995216,TRACKING,True,37
97201818616190,0.0020847819978371263,0.0208031164230634,0.0008009113216715393,-0.0006563731431489896,0.01977926935136775,-1.9097579691696592e-12,-5.535708393414329e-12,0.0010355118429288268,0.020803116261959076,TRACKING,True,37
97201820681480,0.0020645069889724255,0.01999629907143867,0.0004936621291254473,-0.0007320876417982069,0.019820575151338414,-1.9097579691696592e-12,-5.535708393414329e-12,0.0008829805301502347,0.019996298477053642,TRACKING,True,37
97201822761138,0.002080196005408652,0.018869929873321915,0.0007254310685795479,-0.00016479000760046426,0.019862168311308874,-1.9097579691696592e-12,-5.535708393414329e-12,0.0007439125911332667,0.018869929015636444,TRACKING,True,37
97201824833944,0.0020727780065499246,0.01900294579449239,0.0005047311625417162,0.0004971986203950653,0.01990362443127943,-1.9097579691696592e-12,-5.535708393414329e-12,0.0007084913086146116,0.019002946093678474,TRACKING,True,37
97201826923586,0.0020905720011796802,0.020113153196606053,-9.150907501988895e-05,-0.0005455402895280513,0.01994541727124975,-1.9097579691696592e-12,-5.535708393414329e-12,0.0005531619535759091,0.020113153383135796,TRACKING,True,37
97201829026403,0.002102083992213011,0.019083188731229054,0.0003289100772127826,0.0001889158609893411,0.019987473611219882,-1.9097579691696592e-12,-5.535708393414329e-12,0.00037930335383862257,0.019083188846707344,TRACKING,True,37
97201831091854,0.002064911008346826,0.01923095514025355,-0.000530242320755206,-0.00048210819343130507,0.020028782631190543,-1.9097579691696592e-12,-5.535708393414329e-12,0.0007166485884226859,0.019230954349040985,TRACKING,True,37
97201833156706,0.0020646769989980385,0.019765559173485155,-0.00012112591817928306,0.0006648524010683356,0.020070079671161214,-1.9097579691696592e-12,-5.535708393414329e-12,0.0006757959490641952,0.01976555958390236,TRACKING,True,37
97201835222396,0.0020658180001191795,0.02007344066973271,0.0004862099134762453,-2.2750062842177602e-05,0.02011139347113187,-1.9097579691696592e-12,-5.535708393414329e-12,0.000486741861095652,0.020073439925909042,TRACKING,True,37
97201837288123,0.002065577995381318,0.0205827456008334,-0.0001402810144464961,0.0004018038150592753,0.02015270801110253,-1.9097579691696592e-12,-5.535708393414329e-12,0.0004255879030097276,0.020582744851708412,TRACKING,True,37
97201839370143,0.0020826700056204572,0.019752428826596856,-0.0009396741640077087,0.0004677127399257343,0.020194348411072958,-1.9097579691696592e-12,-5.535708393414329e-12,0.0010496393078938127,0.01975242793560028,TRACKING,True,37
97201841458930,0.0020888199942419305,0.019519327711627735,-0.0006477214414808688,0.0006903501868726839,0.020236124151043287,-1.9097579691696592e-12,-5.535708393414329e-12,0.000946639571338892,0.019519327208399773,TRACKING,True,37
97201843544613,0.0020857920026173815,0.020041261549821613,-2.6046533739015273e-05,7.513931225520844e-05,0.020277837811013662,-1.9097579691696592e-12,-5.535708393414329e-12,7.952570013003424e-05,0.02004126086831093,TRACKING,True,37
97201845627292,0.0020926019933540374,0.02051248129626519,0.00044283928576214007,-0.00019675508493941171,0.020319491390984077,-1.9097579691696592e-12,-5.535708393414329e-12,0.0004845814546570182,0.020512482151389122,TRACKING,True,37
97201847703686,0.0020658120047301054,0.019818429560204187,0.0004317681793056374,-0.00012450706273818728,0.020361019270954586,-1.9097579691696592e-12,-5.535708393414329e-12,0.0004493615124374628,0.01981842890381813,TRACKING,True,37
97201849784134,0.002081054000882432,0.020080385270960063,0.0002599597394596846,0.0002966076834591021,0.020402628230925035,-1.9097579691696592e-12,-5.535708393414329e-12,0.0003944048366975039,0.020080385729670525,TRACKING,True,37
97201851854166,0.002069490001304075,0.02048910308772995,-0.0011231493525770526,0.0009935675260109352,0.02044402887089563,-1.9097579691696592e-12,-5.535708393414329e-12,0.0014995469246059656,0.020489102229475975,TRACKING,True,37
97201853941256,0.002087517990730703,0.020396584137103907,-0.0007812572915667973,0.00022019879680166686,0.020485770670865985,-1.9097579691696592e-12,-5.535708393414329e-12,0.0008116960525512695,0.020396584644913673,TRACKING,True,37
97201856034743,0.0020936100045219064,0.021133996250606718,0.0005352993541680918,0.00014302478589192275,0.02052764041083625,-1.9097579691696592e-12,-5.535708393414329e-12,0.0005540771526284516,0.021133996546268463,TRACKING,True,37
97201858103060,0.002067698005703278,0.020754753026855553,-0.0009659745549265341,-0.0014402085801407053,0.02056900675080687,-1.9097579691696592e-12,-5.535708393414329e-12,0.0017341590719297528,0.020754752680659294,TRACKING,True,37
97201860170682,0.0020675739942817017,0.021189465011065403,5.920168996758449e-05,5.212235978754284e-05,0.020610359190777503,-1.9097579691696592e-12,-5.535708393414329e-12,7.887699757702649e-05,0.021189464256167412,TRACKING,True,37
97201862237945,0.00206725399766583,0.019802292516102087,0.0007903795938160684,-0.00037782854556249294,0.020651704450748137,-1.9097579691696592e-12,-5.535708393414329e-12,0.0008760446798987687,0.019802292808890343,TRACKING,True,37
97201864301982,0.0020640380098484457,0.021046264512490403,-0.00078227637851264,-0.001158714729938086,0.02069298519071882,-1.9097579691696592e-12,-5.535708393414329e-12,0.0013980616349726915,0.021046264097094536,TRACKING,True,37
97201866384765,0.0020833399903494865,0.020782206217540917,0.0001994666414663932,-0.0006423224749824576,0.020734640850689236,-1.9097579691696592e-12,-5.535708393414329e-12,0.0006725809071213007,0.02078220620751381,TRACKING,True,37
97201868465962,0.002081187005387619,0.0219542090780845,-0.0003323783461836482,0.0006459575584126778,0.020776264790659672,-1.9097579691696592e-12,-5.535708393414329e-12,0.0007264547748491168,0.021954208612442017,TRACKING,True,37
97201870534283,0.0020677809952758253,0.021333753046777166,-0.0007859200791375031,0.0001875282218943022,0.020817631210630294,-1.9097579691696592e-12,-5.535708393414329e-12,0.0008079833933152258,0.02133375220000744,TRACKING,True,37
97201872615670,0.0020819430064875633,0.02037415903462408,5.719969837878498e-05,-0.00010806680734172706,0.020859258950600732,-1.9097579691696592e-12,-5.535708393414329e-12,0.00012227117258589715,0.020374158397316933,TRACKING,True,37
97201874682708,0.0020664350013248622,0.0213585218257009,-0.0004154843008751896,0.00024111886395614894,0.02090059971057137,-1.9097579691696592e-12,-5.535708393414329e-12,0.00048038060776889324,0.021358521655201912,TRACKING,True,37
97201876782122,0.002100577999954112,0.02128871255508523,0.0005345516467061521,-0.00044626173693979227,0.02094258799054155,-1.9097579691696592e-12,-5.535708393414329e-12,0.000696344010066241,0.021288713440299034,TRACKING,True,37
97201878900659,0.002118359989253804,0.021310714902851982,0.0003473680202106975,0.0005136524672223195,0.02098495873051146,-1.9097579691696592e-12,-5.535708393414329e-12,0.0006200833595357835,0.02131071500480175,TRACKING,True,37
97201880983315,0.002082113001961261,0.01979924777046655,-0.0010118682618662311,-0.0010386235300938603,0.021026611850481877,-1.9097579691696592e-12,-5.535708393414329e-12,0.0014500400284305215,0.01979924738407135,TRACKING,True,37
97201883050599,0.002099678007652983,0.020748360530279786,-0.0006978892781431601,-0.00027376335067294137,0.02106795753045251,-1.9097579691696592e-12,-5.535708393414329e-12,0.0007496637990698218,0.020748360082507133,TRACKING,True,37
97201885158152,0.0020751319971168414,0.02092533985047766,0.0004811028596023478,0.0004110108663192362,0.021110108590422574,-1.9097579691696592e-12,-5.535708393414329e-12,0.0006327637238427997,0.020925339311361313,TRACKING,True,37
97201887233145,0.0020747899980051443,0.020839344398583502,-0.0001378262286615981,-0.0009509425806940057,0.0211516084503931,-1.9097579691696592e-12,-5.535708393414329e-12,0.0009608786785975099,0.020839344710111618,TRACKING,True,37
97201889302182,0.0020689600059995428,0.020826465913958772,-0.00016258924412257796,-0.00031821036604362356,0.021192989190363713,-1.9097579691696592e-12,-5.535708393414329e-12,0.00035734171979129314,0.020826466381549835,TRACKING,True,37
97201891384536,0.0020831219881074503,0.022169233894914795,-0.001337334582025909,-0.0003634362955987383,0.021234636270334135,-1.9097579691696592e-12,-5.535708393414329e-12,0.0013858390739187598,0.022169234231114388,TRACKING,True,37
97201893467064,0.0020824650127906352,0.0212064221261844,0.0003699269888418576,0.00012361113094640916,0.021276286830304553,-1.9097579691696592e-12,-5.535708393414329e-12,0.00039003294659778476,0.02120642177760601,TRACKING,True,37
97201895549747,0.0020825929968850687,0.020394160006115783,-0.0005573899499585369,0.00018705757489757512,0.02131794049027497,-1.9097579691696592e-12,-5.535708393414329e-12,0.0005879405071027577,0.020394159480929375,TRACKING,True,37
97201897628241,0.002078106001135893,0.021359005114249603,0.0005048600662974484,0.00023182493928220355,0.021359510370245447,-1.9097579691696592e-12,-5.535708393414329e-12,0.0005555416573770344,0.021359005942940712,TRACKING,True,37
97201899713324,0.0020857329946011305,0.021236208151604027,-0.00023538940002652137,0.0003038492511262712,0.02140121203021583,-1.9097579691696592e-12,-5.535708393414329e-12,0.0003843599115498364,0.021236207336187363,TRACKING,True,37
97201901795976,0.002082432998577133,0.021032642587900798,-0.0001945316304341378,0.0005228685113476482,0.021442865070186248,-1.9097579691696592e-12,-5.535708393414329e-12,0.000557883526198566,0.02103264257311821,TRACKING,True,37
97201903878540,0.002082403007079847,0.0212111924203746,0.0001759241255409253,-0.0013613874750883382,0.021484516350156666,-1.9097579691696592e-12,-5.535708393414329e-12,0.001372707192786038,0.02121119201183319,TRACKING,True,37
97201905959589,0.0020810999994864687,0.021066415851420356,-5.3404317411212235e-05,0.00021511277218854192,0.021526137330127107,-1.9097579691696592e-12,-5.535708393414329e-12,0.0002216427819803357,0.021066416054964066,TRACKING,True,37
97201908059402,0.002100443991366774,0.021431993708568634,-2.7446708193025935e-05,-0.00048476853907967684,0.02156813359009728,-1.9097579691696592e-12,-5.535708393414329e-12,0.0004855449078604579,0.021431993693113327,TRACKING,True,37
97201910268141,0.0022078110050642863,0.02151659170870485,0.0003339792325259438,-0.0005348336446606196,0.02161230837006591,-1.9097579691696592e-12,-5.535708393414329e-12,0.0006305467104539275,0.0215165913105011,TRACKING,True,37
97201913094922,0.002826486001140438,0.01812360054606579,0.001098086944898762,0.002292337694893027,0.018877447112929126,0.0006479755272390331,0.0014281852161232534,0.00254177232272923,0.018123600631952286,TRACKING,False,38
97201915200718,0.0021060069993836805,0.019575584298122246,0.00022160172995777292,0.0011503517107057817,0.018919563032899215,0.0006068283114578982,0.0013374937572531954,0.0011715017026290298,0.019575584679841995,TRACKING,True,39
97201917267368,0.0020664789917645976,0.018697081332127437,0.0007967972908052396,0.0016031476607975884,0.018960896032869858,0.0005664460078092625,0.0012484882204045142,0.001790242618881166,0.01869708113372326,TRACKING,True,39
97201919359309,0.002092864000587724,0.01858651220243792,0.0007920861481186544,0.0013065595549796984,0.019002734852840146,0.0005255695184777209,0.0011583934623367394,0.0015279065119102597,0.01858651265501976,TRACKING,True,39
97201921441999,0.002082481005345471,0.01974343673202679,0.0003650498995934717,0.001196438370817413,0.01904438865281056,0.0004848737935189823,0.0010686971221052631,0.0012508900836110115,0.019743436947464943,TRACKING,True,39
97201923522136,0.002080146994558163,0.018157009523622928,0.00018652406384246488,0.0012597349942712163,0.019085991392781016,0.0004442279541341024,0.000979110733309964,0.0012734690681099892,0.018157009035348892,TRACKING,True,39
97201925586884,0.0020638030109694228,0.018447119067542758,-5.4577284409443414e-05,0.0008257458027824023,0.019127286352751686,0.0004038828155310911,0.0008901871109272476,0.0008275475120171905,0.018447119742631912,TRACKING,True,39
97201927681914,0.0020957699889549986,0.018955171546116076,-0.00014633657055518578,0.00047721787207740426,0.01916918695272193,0.00036294596719537814,0.0007999593172204793,0.0004991505993530154,0.01895517110824585,TRACKING,True,39
97201931358223,0.0036757080088136718,0.018355122638302305,0.00176475410285521,0.0027087651853033045,0.018126199206063943,0.0010938066129405918,0.002283402185783477,0.00323291914537549,0.018355121836066246,TRACKING,False,40
97201933488283,0.0021362599945859984,0.018283834069066387,0.0016720502445681988,0.001331436055212589,0.018168800406033688,0.0010236368801489252,0.0021369176858189723,0.0021373990457504988,0.01828383468091488,TRACKING,False,40
97201935562178,0.0020678760047303513,0.01874910025052329,0.0009667881535819346,0.0019144617268614455,0.018210278306004232,0.0009553173689670931,0.0019942956601230358,0.0021447245962917805,0.01874910108745098,TRACKING,False,40
97201937744450,0.0021822550042998046,0.017898830841801844,0.00084510892566717,0.0020370959445493173,0.018253923745973233,0.000883427636697234,0.0018442205342080191,0.0022054407745599747,0.017898831516504288,TRACKING,False,40
97201939933717,0.002189228995121084,0.01793339561728849,0.0003044785436867284,0.0018764059957801353,0.018297709085942138,0.00081130747088049,0.0016936643612439754,0.001900948933325708,0.017933394759893417,TRACKING,True,41
97201942092749,0.0021590529941022396,0.019080331857229304,0.001285782653579994,0.002075420309668857,0.01834088972591147,0.000740183324833591,0.0015451874531158638,0.0024414353538304567,0.019080331549048424,TRACKING,False,42
97201944178096,0.0020855350012425333,0.01801968448171101,0.000398118836269138,0.001175488504391289,0.018382596665881847,0.0006714865548985171,0.001401777871908067,0.00124107685405761,0.01801968365907669,TRACKING,True,43
97201946271181,0.0020931949984515086,0.019350072095346973,0.0003454519582985923,0.0018214436481243496,0.018424458365852117,0.0006025348750583972,0.0012578361474457486,0.0018539131851866841,0.019350072368979454,TRACKING,True,43
97201948355613,0.002084272011416033,0.018849301474941682,8.133395825439896e-05,0.001317119453031454,0.01846614700582251,0.0005338682476101567,0.0011144894909055512,0.001319628325290978,0.01884930208325386,TRACKING,True,43
97201950437069,0.0020814719900954515,0.019173235328472763,0.0007911521167954317,0.0010842838519661189,0.018507776125792946,0.000465299657364994,0.0009713474942678424,0.0013422343181446195,0.019173234701156616,TRACKING,True,43
97201952523418,0.0020864050020463765,0.019084351197164718,-0.00032590075996445785,0.0005571875908083946,0.01854950310576331,0.0003965698789361417,0.0008278690053912638,0.0006454992690123618,0.019084351137280464,TRACKING,True,43
97201954619476,0.002097079996019602,0.018599213611978326,0.000679117095997976,0.001295643776129247,0.018591424265733538,0.0003275202607207698,0.0006837228273368428,0.001462837215512991,0.018599214032292366,TRACKING,True,43
97201956707524,0.0020877610077150166,0.018311028822262043,0.0002743454105674749,0.0011407850217670832,0.01863318522570388,0.00025873451279997224,0.0005401274980119017,0.0011733098654076457,0.01831102930009365,TRACKING,True,43
97201958780394,0.0020720399916172028,0.019244549988380034,-0.00013121121548518368,-7.898135937351179e-05,0.018674642625674434,0.0001904487677919152,0.00039757596169770243,0.00015314841584768146,0.019244549795985222,TRACKING,True,43
97201960865964,0.0020858700008830056,0.018522333356416693,0.00029013196926038257,-0.0009693878789035094,0.01871635402564481,0.000121744651655132,0.00025415104475124415,0.001011874177493155,0.01852233335375786,TRACKING,True,43
97201962949918,0.002084235005895607,0.019453695119807806,-6.581273084308646e-05,0.0006151918151109165,0.01875803310561521,5.309377077378371e-05,0.00011083726033248162,0.000618702091742307,0.01945369504392147,TRACKING,True,43
97201965044535,0.002094584997394122,0.01952830195509638,-0.0002224910253285906,-0.0007526679608562442,0.018799925445585456,3.8428084499220194e-12,1.0033919875529485e-10,0.0007848638924770057,0.019528301432728767,TRACKING,True,43
97201967119920,0.0020748230017488822,0.017976727318065853,0.0008150977120219506,-0.0003472364091357462,0.018841433145555978,3.8428084499220194e-12,1.0033919875529485e-10,0.0008859782246872783,0.017976727336645126,TRACKING,True,43
97201969189427,0.0020693810074590147,0.018845956401503928,-0.0007056232856528184,-0.00028004818661246,0.01888282328552658,3.8428084499220194e-12,1.0033919875529485e-10,0.0007591648027300835,0.01884595677256584,TRACKING,True,43
97201971258315,0.0020688449876615778,0.01904341106619429,0.0002419091977553132,-2.9124147574221365e-05,0.018924201045497194,3.8428084499220194e-12,1.0033919875529485e-10,0.0002436560607748106,0.019043410196900368,TRACKING,True,43
97201973327427,0.0020691460085799918,0.01843239583756538,-0.00013081409652049007,-0.0001619996019911553,0.018965583285467807,3.8428084499220194e-12,1.0033919875529485e-10,0.00020822150690946728,0.01843239553272724,TRACKING,True,43
97201975408969,0.0020821099897148088,0.01959521413446315,-0.0003200149685210994,-0.0006460314690594968,0.019007214125438238,3.8428084499220194e-12,1.0033919875529485e-10,0.00072094815550372,0.01959521323442459,TRACKING,True,43
97201977492215,0.002083267012494616,0.019232778862782896,-0.00047848285042312755,0.0006363204557221949,0.019048879045408647,3.8428084499220194e-12,1.0033919875529485e-10,0.0007961466908454895,0.01923277974128723,TRACKING,True,43
97201979562488,0.002069700989522971,0.019729129490598536,-0.00020969437889306017,-0.00021941014605453954,0.01909028450537924,3.8428084499220194e-12,1.0033919875529485e-10,0.00030350047745741904,0.0197291299700737,TRACKING,True,43
97201981631941,0.002069410009426065,0.019440928233003744,-0.0008376230837029976,0.0005034884536755144,0.019131673565349845,3.8428084499220194e-12,1.0033919875529485e-10,0.0009772988269105554,0.01944092847406864,TRACKING,True,43
97201983700617,0.0020686380012193695,0.019818506950790526,0.00010080947532155222,3.089074721116312e-05,0.019173047085320465,3.8428084499220194e-12,1.0033919875529485e-10,0.00010543618554947898,0.019818507134914398,TRACKING,True,43
97201985782565,0.002082584993331693,0.018878117655005928,-0.00044567868586466077,0.00017904502753871026,0.01921468604529089,3.8428084499220194e-12,1.0033919875529485e-10,0.00048029847675934434,0.018878117203712463,TRACKING,True,43
97201987867629,0.0020850739965680987,0.01939777703756769,-0.0003056642669225276,0.0004948736054862841,0.019256387325261273,3.8428084499220194e-12,1.0033919875529485e-10,0.0005816618795506656,0.019397776573896408,TRACKING,True,43
97201989952953,0.0020853660098509863,0.01910227542915253,0.00047829880641957553,-0.0005071776462468514,0.019298093805231654,3.8428084499220194e-12,1.0033919875529485e-10,0.0006971362745389342,0.019102275371551514,TRACKING,True,43
97201992015246,0.0020616479887394235,0.019493936096453668,0.00030415203042880035,0.0004893783050337203,0.01933933966520236,3.8428084499220194e-12,1.0033919875529485e-10,0.0005761940265074372,0.019493935629725456,TRACKING,True,43
97201994087424,0.002072261006105691,0.019222699370395308,1.263079784756843e-05,5.410217779285956e-05,0.019380783225172928,3.8428084499220194e-12,1.0033919875529485e-10,5.555702227866277e-05,0.019222699105739594,TRACKING,True,43
97201996156383,0.0020688890072051436,0.019971198843995255,-0.0004511772796565366,-0.00011568784415819446,0.01942216240514354,3.8428084499220194e-12,1.0033919875529485e-10,0.0004657731333281845,0.019971199333667755,TRACKING,True,43
97201998223282,0.0020669689984060824,0.018562515805118293,0.0008164467296977936,8.949878211966785e-05,0.019463500385114182,3.8428084499220194e-12,1.0033919875529485e-10,0.0008213375112973154,0.018562516197562218,TRACKING,True,43
97202000293832,0.0020707489893538877,0.019327512078678156,-6.520699355584248e-05,0.0003800155732967371,0.01950491138508477,3.8428084499220194e-12,1.0033919875529485e-10,0.0003855694376397878,0.01932751201093197,TRACKING,True,43
97202002363824,0.0020697010040748864,0.019378057049863427,0.00012763867258893074,-0.0007297787788949821,0.019546311225055367,3.8428084499220194e-12,1.0033919875529485e-10,0.0007408567471429706,0.0193780567497015,TRACKING,True,43
97202004430175,0.002066218003164977,0.018944021734672068,0.0005777796503592622,1.5556802896659874e-05,0.019587638245026018,3.8428084499220194e-12,1.0033919875529485e-10,0.0005779890925623477,0.018944021314382553,TRACKING,True,43
97202006514596,0.0020850089931627735,0.0188104936763301,4.181142752630668e-05,0.0003796745412156225,0.019629326664996408,3.8428084499220194e-12,1.0033919875529485e-10,0.0003819698467850685,0.018810493871569633,TRACKING,True,43
97202008599175,0.002084637002553791,0.020442243223707125,-0.00040218534569918385,7.779823588090255e-05,0.0196710182449668,3.8428084499220194e-12,1.0033919875529485e-10,0.0004096408374607563,0.020442243665456772,TRACKING,True,43
97202010666855,0.0020670109952334315,0.01929418368292502,-0.0008612066674900218,-0.0005108919748268548,0.01971237184493743,3.8428084499220194e-12,1.0033919875529485e-10,0.001001342898234725,0.01929418370127678,TRACKING,True,43
97202012769374,0.002103496008203365,0.01971402019737165,-0.00028198345694470546,-0.0001428731311004546,0.019754422224907565,3.8428084499220194e-12,1.0033919875529485e-10,0.00031611297163181007,0.01971402019262314,TRACKING,True,43
97202014865096,0.0020958560053259134,0.019527996785995195,8.874606494895457e-05,0.0011090433706273464,0.019796336664877796,3.8428084499220194e-12,1.0033919875529485e-10,0.0011125884484499693,0.019527995958924294,TRACKING,True,43
97202016953743,0.002098884986480698,0.020107417503480784,0.0004927098862147682,0.0009764313863444341,0.01983810960484813,3.8428084499220194e-12,1.0033919875529485e-10,0.0010937006445601583,0.020107418298721313,TRACKING,True,43
97202019065056,0.002100304001942277,0.019169762491997568,-0.0006272035406306806,-0.000421440318977941,0.01988033586481814,3.8428084499220194e-12,1.0033919875529485e-10,0.0007556429482065141,0.01916976273059845,TRACKING,True,43
97202021135299,0.0020702000037999824,0.019258353104693957,0.000530368226487742,-0.0006109324458842508,0.019921740724788733,3.8428084499220194e-12,1.0033919875529485e-10,0.0008090296178124845,0.019258353859186172,TRACKING,True,43
97202023202928,0.0020676429994637147,0.019613659944661743,0.00046855344949368904,-0.0004358685547457607,0.019963093304759365,3.8428084499220194e-12,1.0033919875529485e-10,0.0006399404373951256,0.019613660871982574,TRACKING,True,43
97202025271201,0.002068240995868109,0.02012286422610984,0.0004033842082908886,-0.00034160907159509616,0.020004458764729987,3.8428084499220194e-12,1.0033919875529485e-10,0.0005285977385938168,0.020122863352298737,TRACKING,True,43
97202027337198,0.0020657280110754073,0.020633482733637583,0.0003232521673162215,0.000206992490311507,0.020045778704700642,3.8428084499220194e-12,1.0033919875529485e-10,0.0003838461416307837,0.020633483305573463,TRACKING,True,43
97202029427533,0.00209128599090036,0.02000849740904514,-0.0004912166925539923,0.0009659259277101381,0.020087585404670948,3.8428084499220194e-12,1.0033919875529485e-10,0.0010836543515324593,0.020008496940135956,TRACKING,True,43
97202031497724,0.0020694010017905384,0.019839283041036545,-0.00013562372741249924,-6.277261097216413e-05,0.020128989224641545,3.8428084499220194e-12,1.0033919875529485e-10,0.00014944630675017834,0.01983928307890892,TRACKING,True,43
97202033564442,0.0020667149947257712,0.020084434464662036,0.00028178026732025076,-0.00039227071813823514,0.02017032358461219,3.8428084499220194e-12,1.0033919875529485e-10,0.00048298697220161557,0.020084435120224953,TRACKING,True,43
97202035644740,0.0020807790133403614,0.02019326885217653,0.000480757560788927,-0.0005408082632519264,0.02021192954458264,3.8428084499220194e-12,1.0033919875529485e-10,0.0007236030651256442,0.020193269476294518,TRACKING,True,43
97202037725237,0.0020806469983654097,0.02023349743595162,-0.0006356000510965888,-7.709401681982356e-05,0.020253539484553086,3.8428084499220194e-12,1.0033919875529485e-10,0.0006402584840543568,0.02023349702358246,TRACKING,True,43
97202039799051,0.0020733449928229675,0.020407995662726323,-0.000424365775051758,0.0009436266771754448,0.02029501576452363,3.8428084499220194e-12,1.0033919875529485e-10,0.0010346582857891917,0.020407995209097862,TRACKING,True,43
97202041881843,0.0020834019960602745,0.01962030306335362,0.0005813278501057829,-8.428968110529211e-05,0.020336671604494046,3.8428084499220194e-12,1.0033919875529485e-10,0.000587406859267503,0.019620303064584732,TRACKING,True,43
97202043980001,0.002098002005368471,0.0205325442959208,-0.0004985877840990512,0.0002981967038865604,0.02037863476446424,3.8428084499220194e-12,1.0033919875529485e-10,0.0005809569847770035,0.02053254470229149,TRACKING,True,43
97202046017315,0.002036763005889952,0.020627509822005712,-0.0008272924657290379,-8.983967890439318e-05,0.020419381044435303,3.8428084499220194e-12,1.0033919875529485e-10,0.0008321561617776752,0.02062750980257988,TRACKING,True,43
97202048085902,0.002068563990178518,0.020339062956324455,0.00041877161027564455,-0.0006200777329548593,0.02046075278440592,3.8428084499220194e-12,1.0033919875529485e-10,0.0007482419605366886,0.020339062437415123,TRACKING,True,43
97202050159020,0.002073354000458494,0.020867041134155353,0.00015953467388833743,0.0007605654043353521,0.020502215144376477,3.8428084499220194e-12,1.0033919875529485e-10,0.0007771170930936933,0.020867040380835533,TRACKING,True,43
97202052236315,0.0020770780101884156,0.019871621189018657,0.0004814999132536735,-0.001354906855020361,0.020543761044346968,3.8428084499220194e-12,1.0033919875529485e-10,0.001437920262105763,0.01987162046134472,TRACKING,True,43
97202054306227,0.002070556001854129,0.0199250767662023,-0.00016908964859576082,-0.0005892337930234549,0.020585159284317568,3.8428084499220194e-12,1.0033919875529485e-10,0.000613015319686383,0.019925076514482498,TRACKING,True,43
97202056388323,0.0020818399934796616,0.020993263729687107,-0.00026305748457729417,3.3112406013436356e-05,0.020626801204287993,3.8428084499220194e-12,1.0033919875529485e-10,0.0002651333052199334,0.020993264392018318,TRACKING,True,43
97202058469997,0.002082064005662687,0.02063669614567125,0.0003400556182224547,-0.00036499403796117034,0.020668434684258424,3.8428084499220194e-12,1.0033919875529485e-10,0.0004988571745343506,0.020636696368455887,TRACKING,True,43
97202060552904,0.002082917999359779,0.02121405608069675,-0.00010553959764581757,0.000208897157855729,0.020710092824228837,3.8428084499220194e-12,1.0033919875529485e-10,0.00023404406965710223,0.021214056760072708,TRACKING,True,43
97202062621144,0.0020675479900091887,0.021050747908039232,0.00025128022930650954,-0.00039855247576668006,0.02075145762419946,3.8428084499220194e-12,1.0033919875529485e-10,0.0004711537330877036,0.021050747483968735,TRACKING,True,43
97202064700679,0.0020795070013264194,0.020508807526874583,-0.00030118417169367536,0.00011502234080229605,0.02079304832416992,3.8428084499220194e-12,1.0033919875529485e-10,0.00032240041764453053,0.02050880715250969,TRACKING,True,43
97202066775314,0.0020746210066135973,0.020930199978512472,-0.0010923913250676675,-0.0010426778535483976,0.020834541024140455,3.8428084499220194e-12,1.0033919875529485e-10,0.001510131056420505,0.020930200815200806,TRACKING,True,43
97202068856801,0.002081965998513624,0.021253370456200706,-0.0005805328405112596,0.00021776520053141854,0.02087617076411089,3.8428084499220194e-12,1.0033919875529485e-10,0.0006200322532095015,0.021253369748592377,TRACKING,True,43
97202070937833,0.002081297992845066,0.02051173619417854,0.00018648283203858885,0.00012682300342096306,0.02091779140408133,3.8428084499220194e-12,1.0033919875529485e-10,0.00022552143491338938,0.02051173709332943,TRACKING,True,43
97202073015238,0.002076506003504619,0.020421675105470716,0.0005781674824700573,0.0005845627694046727,0.02095933950405182,3.8428084499220194e-12,1.0033919875529485e-10,0.0008221868774853647,0.020421674475073814,TRACKING,True,43
97202075079827,0.002064518994302489,0.02126851270738548,-0.0009167827171849281,-0.00037823277227938757,0.021000631284022495,3.8428084499220194e-12,1.0033919875529485e-10,0.000991741195321083,0.021268513053655624,TRACKING,True,43
97202077145053,0.0020651690138038248,0.0212781114497056,0.00046489615166785825,-0.0004193969904206456,0.02104193580399316,3.8428084499220194e-12,1.0033919875529485e-10,0.0006261168164201081,0.02127811126410961,TRACKING,True,43
97202079217214,0.0020722589979413897,0.01979056370743575,-0.0005204325678829407,0.0003253256338536472,0.021083379023963726,3.8428084499220194e-12,1.0033919875529485e-10,0.0006137481541372836,0.019790563732385635,TRACKING,True,43
97202081284424,0.0020672329992521554,0.020712121554339945,0.0007153175714135761,-0.00016865995279240673,0.021124723223934362,3.8428084499220194e-12,1.0033919875529485e-10,0.000734932254999876,0.020712122321128845,TRACKING,True,43
97202083365707,0.002081978993373923,0.021971664292832038,-0.0005809207690479474,-2.882072326774337e-05,0.0211663488839048,3.8428084499220194e-12,1.0033919875529485e-10,0.0005816352786496282,0.02197166346013546,TRACKING,True,43
97202085446640,0.0020809050038224086,0.021581012143991333,-0.0004521879979037004,0.001719899301787955,0.021207967543875245,3.8428084499220194e-12,1.0033919875529485e-10,0.0017783497460186481,0.0215810127556324,TRACKING,True,43
97202087529037,0.002082232997054234,0.021858186748835547,-0.00021718948383472292,0.000239221895457409,0.021249615483845664,3.8428084499220194e-12,1.0033919875529485e-10,0.00032310737879015505,0.02185818739235401,TRACKING,True,43
97202089610378,0.002081653001368977,0.021116204551912512,-0.0001077222773097317,0.0006538892795692689,0.0212912423038161,3.8428084499220194e-12,1.0033919875529485e-10,0.0006627030088566244,0.02111620455980301,TRACKING,True,43
97202091678500,0.0020674900006270036,0.021423885569894174,0.0008416714714224548,-3.404220708072142e-05,0.021332604743786725,3.8428084499220194e-12,1.0033919875529485e-10,0.0008423596154898405,0.021423885598778725,TRACKING,True,43
97202093743199,0.002064475993392989,0.02181255998004893,0.000305580889732837,0.0005879703010366996,0.021373898723757397,3.8428084499220194e-12,1.0033919875529485e-10,0.0006626376998610795,0.02181256003677845,TRACKING,True,43
97202095808714,0.002065481006866321,0.021249094900921393,0.00022335954685119057,0.00020310303216876426,0.02141520902372806,3.8428084499220194e-12,1.0033919875529485e-10,0.00030189455719664693,0.02124909497797489,TRACKING,True,43
97202097898399,0.0020906470017507672,0.020725220494717075,0.00040923992141800466,0.0001525775483275256,0.021457002723698375,3.8428084499220194e-12,1.0033919875529485e-10,0.00043675763299688697,0.020725220441818237,TRACKING,True,43
97202099953389,0.0020540760015137494,0.02109841786822184,0.00034692061655259546,0.0004664726978655925,0.021498102523669186,3.8428084499220194e-12,1.0033919875529485e-10,0.0005813352763652802,0.021098418161273003,TRACKING,True,43
97202102077088,0.002123612997820601,0.018144795169343024,0.0019988873048295682,0.0033935806842216266,0.01835811255830018,0.0017568393925594475,0.0026966166982558227,0.003938519861549139,0.018144795671105385,TRACKING,False,44
97202104137825,0.0020608729973901063,0.018575900509788565,0.001678951779934133,0.0024394215084555886,0.01839932729827091,0.0016477385714621698,0.0025291551156531693,0.002961360616609454,0.01857590116560459,TRACKING,False,44
97202106198233,0.002060202998109162,0.017966912341664754,0.0020569591886025924,0.0022886140776530355,0.018440535458241644,0.0015386551684877,0.0023617202685634296,0.0030771472956985235,0.01796691305935383,TRACKING,False,44
97202108260366,0.0020621570001821965,0.018016555990155964,-2.8400544148175994e-05,0.0021810099419603836,0.018481778118212354,0.001429480439489389,0.0021941452428725443,0.0021811947226524353,0.018016556277871132,TRACKING,False,44
97202110342554,0.0020829720015171915,0.018184043661742803,0.001201213544960178,0.0020195796369101094,0.018523421878182778,0.0013192439461965047,0.0020249404885752933,0.002349811838939786,0.01818404346704483,TRACKING,False,44
97202112403496,0.002060166996670887,0.018441729603335438,0.0014104308598532184,0.0023412183268613287,0.018564640718153502,0.001210132271861611,0.0018574622470664162,0.00273324316367507,0.018441729247570038,TRACKING,False,44
97202114483510,0.0020808210101677105,0.01838100269139725,0.0012471455119166363,0.0014096417845856132,0.018606240998123958,0.0011000108758300782,0.0016884341584380877,0.0018821428529918194,0.01838100329041481,TRACKING,True,45
97202116564266,0.002080729987937957,0.019037443135238197,0.0008672586737689245,0.0013825153951190945,0.018647856118094403,0.0009898501963726378,0.0015193457726955268,0.001632019178941846,0.019037442281842232,TRACKING,True,45
97202118635380,0.002070279006147757,0.01883339764906208,0.0008816500856468176,0.0010455198005472127,0.018689278398064984,0.0008801999896815039,0.0013510409243861537,0.00136763253249228,0.018833396956324577,TRACKING,True,45
97202120715702,0.0020811360009247437,0.01884563761602215,0.0011110634264620248,0.0011413835814650555,0.018730884838035436,0.0007700622873222358,0.001181987806767012,0.0015928647480905056,0.018845638260245323,TRACKING,True,45
97202122796571,0.0020808980043511838,0.018481980419436397,0.0012409924252065677,0.001043435727859401,0.018772502218005877,0.0006598956253484512,0.001012890238310289,0.0016213638009503484,0.01848198100924492,TRACKING,True,45
97202124857773,0.0020603809971362352,0.018384235198422923,8.652720658632908e-05,0.0007338136501725573,0.0188137262579766,0.0005507701859317033,0.0008453908684325441,0.0007388974772766232,0.018384234979748726,TRACKING,True,45
97202126941842,0.002084766994812526,0.019417957390128616,0.0010418185875744627,0.0010190179671039053,0.018855407637947,0.0004404341075658648,0.0006760332585128261,0.0014573207590728998,0.019417956471443176,TRACKING,True,45
97202129087457,0.0021464640012709424,0.01829214092638506,0.00013463333878466796,0.0011474101979908474,0.018898319937916522,0.00032683962255461137,0.000501674238630137,0.0011552820215001702,0.0182921402156353,TRACKING,True,45
97202131155416,0.002066518005449325,0.01934600120002604,0.00033514493635098476,0.0007336724020933435,0.01893967911788715,0.00021735644983751786,0.0003336257749506858,0.0008065961301326752,0.019346000626683235,TRACKING,True,45
97202133220268,0.0020648159988923,0.018846573099178678,0.00028849948533266664,0.0004111104111207396,0.018980976157857817,0.00010803776984858382,0.00016582979527921156,0.0005022386903874576,0.018846573308110237,TRACKING,True,45
97202135286162,0.0020659389992943034,0.018625328077034403,0.0005064513262267983,-0.00017853162538115967,0.019022294037828475,3.6611442176537334e-11,-2.7143146671265717e-11,0.0005369976861402392,0.018625328317284584,TRACKING,True,45
97202137369503,0.002084676001686603,0.01940095727258945,-0.00048071129245732164,0.0007248179796481749,0.019063960857798882,3.6611442176537334e-11,-2.7143146671265717e-11,0.0008697381126694381,0.019400957971811295,TRACKING,True,45
97202139438497,0.0020677479915320873,0.02020911276412045,-0.00026397681360295467,0.00035580749245845886,0.019105340737769493,3.6611442176537334e-11,-2.7143146671265717e-11,0.00044303806498646736,0.020209113135933876,TRACKING,True,45
97202141522237,0.0020844300015596673,0.018694762933714592,0.000944056420989646,-0.000647598056180582,0.019147015537739894,3.6611442176537334e-11,-2.7143146671265717e-11,0.0011448257137089968,0.018694762140512466,TRACKING,True,45
97202143619753,0.002097743999911472,0.01903259011824028,-0.00024552157607722,0.0008593331505881487,0.019188965857710103,3.6611442176537334e-11,-2.7143146671265717e-11,0.0008937193779274821,0.019032590091228485,TRACKING,True,45
97202145685235,0.00206460700428579,0.018721125136805752,0.00018503958134784827,0.0005457638661500769,0.019230275497680763,3.6611442176537334e-11,-2.7143146671265717e-11,0.0005762793007306755,0.01872112601995468,TRACKING,True,45
97202147795829,0.0021123369951965287,0.019428228658318888,-0.00021971941490232729,0.00015481012356906895,0.019272487377650784,3.6611442176537334e-11,-2.7143146671265717e-11,0.00026878018979914486,0.019428228959441185,TRACKING,True,45
97202150023300,0.002225927004474215,0.01907096758778457,0.00032918692914892086,0.0002880869684914945,0.019317036797619144,3.6611442176537334e-11,-2.7143146671265717e-11,0.0004374450072646141,0.01907096803188324,TRACKING,True,45
97202152514353,0.002490914994268678,0.018263183099326553,0.0024551855267804542,0.0031689313402065364,0.018147410789341168,0.0019910448099697627,0.0033802662078748916,0.004008748102933168,0.018263183534145355,TRACKING,False,46
97202154665352,0.00215095400926657,0.018044257219367168,0.001985413357786025,0.003433869158335205,0.018190430769310612,0.00186205666489558,0.003161278546767004,0.003966525197029114,0.018044257536530495,TRACKING,False,46
97202156747674,0.002082357998006046,0.018009980797067223,0.0020203715725611794,0.0032544204830297053,0.018232077209281036,0.0017371868475562122,0.0029492827139221264,0.003830555360764265,0.018009981140494347,TRACKING,False,46
97202158823065,0.0020754029974341393,0.018305575986427826,0.0015380211475630994,0.00250001796270653,0.018273585029251554,0.0016127326588775317,0.0027379925083133093,0.0029352339915931225,0.018305575475096703,TRACKING,False,46
97202160949321,0.0021263300004648045,0.018962694856800952,0.0011136908434351595,0.0033232844407752975,0.018316110149221354,0.0014852282679443645,0.0025215238682271854,0.0035049288999289274,0.018962694332003593,TRACKING,False,46
97202163111622,0.0021622909989673644,0.01819436177578095,0.0006173473762315818,0.0026252865362710264,0.01835935616919064,0.0013555623801024593,0.002301385579645347,0.0026968959718942642,0.01819436252117157,TRACKING,False,46
97202165194097,0.0020826719992328435,0.01847101480766492,0.0009986922834950606,0.002013936334079384,0.01840100566916106,0.0012306833878698458,0.002089374170265032,0.002247960539534688,0.018471015617251396,TRACKING,False,46
97202169225829,0.004031447999295779,0.01815230346278858,0.002749709553618024,0.0025418339825832906,0.018271933799320336,0.002422958637078141,0.003127335790007191,0.0037445726338773966,0.018152303993701935,TRACKING,False,46
97202171938246,0.0027132140094181523,0.017814170371131505,0.00281553805451208,0.0031256149991677256,0.01832618213928181,0.0022231740175947187,0.002869471899152612,0.004206747282296419,0.017814170569181442,TRACKING,False,46
97202174047617,0.0021086989872856066,0.018262735898665342,0.0028044815537583605,0.0024090026989902935,0.01836836955925185,0.0020678070948153796,0.0026689383479634645,0.003697081468999386,0.01826273649930954,TRACKING,False,46
97202176125722,0.0020780790073331445,0.019435656798230224,0.001550635079303662,0.0026110399082470317,0.01840993165922233,0.0019147430870792542,0.002471377190920003,0.0030367744620889425,0.019435657188296318,TRACKING,False,46
97202178189092,0.0020631289953598753,0.018561382381958116,0.0024944550480000957,0.0025826337788105026,0.018451199059193023,0.0017627643941631173,0.0022752168599411704,0.003590585431084037,0.018561381846666336,TRACKING,False,46
97202180252369,0.002063387000816874,0.01874030471883958,0.0019323088730208544,0.002559858356754142,0.018492464599163715,0.0016107925512149654,0.0020790653702805603,0.0032072875183075666,0.018740303814411163,TRACKING,False,46
97202182338633,0.0020865709957433864,0.01905597723883506,0.0011610590790243273,0.001630423787190634,0.01853418987913408,0.0014571275876854037,0.001880728553931954,0.002001584507524967,0.01905597746372223,TRACKING,False,46
97202184434604,0.0020955650106770918,0.018700035273415242,0.0005200081833573662,0.0008460526159837031,0.01857610929910431,0.001302747649540462,0.0016814689131103685,0.0009930828819051385,0.01870003528892994,TRACKING,True,47
97202186529407,0.0020965889998478815,0.018766992134737016,0.0013462884306679542,0.0012957873025061495,0.018618005359074555,0.0011484537411009662,0.0014823203116402243,0.0018685709219425917,0.018766991794109344,TRACKING,True,47
97202188604962,0.00207380999927409,0.01826492997538107,0.0005448245087456462,0.0013717394814137072,0.018659516459045074,0.0009955775550676551,0.001285001577838351,0.0014759752666577697,0.018264930695295334,TRACKING,True,47
97202190708584,0.0021035719983046874,0.019547431352588587,0.00065185169936065,0.0012789164620222154,0.018701588899015194,0.0008406340781587005,0.0010850145722240629,0.0014354573795571923,0.01954743079841137,TRACKING,True,47
97202192831245,0.0021229499980108812,0.018687104499120852,0.0005417087266897727,0.0012608355423091905,0.018744042118985043,0.0006842882728576348,0.0008832175681405202,0.0013722808798775077,0.018687104806303978,TRACKING,True,47
97202194924319,0.002094152005156502,0.018001680462802688,0.00024191865808464823,0.0008322176102474076,0.018785903598955312,0.0005301217148982039,0.0006842333391349664,0.0008666664944030344,0.018001681193709373,TRACKING,True,47
97202196989519,0.002063859996269457,0.018867041801645373,-0.0004214175436533255,0.0013331345709627902,0.018827207598925977,0.0003780082322894589,0.00048789903382981696,0.001398156164214015,0.018867041915655136,TRACKING,True,47
97202199016314,0.0020267789950594306,0.02005128170673562,-8.510024994389014e-05,0.0007498524349099514,0.018867743498897187,0.0002287234918362381,0.0002952158126788636,0.0007546659908257425,0.02005128189921379,TRACKING,True,47
97202201081008,0.0020647460041800514,0.019133690503478396,0.00011707527768095442,-0.0005707190056401968,0.01890903737886786,7.66472789457775e-05,9.892961175028085e-05,0.0005826034466736019,0.019133690744638443,TRACKING,True,47
97202203236404,0.002155776004656218,0.019294828115513904,0.0001674125142728421,-0.00046776558533780257,0.018952145298837247,-1.0637226906598518e-10,1.0930386457053132e-10,0.0004968214780092239,0.019294828176498413,TRACKING,True,47
97202206489697,0.003252865993999876,0.01949698859083865,-0.00031430992120973705,0.000544289608913409,0.019017211158791035,-1.0637226906598518e-10,1.0930386457053132e-10,0.0006285235867835581,0.019496988505125046,TRACKING,True,47
97202208970990,0.0024827290035318583,0.018266437180085693,0.0023209681364473895,0.003369921747728966,0.018203305722752357,0.002539347442134311,0.0023473750610733543,0.004091853741556406,0.01826643757522106,TRACKING,False,48
97202211039935,0.0020679930021287873,0.018947412025455232,0.002717260709140761,0.0017400880001646653,0.01824468462272297,0.0023686774997656117,0.002189607615723531,0.003226672066375613,0.018947411328554153,TRACKING,False,48
97202213230605,0.002190628001699224,0.018096942248190733,0.002466637846344329,0.0017585111995313406,0.018288498022691852,0.002187966305099326,0.0020225580278879435,0.003029300831258297,0.018096942454576492,TRACKING,False,48
97202215300161,0.002069274996756576,0.018005917220090255,0.0022352059536175453,0.002010437952693368,0.018329889142662457,0.0020172459605523247,0.0018647439907200154,0.0030063276644796133,0.018005916848778725,TRACKING,False,48
97202217396156,0.00209646399889607,0.017729281525731094,0.0022559694715714508,0.0017215174132248934,0.018371809042632685,0.0018443446287841618,0.001704913847040022,0.0028377845883369446,0.01772928237915039,TRACKING,False,48
97202219513589,0.0021172859997022897,0.019436234849279387,0.0016488136942775376,0.001478840748373909,0.01841415770260261,0.001669674848737045,0.0015434489482102254,0.0022148489952087402,0.01943623460829258,TRACKING,False,48
97202221631623,0.0021181039919611067,0.01809915185816962,0.0018055862924326908,0.0012137249211515053,0.018456518382572524,0.0014949554914245279,0.0013819382201125387,0.0021756079513579607,0.01809915155172348,TRACKING,False,48
97202223832817,0.002201220006099902,0.018555253947314634,0.001842032149746105,0.0019062663310539267,0.018500542262541258,0.0013133761584203513,0.0012140861244312328,0.002650836482644081,0.018555253744125366,TRACKING,False,48
97202226046534,0.0022137860069051385,0.01867319832019165,0.0009982179683678176,0.0009785401565036238,0.01854481660250981,0.0011307637869892063,0.0010452790871163327,0.0013978483621031046,0.01867319829761982,TRACKING,True,49
97202228147564,0.0021009869960835204,0.018075626126846718,0.0016317793853530414,0.0011985535008978761,0.01858683720247997,0.0009574471115749695,0.0008850649994033486,0.0020246566273272038,0.018075626343488693,TRACKING,False,50
97202230246695,0.0020991019991924986,0.017984859588423892,0.00019231609693639326,0.0004033692617490356,0.018628819822450154,0.0007842870871207909,0.0007249957199760939,0.00044686938053928316,0.01798485964536667,TRACKING,True,51
97202232344499,0.00209779100259766,0.019458279858000894,-8.243985308634995e-05,0.000516767606626375,0.018670775902420354,0.0006112365286086861,0.0005650276309623011,0.0005233021220192313,0.019458279013633728,TRACKING,True,51
97202234450449,0.002105993000441231,0.01878593668681917,-9.70933950738376e-05,0.0002503797204226094,0.01871289490239044,0.00043751399604674644,0.0004044383685437927,0.000268546340521425,0.018785936757922173,TRACKING,True,51
97202236645098,0.00219464699330274,0.019506777282414137,0.0008295442849009744,-0.0004799951487393572,0.01875678788235927,0.0002564745685368205,0.00023708536197786408,0.0009584044455550611,0.019506776705384254,TRACKING,True,51
97202238833708,0.0021884589950786904,0.018998231558270164,6.907095531158808e-05,0.0006161365847031383,0.018800560082328183,7.593330592831288e-05,7.019285948646004e-05,0.0006199960480444133,0.01899823173880577,TRACKING,True,51
97202240916105,0.002082377002807334,0.018234516281746695,3.651299335100215e-05,0.0003383223180249361,0.018842208022298603,-9.166817825645435e-11,-4.026650757618655e-11,0.00034028690424747765,0.01823451556265354,TRACKING,True,51
97202243028744,0.002112418005708605,0.018331059067903537,-2.8288404321008898e-05,-3.4970696799947696e-05,0.018884460802268594,-9.166817825645435e-11,-4.026650757618655e-11,4.497980989981443e-05,0.01833105832338333,TRACKING,True,51
97202245099369,0.0020705780043499544,0.019126864248756283,-0.0003046837536924647,0.001288492845278816,0.018925873302239184,-9.166817825645435e-11,-4.026650757618655e-11,0.0013240263797342777,0.01912686415016651,TRACKING,True,51
97202247174261,0.0020748239912791178,0.019287580734130675,-0.0005316076073543824,-0.000398850932349537,0.01896737114220971,-9.166817825645435e-11,-4.026650757618655e-11,0.0006645966786891222,0.019287580624222755,TRACKING,True,51
97202249244557,0.002070205009658821,0.018459897971416492,4.492224702789527e-05,2.4515496891259307e-05,0.019008777062180304,-9.166817825645435e-11,-4.026650757618655e-11,5.117634282214567e-05,0.018459897488355637,TRACKING,True,51
97202251329307,0.0020853709866059944,0.01940863908286203,0.00015116435479323336,-0.0003398339888588672,0.019050472062150693,-9.166817825645435e-11,-4.026650757618655e-11,0.0003719379019457847,0.019408639520406723,TRACKING,True,51
97202253438364,0.002108888002112508,0.018865987820440095,0.0002882878414883681,0.0003673398314657548,0.019092653202120734,-9.166817825645435e-11,-4.026650757618655e-11,0.00046695658238604665,0.01886598765850067,TRACKING,True,51
97202255539249,0.002100698009599,0.018493671005915445,-0.0002522322629924087,0.0004067526268488679,0.019134670902090894,-9.166817825645435e-11,-4.026650757618655e-11,0.00047861135681159794,0.018493670970201492,TRACKING,True,51
97202257628513,0.0020900009985780343,0.01886300503917447,5.6440672169657074e-05,-0.00042729330384104464,0.019176456182061218,-9.166817825645435e-11,-4.026650757618655e-11,0.0004310047661419958,0.018863005563616753,TRACKING,True,51
97202259717056,0.0020884650002699345,0.019779800745469873,-0.0001557600499227833,-0.00022852715810022198,0.01921822704203155,-9.166817825645435e-11,-4.026650757618655e-11,0.00027656074962578714,0.01977980136871338,TRACKING,True,51
97202263732754,0.004015238999272697,0.019528701990153538,-6.666738178025872e-05,0.00014727025377393418,0.01929854100197451,-9.166817825645435e-11,-4.026650757618655e-11,0.0001616572553757578,0.019528701901435852,TRACKING,True,51
97202267027100,0.0032948309963103384,0.020165781334838824,-0.0002817752924380226,0.0005687736605329488,0.01954193499080673,-0.00029311927116519674,0.0005075938219255884,0.0006347446469590068,0.020165780559182167,TRACKING,True,51
97202269097129,0.0020691590034402907,0.02035421335695737,-0.00032389759051563386,0.0003995450262740491,0.019583335570777325,-0.00027360035079735875,0.00047379296435185104,0.0005143402377143502,0.020354213193058968,TRACKING,True,51
97202271170379,0.002073584997560829,0.020102423437198296,-0.0008373222424176344,0.0010570124369165704,0.019624800570747874,-0.0002540510586605722,0.0004399395120742497,0.0013484746450558305,0.020102422684431076,TRACKING,True,51
97202273250941,0.002080405000015162,0.019617181536531553,-0.0005356828342755562,0.00020735369929760495,0.019666411810718324,-0.0002344328194966041,0.00040596666443040984,0.0005744142108596861,0.01961718127131462,TRACKING,True,51
97202275324012,0.0020731849945150316,0.01937022221865807,0.0001564309537875697,9.556756826637939e-05,0.019707873230688875,-0.00021488521520416455,0.0003721161349879502,0.00018331340106669813,0.019370222464203835,TRACKING,True,51
97202277413047,0.0020895900088362396,0.018735732647650254,-0.0005106408988531257,0.0006807333456293644,0.019749653930659205,-0.00019518708159800422,0.00033800493437117026,0.0008509712642990053,0.01873573288321495,TRACKING,True,51
97202279511244,0.002098073993693106,0.019677109102639017,-0.0004922762660136107,-0.00022880783410714352,0.0197916178706294,-0.00017540255676331033,0.00030374413031545753,0.0005428526201285422,0.019677110016345978,TRACKING,True,51
97202281613964,0.0021032040094723925,0.020399388044496494,-0.00044286176675208767,0.0005604546865004536,0.019833672270599532,-0.00015557538321363528,0.0002694094716041791,0.0007143080583773553,0.020399387925863266,TRACKING,True,51
97202283706845,0.002092240989441052,0.01887450200151263,-0.0002862042211328222,-0.00021205061849973708,0.019875529890569805,-0.00013584098452725882,0.0002352354708535708,0.0003561998310033232,0.018874501809477806,TRACKING,True,51
97202285811172,0.0021045460016466677,0.019772182234086434,-5.0637784487772455e-05,-2.056439533867712e-05,0.019917616430539915,-0.00011599865809565257,0.00020087457194076816,5.4654181440128013e-05,0.019772183150053024,TRACKING,True,51
97202287910207,0.002099082004860975,0.02014171373491211,0.0004536395551122087,0.00020859976528785063,0.0199595971305101,-9.62062315092111e-05,0.00016660008444455924,0.000499302230309695,0.020141713321208954,TRACKING,True,51
97202289994972,0.0020841709920205176,0.01941740797673666,0.0004008922552612003,-0.00022020756604488218,0.02000129243048049,-7.654836100563084e-05,0.00013255860732529548,0.0004573904152493924,0.019417408853769302,TRACKING,True,51
97202292046286,0.0020518890087259933,0.02002732754240896,0.0004672745722009105,0.00015036323401942389,0.02004231871045135,-5.720590995038897e-05,9.906334114640939e-05,0.0004908712580800056,0.02002732828259468,TRACKING,True,51
97202294108816,0.002061391991446726,0.020001397080717336,-0.00014959428572046234,-0.0005488546882330828,0.02008356931042205,-3.775769988846383e-05,6.538493240355577e-05,0.0005688760429620743,0.020001396536827087,TRACKING,True,51
97202296169030,0.0020602830045390874,0.0199088928672964,-0.0006371188737961844,0.0002402697647034354,0.02012477359039279,-1.8331328080771763e-05,3.174434090197798e-05,0.0006809185142628849,0.01990889199078083,TRACKING,True,51
97202298237991,0.002069241993012838,0.019929163127653155,-1.024334896061172e-05,0.0005146291618079971,0.0201661528103634,9.917617454276856e-12,1.6259896098817783e-11,0.0005147311021573842,0.01992916315793991,TRACKING,True,51
97202300307357,0.0020694370032288134,0.020605329959737993,0.00014546406669987917,0.00040967482014375354,0.020207540130334007,9.917617454276856e-12,1.6259896098817783e-11,0.0004347335489001125,0.020605329424142838,TRACKING,True,51
97202302394528,0.002087355009280145,0.020599852175881412,-5.627411488799487e-06,0.00031237001311380504,0.02024928355030436,9.917617454276856e-12,1.6259896098817783e-11,0.00031242071418091655,0.02059985138475895,TRACKING,True,51
97202304538448,0.002144012993085198,0.02097733285029071,-0.0001332798112370934,0.0001245867870538188,0.020292161950273908,9.917617454276856e-12,1.6259896098817783e-11,0.00018244280363433063,0.020977333188056946,TRACKING,True,51
97202306633746,0.0020959959947504103,0.01954390118989847,-0.0004199329432365298,5.330219132180569e-05,0.020334067910244148,9.917617454276856e-12,1.6259896098817783e-11,0.00042330226278863847,0.019543901085853577,TRACKING,True,51
97202308724361,0.002090642010443844,0.0201649463532007,0.00011329816457468209,-0.0001433954885270754,0.020375880210214452,9.917617454276856e-12,1.6259896098817783e-11,0.00018275322508998215,0.02016494609415531,TRACKING,True,51
97202310794871,0.0020694050035672262,0.020324803475838482,-2.8454961388078107e-05,-0.0003096324457032893,0.02041729041018504,9.917617454276856e-12,1.6259896098817783e-11,0.00031093720463104546,0.02032480388879776,TRACKING,True,51
97202312869599,0.00207486299041193,0.020790875292301704,-0.00036010553793635187,2.1278016557002943e-05,0.02045878497015557,9.917617454276856e-12,1.6259896098817783e-11,0.0003607336257118732,0.02079087495803833,TRACKING,True,51
97202314959507,0.002090465000947006,0.021126357141870392,6.137003392889981e-05,-0.00030553754785891143,0.020500583130125885,9.917617454276856e-12,1.6259896098817783e-11,0.0003116399748250842,0.021126357838511467,TRACKING,True,51
97202317034716,0.0020751520060002804,0.020284955422191765,0.0002802615513789853,0.00033199470260602583,0.02054208731009641,9.917617454276856e-12,1.6259896098817783e-11,0.00043447327334433794,0.020284956321120262,TRACKING,True,51
97202319110399,0.002075279990094714,0.020236442591246236,-0.00031180270075089266,0.000988591131770708,0.020583600970066927,9.917617454276856e-12,1.6259896098817783e-11,0.0010365969501435757,0.020236441865563393,TRACKING,True,51
97202321181922,0.0020713960111606866,0.020206596445503308,0.000750599263128496,9.440976882650558e-05,0.0206250314300375,9.917617454276856e-12,1.6259896098817783e-11,0.0007565133273601532,0.020206596702337265,TRACKING,True,51
97202323252566,0.002070595000986941,0.02034908036359147,-0.00012202132761964936,-0.00017734474499287733,0.02066644431000809,9.917617454276856e-12,1.6259896098817783e-11,0.00021526812633965164,0.020349079743027687,TRACKING,True,51
97202325322308,0.00206979998620227,0.020530028247612492,0.0001855394362971777,-0.0008454736648249292,0.02070783914997869,9.917617454276856e-12,1.6259896098817783e-11,0.0008655926212668419,0.020530028268694878,TRACKING,True,51
97202327412753,0.002090466005029157,0.02127427045421705,0.00022461218918861493,-0.00040044009358906896,0.020749648049949,9.917617454276856e-12,1.6259896098817783e-11,0.00045913277426734567,0.021274270489811897,TRACKING,True,51
97202329495720,0.002083421000861563,0.020012286733122657,0.0008356836257146236,-0.0007948822010968098,0.02079130738991941,9.917617454276856e-12,1.6259896098817783e-11,0.0011533449869602919,0.02001228742301464,TRACKING,True,51
97202331562427,0.002066109998850152,0.020981980399014513,0.0002739264610285891,-0.0006018307212604921,0.020832641529890054,9.917617454276856e-12,1.6259896098817783e-11,0.000661238213069737,0.020981980487704277,TRACKING,True,51
97202333647967,0.0020856030023423955,0.02146689163824252,-0.0007731826993699956,-0.0008867410814776759,0.020874352329860433,9.917617454276856e-12,1.6259896098817783e-11,0.0011764868395403028,0.021466892212629318,TRACKING,True,51
97202336724670,0.0030767499993089586,0.02030389331675248,-0.00042134054403997147,0.0006865056733704397,0.02093588638981673,9.917617454276856e-12,1.6259896098817783e-11,0.0008054923382587731,0.020303893834352493,TRACKING,True,51
97202339274667,0.002549937998992391,0.018919233958031564,0.0008697520997802685,0.0002304991765576498,0.019534484530149433,-6.608912158324045e-05,0.00014599285953326786,0.0008997769909910858,0.018919233232736588,TRACKING,True,51
97202342294172,0.0030201710032997653,0.020089612512768806,0.00019199188201417903,-0.000249626974573831,0.01959487463010654,-6.005004686452625e-05,0.00013265236107873712,0.00031491986010223627,0.020089613273739815,TRACKING,True,51
97202344387107,0.0020932680054102093,0.01948106329801383,0.00016621198161298397,0.00032726884398870675,0.019636733330076813,-5.5864132005497346e-05,0.00012340554872607225,0.00036705765523947775,0.01948106288909912,TRACKING,True,51
97202346472947,0.00208592698618304,0.020666813953849585,-0.0005145291622851184,-0.00056555135009777,0.019678450130047185,-5.169240729853948e-05,0.00011419008284792385,0.0007645839359611273,0.020666813477873802,TRACKING,True,51
97202348555010,0.002081631013425067,0.019098401004970834,-0.0007176445585316846,5.65620648626392e-06,0.01972009139001761,-4.752823667253614e-05,0.0001049913041627633,0.0007176668732427061,0.019098401069641113,TRACKING,True,51
97202350635210,0.002080067992210388,0.01991610311222695,0.0009215417182386401,0.00014155186928260072,0.019761695389988065,-4.33677920864635e-05,9.580075641234895e-05,0.0009323497652076185,0.019916102290153503,TRACKING,True,51
97202352715003,0.002079785001114942,0.019484795561464905,2.1368066173969946e-05,0.001079208954447267,0.019803291249958523,-3.920816150911432e-05,8.661200683179058e-05,0.0010794204426929355,0.01948479562997818,TRACKING,True,51
97202354788838,0.002073228999506682,0.01958075163761034,-0.00048162591171572425,0.00031176563120393665,0.019844767949929065,-3.5060447059466235e-05,7.74495803372321e-05,0.0005737258470617235,0.019580751657485962,TRACKING,True,51
97202356968471,0.002179674993385561,0.02024356110826668,0.00032905815751636255,0.00037329564531853255,0.019888360609898105,-3.0701134342191325e-05,6.781972687848828e-05,0.000497623288538307,0.020243560895323753,TRACKING,True,51
97202359081168,0.0021130920067662373,0.0204273463040151,0.0008859843527662852,0.0009813615993203976,0.019930614549868095,-2.6475695059592584e-05,5.848560388038369e-05,0.0013221341650933027,0.020427346229553223,TRACKING,True,51
97202362186801,0.003105387993855402,0.01943745544021344,0.001054875754815025,-0.0001797883125164878,0.018923327078028657,0.0008644121002609354,0.00022908398534140172,0.0010700871935114264,0.019437454640865326,TRACKING,True,51
97202364867234,0.0026815650053322315,0.018661896653083855,0.00010531153839102227,-7.880815114206133e-05,0.018976935737990586,0.0007944727340483421,0.00021054885694379055,0.00013153419422451407,0.018661895766854286,TRACKING,True,51
97202366995270,0.0021274930040817708,0.01909452389053412,0.0011549753941747158,-0.00040716929914203566,0.019019496457960357,0.0007389468212135196,0.00019583354024132536,0.0012246448313817382,0.019094523042440414,TRACKING,True,51
97202369111554,0.002115673996740952,0.019741201005339222,0.0005843944089846638,-0.0007572897025772316,0.019061822137930298,0.0006837275481759724,0.0001811994883303803,0.000956558680627495,0.019741201773285866,TRACKING,True,51
97202371191751,0.002080196005408652,0.01926455361967776,0.00015755368970976288,-0.00027780281208150817,0.019103426077900748,0.0006294498774498852,0.00016681497713859692,0.00031937056337483227,0.019264552742242813,TRACKING,True,51
97202373278828,0.002087292989017442,0.019103816444228195,1.0397017342775317e-05,0.00017123780532487908,0.019145167617871103,0.0005749926898921733,0.00015238289091569894,0.0001715531398076564,0.019103815779089928,TRACKING,True,51
97202375367128,0.0020882050012005493,0.01926476882812704,0.001071888046798869,-0.0003411171367829407,0.01918693361784144,0.0005205035911302351,0.0001379423476778223,0.0011248576920479536,0.019264768809080124,TRACKING,True,51
97202377475700,0.0021093289979035035,0.018612138304702278,0.001743511017751833,-0.00019571563002431172,0.01922910505781149,0.0004654855439365092,0.0001233616240575685,0.0017544615548104048,0.01861213892698288,TRACKING,True,51
97202379826674,0.0023499500093748793,0.019936279938885193,0.0003282121622310871,-8.474100074190303e-05,0.0192761245377781,0.0004041426073504108,0.00010710469655762891,0.0003389753110241145,0.019936280325055122,TRACKING,True,51
97202385716124,0.005889420994208194,0.020508837443010564,0.0014765220914033758,-0.00040103133115981863,0.019439996920211637,0.0010508543362078694,-0.00017910291989554393,0.0015300142113119364,0.020508836954832077,TRACKING,True,51
97202387992933,0.00227686800644733,0.01936011243929213,0.0013438015563353852,-0.00024434383175862736,0.019485533100179295,0.0009788018150191208,-0.00016682261009260557,0.0013658354291692376,0.01936011202633381,TRACKING,True,51
97202390026848,0.0020338509930297732,0.0197970382284255,0.000751371008034353,-0.0002280576047313531,0.019526211400150408,0.0009144359838784263,-0.00015585238539969398,0.000785218901000917,0.019797038286924362,TRACKING,True,51
97202392095890,0.0020690870005637407,0.01970299304096443,0.0007631020428655924,-0.0008231151907517629,0.01956759224012102,0.0008489585140751136,-0.00014469269797958489,0.0011224274057894945,0.01970299333333969,TRACKING,True,51
97202394168393,0.002072515999316238,0.019664720108472224,0.0002929314055050993,-0.00032867597010303204,0.01960904230009158,0.0007833715165178987,-0.00013351434313843699,0.0004402688646223396,0.019664719700813293,TRACKING,True,51
