t_ns,tick_dt_s,pos_x,pos_y,pos_z,true_x,true_y,true_z,dist_to_line,progress,mode,eef_active,trigger_toggles_so_far
97204874069949,1.4319957699626684e-06,0.00017279036813907899,0.0004108049637255901,0.0001652168859327472,0.0,0.0,0.0,0.0004427836393006146,0.00017279035819228739,IDLE,False,0
97204876467696,0.002397830001427792,-0.0003345130147005061,0.00043657355968567063,0.00020089120856145277,0.0,0.0,0.0,0.0005855362978763878,0.0,IDLE,False,0
97204878534425,0.0020668219949584454,-0.00034682715328200543,0.000352495061603437,0.00019346788763785372,0.0,0.0,0.0,0.0005310100386850536,0.0,IDLE,False,0
97204880598074,0.002063563995761797,-9.213144224693614e-05,0.00014332701034491357,0.00024193408768596384,0.0,0.0,0.0,0.00029591034399345517,0.0,IDLE,False,0
97204882681986,0.0020857440104009584,-0.00024141178020814608,-1.9181581797875303e-05,-2.4615523749186132e-05,0.0,0.0,0.0,0.00024342042161151767,0.0,IDLE,False,0
97204884770943,0.0020883239922113717,3.8401908703561535e-05,-4.51056256223135e-05,-0.00011631474218766003,0.0,0.0,0.0,0.00012475429684855044,3.840190765913576e-05,IDLE,False,0
97204886857834,0.0020870270091108978,-0.00016224029722422642,-0.00012950826820010256,-8.57501409447949e-05,0.0,0.0,0.0,0.00022460496984422207,0.0,IDLE,False,0
97204888943773,0.0020859939977526665,-0.00015242536745045643,0.00020890061445484967,0.00018017742863410082,0.0,0.0,0.0,0.00031517751631326973,0.0,IDLE,False,0
97204891045900,0.002101805992424488,-0.0007230385790410012,-0.00034578645246264054,5.5692322863479775e-05,0.0,0.0,0.0,0.0008034019265323877,0.0,IDLE,False,0
97204893127207,0.002080127000226639,-0.0005330530160273131,-0.00018851372421927615,7.233300795990068e-05,0.0,0.0,0.0,0.0005700131296180189,0.0,IDLE,False,0
97204895184480,0.0020573619985952973,0.00015119999298214093,-0.0003866596007987699,-4.9983620649497656e-05,0.0,0.0,0.0,0.0003898769209627062,0.00015119998715817928,IDLE,False,0
97204897266930,0.002083140003378503,0.0005505518515881771,-0.00011972787860911648,0.00010381467575245053,0.0,0.0,0.0,0.0001584684505360201,0.0005505518638528883,IDLE,False,0
97204899350785,0.0020839700009673834,0.0002448881386941585,-0.0004456953796567756,9.23988411134428e-05,0.0,0.0,0.0,0.0004551724123302847,0.00024488812778145075,IDLE,False,0
97204901416514,0.002065027001663111,0.00018548034009061728,-0.0005560162166743251,-9.402295812218466e-05,0.0,0.0,0.0,0.0005639098817482591,0.00018548032676335424,IDLE,False,0
97204903509622,0.0020945699943695217,0.00010963206549921773,-0.0005630426107874769,-8.750661509436277e-05,0.0,0.0,0.0,0.0005698020686395466,0.00010963206295855343,IDLE,False,0
97204905598602,0.0020887720020255074,9.590658866431472e-05,-0.00036304853269727245,-0.00016674440022810882,0.0,0.0,0.0,0.00039950961945578456,9.59065873757936e-05,IDLE,False,0
97204907658539,0.0020585900056175888,0.0001882509036700752,-6.129198606155461e-05,-4.703110525559336e-05,0.0,0.0,0.0,7.725692557869479e-05,0.0001882509095594287,IDLE,False,0
97204909719695,0.0020611689978977665,-3.977717283111583e-05,9.734223062909e-05,-0.00013738549202414345,0.0,0.0,0.0,0.00017301012121606618,0.0,IDLE,False,0
97204911805446,0.002086656997562386,0.0001565565449521809,-0.00016390763073047656,9.021832521616881e-05,0.0,0.0,0.0,0.00018709638970904052,0.00015655654715374112,IDLE,False,0
97204913890899,0.0020853549940511584,0.0001010048463023636,-0.00036360465550156103,-1.0466969669364827e-05,0.0,0.0,0.0,0.00036375527270138264,0.0001010048363241367,IDLE,False,0
97204915994005,0.002103346007061191,8.008218043363927e-05,-0.00018764531116767595,-0.00020637709260263993,0.0,0.0,0.0,0.0002789305872283876,8.008217992028221e-05,IDLE,False,0
97204918033533,0.0020390410063555464,-0.0001623909400513316,-8.969648657318653e-05,-0.00022858017254992477,0.0,0.0,0.0,0.0002943894942291081,0.0,IDLE,False,0
97204920122935,0.0020894269982818514,-5.307094534771025e-05,8.284859385076932e-05,-0.00047394624817284343,0.0,0.0,0.0,0.0004840510955546051,0.0,IDLE,False,0
97204922194333,0.0020711940014734864,2.0015214626840603e-05,0.00028364035653207534,-0.00036535305721489104,0.0,0.0,0.0,0.00046253076288849115,2.001521352212876e-05,IDLE,False,0
97204924265379,0.0020710459939436987,-0.00014081699281793988,0.00031956422082291393,-0.00018848603282464223,0.0,0.0,0.0,0.0003968345990870148,0.0,IDLE,False,0
97204926353630,0.0020888979925075546,8.745859097054732e-05,0.0001297470229128231,-0.00041172314698595446,0.0,0.0,0.0,0.00043168303091078997,8.745858940528706e-05,IDLE,False,0
97204928429487,0.002075444004731253,3.843823887747618e-05,-1.0505904728032002e-05,-0.00011750005409303797,0.0,0.0,0.0,0.00011796878970926628,3.843823651550338e-05,IDLE,False,0
97204930518333,0.0020891790045425296,6.547684279929939e-05,-0.0003278496913761684,-0.00030905179390974986,0.0,0.0,0.0,0.0004505534889176488,6.547683733515441e-05,IDLE,False,0
97204932592725,0.002073883995763026,0.00021506771838421712,-8.612046382315943e-05,-0.00032431696645526245,0.0,0.0,0.0,0.0003355566004756838,0.00021506771736312658,IDLE,False,0
97204934678466,0.0020860930089838803,0.00014080059452941174,2.3618626188624556e-05,-0.00012135495707518362,0.0,0.0,0.0,0.00012363198038656265,0.00014080059190746397,IDLE,False,0
97204936770785,0.002093062998028472,0.00026077888465651295,5.776039632456818e-05,-9.916220483117508e-05,0.0,0.0,0.0,0.00011475803330540657,0.00026077887741848826,IDLE,False,0
97204938862349,0.002091178990667686,0.00012074970156407869,0.00023209227722924885,-0.0004958201009511371,0.0,0.0,0.0,0.0005474525969475508,0.00012074971164111048,IDLE,False,0
97204940933373,0.002070255999569781,5.396578127674674e-05,0.0001489589161567737,-0.0005918109648468505,0.0,0.0,0.0,0.0006102696061134338,5.3965784900356084e-05,IDLE,False,0
97204943077532,0.002144692000001669,0.00010067360248319939,-3.4013468614400866e-05,-0.0002183358741484961,0.0,0.0,0.0,0.00022096939210314304,0.00010067361290566623,IDLE,False,0
97204945160024,0.002081926999380812,4.351662845019005e-05,9.943968633964272e-05,8.819275699889275e-05,0.0,0.0,0.0,0.00013291429786477238,4.351662937551737e-05,IDLE,False,0
97204947235091,0.0020750700059579685,0.00010307269542784105,-0.00010739964681801335,-0.00023285378672348685,0.0,0.0,0.0,0.00025642846594564617,0.00010307268530596048,IDLE,False,0
97204949308788,0.0020740589970955625,0.0003999008159406741,-9.51012466234389e-05,-0.00028202470284082826,0.0,0.0,0.0,0.0002976275864057243,0.00039990077493712306,IDLE,False,0
97204951497232,0.002188601007219404,0.0002860416064954942,-0.00010215844432539032,-2.268993054476776e-05,0.0,0.0,0.0,0.0001046478864736855,0.0002860416134353727,IDLE,False,0
97204955880157,0.0043825619941344485,0.00030182876190414597,-0.00010633579339672228,-0.00016028451417465762,0.00029102242649195676,-0.00010215844432539032,-2.268993054476776e-05,0.00019234974752180278,0.00030182875343598425,TRACKING,True,1
97204958953367,0.0030728720012120903,0.00041678899100781034,-0.0003058684374500879,1.1430677991756667e-05,0.0003524866264483043,-0.00010215844432539032,-2.268993054476776e-05,0.0003060819290112704,0.0004167890001554042,TRACKING,True,1
97204961044701,0.0020924270065734163,0.0007038944296948025,-0.0005255248502194676,-0.0004669246456703761,0.0003943133064185986,-0.00010215844432539032,-2.268993054476776e-05,0.0007029900443740189,0.0007038944168016315,TRACKING,True,1
97204963113567,0.0020679029985331,0.0007327003049287241,9.822564141835275e-05,-0.0004979931502757372,0.000435690626389212,-0.00010215844432539032,-2.268993054476776e-05,0.0005075878580100834,0.0007327002822421491,TRACKING,True,1
97204965184311,0.0020708419906441122,0.00041637032921898514,0.00013055178250940557,-0.00048761851223678136,0.00047710550635979873,-0.00010215844432539032,-2.268993054476776e-05,0.0005047926097176969,0.0004163703415542841,TRACKING,True,1
97204967253281,0.002068816000246443,0.00036850429328004865,-2.410035696948784e-05,-0.00022379632257304673,0.0005184849063304107,-0.00010215844432539032,-2.268993054476776e-05,0.00022509024711325765,0.0003685042611323297,TRACKING,True,1
97204969322014,0.002068947011139244,0.0003719830423723145,-5.974216167145535e-06,-0.00018721196234616373,0.000559859566301026,-0.00010215844432539032,-2.268993054476776e-05,0.0001873072615126148,0.0003719830128829926,TRACKING,True,1
97204971408375,0.0020871249871561304,0.00030755659303041867,-0.00010592188671968131,-0.0003082293693806277,0.000601586786271391,-0.00010215844432539032,-2.268993054476776e-05,0.00032592142815701663,0.0003075565618928522,TRACKING,True,1
97204973495335,0.0020868190040346235,0.00044057869134200465,-0.00031986563432535105,-0.00041218824226639127,0.0006433259862417475,-0.00010215844432539032,-2.268993054476776e-05,0.0005217405268922448,0.000440578704001382,TRACKING,True,1
97204975631426,0.002135286995326169,0.0008119789400971764,-0.000257093668686391,-0.00028488737878151424,0.000686047806211406,-0.00010215844432539032,-2.268993054476776e-05,0.0003837420663330704,0.0008119789999909699,TRACKING,True,1
97204977719030,0.002088470006128773,0.0008890545306881436,-0.00028521914334328133,-0.0002357454760049037,0.0007277998861817532,-0.00010215844432539032,-2.268993054476776e-05,0.0003700349770952016,0.0008890545577742159,TRACKING,True,1
97204979806401,0.002087037995806895,0.0009376082395659319,-0.00017217651347224423,-0.0003774028054847696,0.0007695473061521039,-0.00010215844432539032,-2.268993054476776e-05,0.00041482242522761226,0.0009376081870868802,TRACKING,True,1
97204981876016,0.0020690480014309287,0.0010597437604034214,-0.0002619671725841984,-0.000448824698775523,0.0008109396061227066,-0.00010215844432539032,-2.268993054476776e-05,0.0005196830024942756,0.0010597438085824251,TRACKING,True,1
97204983945084,0.0020692640100605786,0.0008308550180609483,-0.0002822115935337199,4.254380051078367e-06,0.000852320966093317,-0.00010215844432539032,-2.268993054476776e-05,0.0002822436799760908,0.0008308551041409373,TRACKING,True,1
97204986043104,0.0020987209863960743,0.0006484523908224212,-0.0001927902131473041,-0.000404597052437513,0.0008942813660635165,-0.00010215844432539032,-2.268993054476776e-05,0.00044818170135840774,0.0006484523182734847,TRACKING,True,1
97204988112525,0.002068604007945396,0.0007646004576502335,1.8572203739969568e-06,-0.000313654897244753,0.000935669786034122,-0.00010215844432539032,-2.268993054476776e-05,0.0003136603918392211,0.0007646004087291658,TRACKING,True,1
97204990178721,0.0020661610033130273,0.0007377311156323038,2.770875112618913e-06,-8.15361791550332e-05,0.0009769937060047733,-0.00010215844432539032,-2.268993054476776e-05,8.158324635587633e-05,0.0007377311121672392,TRACKING,True,1
97204992264764,0.002086770997266285,0.0009754149517100275,0.00032606974800478546,-2.371743009735651e-05,0.0010187145659751428,-0.00010215844432539032,-2.268993054476776e-05,0.000326931185554713,0.000975414935965091,TRACKING,True,1
97204994345864,0.002080701000522822,0.0009102921140354898,0.00014460849267066203,-3.879194216389078e-05,0.0010603365659455825,-0.00010215844432539032,-2.268993054476776e-05,0.00014972117787692696,0.0009102920303121209,TRACKING,True,1
97204996442830,0.002097663003951311,0.0010136455520753276,4.6090063780366474e-05,-2.7947911429028246e-06,0.0011022758859157967,-0.00010215844432539032,-2.268993054476776e-05,4.617471859091893e-05,0.0010136455530300736,TRACKING,True,1
97204998514756,0.0020709029922727495,0.0007657850688816319,0.00014201931642010706,-0.00011819674383206692,0.0011437144058863667,-0.00010215844432539032,-2.268993054476776e-05,0.00018477000412531197,0.0007657850510440767,TRACKING,True,1
97205000605655,0.0020916630019200966,0.0007142129476593812,0.00016806145590004537,0.00015770288895028506,0.0011855323858566671,-0.00010215844432539032,-2.268993054476776e-05,0.00023046659771353006,0.0007142128888517618,TRACKING,True,1
97205002692672,0.0020870010048383847,0.0010043143461267007,9.670786961383983e-05,-8.112895001155247e-05,0.0012272727258270228,-0.00010215844432539032,-2.268993054476776e-05,0.00012623119982890785,0.0010043143993243575,TRACKING,True,1
97205004780657,0.002087969987769611,0.0016448028530775959,0.0001838112500439443,-0.0002724374356350439,0.0012690324257973646,-0.00010215844432539032,-2.268993054476776e-05,0.000328646827256307,0.0016448028618469834,TRACKING,True,1
97205006868373,0.002087632004986517,0.0013965081790257548,9.323079280000746e-05,-0.00047169735004317466,0.0013107867457677102,-0.00010215844432539032,-2.268993054476776e-05,0.00048082260764203966,0.001396508188918233,TRACKING,True,1
97205008937024,0.0020679209992522374,0.0014272989638457272,-6.55591307591546e-05,-8.622335534446942e-05,0.0013521597657383268,-0.00010215844432539032,-2.268993054476776e-05,0.00010831651161424816,0.001427298877388239,TRACKING,True,1
97205011031084,0.0020946650038240477,0.0016085747753061244,-0.0005826598351955082,-5.750760763615622e-05,0.0013940409657085821,-0.00010215844432539032,-2.268993054476776e-05,0.0005854908959008753,0.0016085747629404068,TRACKING,True,1
97205013102345,0.0020706719951704144,0.0012642798695639453,-0.00020972693865406304,-1.5763787644677295e-05,0.0014354661856791618,-0.00010215844432539032,-2.268993054476776e-05,0.0002103185252053663,0.00126427982468158,TRACKING,True,1
97205015172978,0.0020707500079879537,0.0014576479876594979,-0.00037124945188923603,0.00031694636213775427,0.0014768788456497501,-0.00010215844432539032,-2.268993054476776e-05,0.00048814050387591124,0.0014576480025425553,TRACKING,True,1
97205017243838,0.002070771995931864,0.0018676945603502502,-0.00047465237047974074,0.0002621614839173822,0.0015182960456203351,-0.00010215844432539032,-2.268993054476776e-05,0.0005422393442131579,0.0018676944309845567,TRACKING,True,1
97205019321735,0.002078741992590949,0.0016497850545316643,-0.0003491628466021667,-7.461733886544397e-05,0.0015598539855908203,-0.00010215844432539032,-2.268993054476776e-05,0.0003570468397811055,0.001649784971959889,TRACKING,True,1
97205021394604,0.002072076007607393,0.0019925675429072675,-0.00044262281273327385,-0.00011211340816522964,0.001601311365561377,-0.00010215844432539032,-2.268993054476776e-05,0.0004566008865367621,0.00199256744235754,TRACKING,True,1
97205023479967,0.0020858570060227066,0.0019762107057733204,-0.0004432918027017463,-0.0001256785696078073,0.001643018625531756,-0.00010215844432539032,-2.268993054476776e-05,0.00046076319995336235,0.001976210391148925,TRACKING,True,1
97205025567844,0.0020881099917460233,0.001784945242394182,-0.00034909234310898535,-0.00030557589295339004,0.0016847761655020995,-0.00010215844432539032,-2.268993054476776e-05,0.0004639419203158468,0.0017849452560767531,TRACKING,True,1
97205027654567,0.0020867050043307245,0.001700487344041597,-0.0003021029749740246,-0.0002670613898280583,0.001726510625472459,-0.00010215844432539032,-2.268993054476776e-05,0.0004032219876535237,0.001700487220659852,TRACKING,True,1
97205029751951,0.0020974749932065606,0.0017524083818657396,-0.00028773778000514716,-4.259105174332005e-05,0.0017684583054426678,-0.00010215844432539032,-2.268993054476776e-05,0.00029087287839502096,0.0017524082213640213,TRACKING,True,1
97205031843176,0.0020910580060444772,0.0017310622081599134,-0.00024971899414521885,-0.00015907766816826001,0.0018102828054129636,-0.00010215844432539032,-2.268993054476776e-05,0.00029608322074636817,0.0017310620751231909,TRACKING,True,1
97205033929678,0.0020864340040134266,0.0016951441040887454,-0.0004323684526986719,-1.641861713191575e-05,0.0018520128453833264,-0.00010215844432539032,-2.268993054476776e-05,0.00043268006993457675,0.0016951441066339612,TRACKING,True,1
97205036036121,0.002105809995555319,0.001574292579162102,-0.0004542211818717494,4.580399671428047e-05,0.001894141705353406,-0.00010215844432539032,-2.268993054476776e-05,0.0004565248091239482,0.0015742925461381674,TRACKING,True,1
97205038105810,0.0020696190040325746,0.0017953109650135583,-0.00040470999233558193,-0.0003507348550615661,0.0019355354853240077,-0.00010215844432539032,-2.268993054476776e-05,0.0005355418543331325,0.0017953109927475452,TRACKING,True,1
97205040179111,0.002073519994155504,0.001955350711550775,-0.0002518693409274706,-0.0004936658762893217,0.0019770015052945583,-0.00010215844432539032,-2.268993054476776e-05,0.0005542058497667313,0.0019553506281226873,TRACKING,True,1
97205042252330,0.0020731779950438067,0.002137126626563896,-0.00032996115059972267,-0.0005327817496105012,0.00201846588526511,-0.00010215844432539032,-2.268993054476776e-05,0.0006266823620535433,0.0021371266338974237,TRACKING,True,1
97205044323265,0.002070831003948115,0.002144986530282113,-0.00028416788686337434,-0.000314185419268284,0.0020598845852356938,-0.00010215844432539032,-2.268993054476776e-05,0.00042363174725323915,0.002144986530765891,TRACKING,True,1
97205046394211,0.0020709399977931753,0.0018531352756140619,0.00011011142691997602,-0.00032152953175381885,0.002101303505206278,-0.00010215844432539032,-2.268993054476776e-05,0.0003398614062462002,0.0018531351815909147,TRACKING,True,1
97205048480765,0.0020872780005447567,0.0016931549329139623,0.0001443484843181047,-0.00028078002569977055,0.00214303458517664,-0.00010215844432539032,-2.268993054476776e-05,0.00031571174622513354,0.0016931548016145825,TRACKING,True,1
97205050566090,0.0020854269969277084,0.0019471841906017766,-9.244400956049092e-06,-0.00020055411553071686,0.0021847410851470197,-0.00010215844432539032,-2.268993054476776e-05,0.0002007670555030927,0.0019471842097118497,TRACKING,True,1
97205052652753,0.0020866590057266876,0.0021107228008826993,-0.00018227101554267602,-1.3829707684389936e-05,0.00222647434511738,-0.00010215844432539032,-2.268993054476776e-05,0.00018279491632711142,0.0021107227075845003,TRACKING,True,1
97205054756785,0.00210399400384631,0.0020997937613795007,-0.0003157326770664693,-4.209651159116139e-06,0.002268554985087494,-0.00010215844432539032,-2.268993054476776e-05,0.0003157607279717922,0.0020997938700020313,TRACKING,True,1
97205056842995,0.002085972999338992,0.0022753203981753125,-0.0002840307887996192,-0.00016999377092226606,0.0023102791850578615,-0.00010215844432539032,-2.268993054476776e-05,0.00033101567532867193,0.002275320468470454,TRACKING,True,1
97205058928564,0.0020854759932262823,0.0024349356480677813,-0.0005438446527701535,-0.000307107301574376,0.0023519905650282377,-0.00010215844432539032,-2.268993054476776e-05,0.0006245653494261205,0.0024349356535822153,TRACKING,True,1
97205061023382,0.002094354000291787,0.0024462713050493784,-0.0006373816871807726,-0.0002013069240933837,0.0023938869249984823,-0.00010215844432539032,-2.268993054476776e-05,0.0006684159743599594,0.0024462712462991476,TRACKING,True,1
97205063093701,0.0020703100017271936,0.00245120922984255,-0.00028398918936923184,-0.00030584750837434884,0.002435293304969075,-0.00010215844432539032,-2.268993054476776e-05,0.0004173638008069247,0.002451209118589759,TRACKING,True,1
97205065162442,0.002068875008262694,0.002364877371061896,-0.000160678661885607,-0.0006549713601504323,0.00247666812493969,-0.00010215844432539032,-2.268993054476776e-05,0.0006743923877365887,0.0023648771457374096,TRACKING,True,1
97205067230142,0.0020676129934145138,0.003005575518077915,-0.000270179667602693,-0.0005629979017874724,0.0025180221249103203,-0.00010215844432539032,-2.268993054476776e-05,0.0006244707037694752,0.0030055756215006113,TRACKING,True,1
97205069297449,0.0020672969985753298,0.0030222062140682813,-0.0002199615329312784,-0.0006957832372823719,0.002559368264880956,-0.00010215844432539032,-2.268993054476776e-05,0.0007297241827473044,0.00302220624871552,TRACKING,True,1
97205071406518,0.0021097370045026764,0.003005251246181125,-2.4125273394901746e-05,-0.0005379535009877977,0.0026015496448509984,-0.00010215844432539032,-2.268993054476776e-05,0.0005384942051023245,0.0030052512884140015,TRACKING,True,1
97205073500793,0.0020948799938196316,0.0028434603150838244,3.403344505311977e-05,-0.0005204862697189704,0.002643435144821251,-0.00010215844432539032,-2.268993054476776e-05,0.0005215977435000241,0.002843460300937295,TRACKING,True,1
97205075595528,0.002094918003422208,0.0028862725540944345,1.899346687363944e-05,-0.00046651846617138374,0.002685329844791497,-0.00010215844432539032,-2.268993054476776e-05,0.0004669049521908164,0.0028862725012004375,TRACKING,True,1
97205077684957,0.0020893869950668886,0.0025944970579609965,-6.823145755157905e-05,-0.00046846845730741523,0.002727118424761818,-0.00010215844432539032,-2.268993054476776e-05,0.00047341128811240196,0.0025944970548152924,TRACKING,True,1
97205079786375,0.0021013090008636937,0.0028594984932093803,-5.666066480262361e-05,-0.00016704265914168254,0.002769146784731969,-0.00010215844432539032,-2.268993054476776e-05,0.00017639070574659854,0.002859498606994748,TRACKING,True,1
97205081861351,0.0020738599996548146,0.0028862076512883254,-2.752530017557277e-05,-0.0002593625224113303,0.002810646304702496,-0.00010215844432539032,-2.268993054476776e-05,0.0002608190116006881,0.0028862073086202145,TRACKING,True,1
97205083949607,0.0020885740086669102,0.003015739099030294,0.00026893341301764413,-0.00023217212048070836,0.002852411424672834,-0.00010215844432539032,-2.268993054476776e-05,0.00035528730950318277,0.00301573914475739,TRACKING,True,1
97205086039112,0.002089176996378228,0.00288380224073514,0.00010464018538271661,-0.00024601642861766203,0.002894201524643154,-0.00010215844432539032,-2.268993054476776e-05,0.0002673455746844411,0.00288380216807127,TRACKING,True,1
97205088107021,0.0020676830026786774,0.0027942262896541695,5.326627361889519e-05,-0.00022014121836758511,0.0029355597046137813,-0.00010215844432539032,-2.268993054476776e-05,0.00022649380844086409,0.002794226398691535,TRACKING,True,1
97205090180733,0.002073847994324751,0.003142134271134033,-4.847587390805012e-06,-9.136589284492786e-05,0.0029770339445843257,-0.00010215844432539032,-2.268993054476776e-05,9.149440302280709e-05,0.0031421342864632607,TRACKING,True,1
97205092251341,0.0020705509959952906,0.003291429664014053,-9.69994167068157e-05,0.00019421775382755753,0.0030184461045549144,-0.00010215844432539032,-2.268993054476776e-05,0.0002170931111322716,0.0032914297189563513,TRACKING,True,1
97205094328406,0.0020774889999302104,0.0031131727889709255,-0.0002486486474460525,4.8644973236369564e-05,0.003059987404525411,-0.00010215844432539032,-2.268993054476776e-05,0.0002533623483031988,0.0031131727155297995,TRACKING,True,1
97205096415704,0.0020875430054729804,0.0031082802654721783,-0.00045401618948331685,1.5641448565627298e-05,0.003101733364495763,-0.00010215844432539032,-2.268993054476776e-05,0.00045428553130477667,0.0031082802452147007,TRACKING,True,1
97205098507361,0.0020915630011586472,0.002837149341240672,-7.650645379667803e-05,-1.389099679749153e-05,0.0031435665044660522,-0.00010215844432539032,-2.268993054476776e-05,7.77573004597798e-05,0.002837149193510413,TRACKING,True,1
97205100597987,0.002090698995743878,0.002865191369239833,-0.0002535839740712335,-8.813119891325558e-05,0.003185379024436357,-0.00010215844432539032,-2.268993054476776e-05,0.00026846217224374413,0.0028651913162320852,TRACKING,True,1
97205102689654,0.0020910239982185885,0.002974589196810175,-0.00039196957011253307,-0.00023330495357151037,0.0032272123644066465,-0.00010215844432539032,-2.268993054476776e-05,0.0004561483801808208,0.0029745891224592924,TRACKING,True,1
97205104777162,0.002088229011860676,0.003066353979975784,-0.00038528766882680606,1.2295636575522658e-05,0.003268962524376995,-0.00010215844432539032,-2.268993054476776e-05,0.0003854838141705841,0.003066353965550661,TRACKING,True,1
97205106936758,0.0021590139949694276,0.003382174144280132,-0.00028317262616551803,8.504359989244226e-05,0.0033121544443463196,-0.00010215844432539032,-2.268993054476776e-05,0.000295667297905311,0.003382174065336585,TRACKING,True,1
97205109035223,0.0020989649929106236,0.003149428547792752,-0.0001044457156506148,3.988294555442529e-05,0.0033541237443165126,-0.00010215844432539032,-2.268993054476776e-05,0.00011180141882505268,0.0031494286376982927,TRACKING,True,1
97205113332161,0.004296570012229495,0.0036054953904320927,0.00022281644133000794,-0.0003906379800587544,0.004106729163782005,2.3544327837181356e-12,-4.250996256394135e-13,0.0004497168119996786,0.0036054954398423433,TRACKING,True,1
97205116646678,0.0033149669907288626,0.0038812956859752786,-5.8779830366241086e-05,-0.00014364929325020237,0.004173019503734925,2.3544327837181356e-12,-4.250996256394135e-13,0.0001552101457491517,0.0038812956772744656,TRACKING,True,1
97205118744507,0.0020972970087314025,0.003786688154444313,-0.0001295050895074046,-5.608560846223157e-05,0.0042149760837051275,2.3544327837181356e-12,-4.250996256394135e-13,0.00014112818462308496,0.003786688204854727,TRACKING,True,1
97205120834831,0.0020911019964842126,0.00409177709258193,-7.106005967426182e-05,-0.0001811322713353751,0.004256782563675436,2.3544327837181356e-12,-4.250996256394135e-13,0.000194572436157614,0.004091776907444,TRACKING,True,1
97205122927164,0.002091533999191597,0.004090114252330421,0.0001138338387419551,-0.0001180340813104242,0.004298629223645716,2.3544327837181356e-12,-4.250996256394135e-13,0.0001639822730794549,0.004090114030987024,TRACKING,True,1
97205125030834,0.002104277999023907,0.0038984534437665297,0.00022503086942475374,-7.84817266226358e-07,0.004340702623615835,2.3544327837181356e-12,-4.250996256394135e-13,0.00022503224317915738,0.0038984534330666065,TRACKING,True,1
97205127099091,0.002067463006824255,0.004255684925071871,8.159892089571789e-05,0.0001493996876846111,0.004382067763586457,2.3544327837181356e-12,-4.250996256394135e-13,0.0001702311565168202,0.004255685023963451,TRACKING,True,1
97205129164213,0.002064993997919373,0.004147729862731417,0.00015454180341945576,5.853332865073314e-06,0.004423370203557124,2.3544327837181356e-12,-4.250996256394135e-13,0.0001546526182210073,0.004147729836404324,TRACKING,True,1
97205131228123,0.0020639619906432927,0.004408997830317433,0.00028059864805501087,-0.00013091766862005934,0.004464648403527807,2.3544327837181356e-12,-4.250996256394135e-13,0.00030963693279772997,0.0044089979492127895,TRACKING,True,1
97205133290347,0.002062081010080874,0.0044594372981941735,0.00018563464368178342,0.0001316187516723913,0.004505892883498515,2.3544327837181356e-12,-4.250996256394135e-13,0.000227560376515612,0.004459437448531389,TRACKING,True,1
97205135376592,0.002086962995235808,0.004645320493643284,-0.00010413026965224391,0.00016691425470667916,0.004547617783468882,2.3544327837181356e-12,-4.250996256394135e-13,0.00019673199858516455,0.00464532058686018,TRACKING,True,1
97205137454510,0.0020782159990631044,0.004785763861724864,0.00031793011482953283,-0.00019901893863518796,0.004589176143439367,2.3544327837181356e-12,-4.250996256394135e-13,0.00037508411332964897,0.004785764031112194,TRACKING,True,1
97205139543163,0.0020888760045636445,0.00465784104337067,0.00044499007091992426,-0.0003748537756621495,0.004630949203409699,2.3544327837181356e-12,-4.250996256394135e-13,0.0005818346398882568,0.004657840821892023,TRACKING,True,1
97205141644680,0.0021013319928897545,0.0044702854240298955,0.00037809296811730975,-5.612148495794437e-05,0.004672979543379849,2.3544327837181356e-12,-4.250996256394135e-13,0.00038223539013415575,0.00447028549388051,TRACKING,True,1
97205143718033,0.0020726700022350997,0.004461324656805054,0.00033935730625186267,-1.549204934375179e-05,0.004714446603350398,2.3544327837181356e-12,-4.250996256394135e-13,0.0003397107357159257,0.0044613247737288475,TRACKING,True,1
97205145805083,0.002087486005621031,0.004868166521398193,0.0002160476856603303,0.00016931950723502077,0.004756187603320754,2.3544327837181356e-12,-4.250996256394135e-13,0.0002744917292147875,0.004868166521191597,TRACKING,True,1
97205147894007,0.0020889799925498664,0.004704005988153907,0.00010360963374153491,9.034072143688672e-05,0.004797966083291082,2.3544327837181356e-12,-4.250996256394135e-13,0.00013746418699156493,0.004704006016254425,TRACKING,True,1
97205149962716,0.0020679669978562742,0.004984655351104275,0.00017040661561380945,-7.937099408441585e-05,0.004839340263261698,2.3544327837181356e-12,-4.250996256394135e-13,0.00018798449309542775,0.004984655417501926,TRACKING,True,1
97205152043880,0.0020824710081797093,0.005096577843896544,0.00024797753085535384,-7.193602090645732e-05,0.004880963543232137,2.3544327837181356e-12,-4.250996256394135e-13,0.0002582007728051394,0.005096578039228916,TRACKING,True,1
97205154112414,0.002067259993054904,0.005012495952493329,0.00012252052673255619,-0.0003548350346712286,0.0049223342232027545,2.3544327837181356e-12,-4.250996256394135e-13,0.0003753920318558812,0.005012495908886194,TRACKING,True,1
97205156178516,0.00206605700077489,0.005054463788521922,0.00011985687260240133,-0.00038563595579750966,0.004963656263173407,2.3544327837181356e-12,-4.250996256394135e-13,0.0004038326151203364,0.005054463632404804,TRACKING,True,1
97205158247082,0.002068757006782107,0.005196806065005169,-0.00017385978647986583,-0.00034839078867496265,0.005005027583144025,2.3544327837181356e-12,-4.250996256394135e-13,0.00038936277269385755,0.005196806043386459,TRACKING,True,1
97205160316353,0.002069140988169238,0.0050818007151025545,0.0002480808315783673,-0.0005147130989925697,0.005046413003114632,2.3544327837181356e-12,-4.250996256394135e-13,0.0005713787395507097,0.005081800743937492,TRACKING,True,1
97205162402392,0.0020866270060651004,0.005211464077801992,0.00032894552628501435,-0.0002623659218147493,0.005088133783085002,2.3544327837181356e-12,-4.250996256394135e-13,0.00042076242971234024,0.005211464129388332,TRACKING,True,1
97205164488628,0.0020862020028289407,0.005422059648271631,2.7645651354111893e-05,-0.0005831248703523858,0.005129858503055369,2.3544327837181356e-12,-4.250996256394135e-13,0.000583779823500663,0.0054220594465732574,TRACKING,True,1
97205166573040,0.00208447000477463,0.00549676836908343,-0.00020072535219844937,-0.00043412120223015714,0.0051715467430257615,2.3544327837181356e-12,-4.250996256394135e-13,0.00047828012611716986,0.005496768280863762,TRACKING,True,1
97205168657696,0.0020848519925493747,0.005206384908578028,6.0948184686863445e-05,-0.0001221565822913929,0.005213239862996151,2.3544327837181356e-12,-4.250996256394135e-13,0.00013651707558892667,0.0052063846960663795,TRACKING,True,1
97205170748095,0.0020906040008412674,0.00511835420668927,0.00020182739244930842,-5.703163581163932e-05,0.0052550478429664585,2.3544327837181356e-12,-4.250996256394135e-13,0.00020973055507056415,0.005118354223668575,TRACKING,True,1
97205172820788,0.002071775001240894,0.005182151695145702,0.00013863411204816215,-7.405938194826513e-05,0.005296501702937017,2.3544327837181356e-12,-4.250996256394135e-13,0.00015717573114670813,0.005182151682674885,TRACKING,True,1
97205174912864,0.0020920349925290793,0.005375027630124316,0.00014400250808510077,-0.00011160850084606915,0.005338343222907301,2.3544327837181356e-12,-4.250996256394135e-13,0.00018218996410723776,0.005375027656555176,TRACKING,True,1
97205176983809,0.0020711090037366375,0.005584643433798834,-1.985553525390426e-05,-2.018845634225041e-05,0.005379762122877885,2.3544327837181356e-12,-4.250996256394135e-13,2.8316355383140035e-05,0.005584643222391605,TRACKING,True,1
97205179041732,0.0020585339952958748,0.00562788739773149,0.000254362330583371,-0.00010532555947601113,0.005420920582848654,2.3544327837181356e-12,-4.250996256394135e-13,0.00027530649094842374,0.005627887323498726,TRACKING,True,1
97205181113585,0.0020709530072053894,0.005910186551372738,0.00019392644265434262,-0.00010342434152264849,0.005462357642819225,2.3544327837181356e-12,-4.250996256394135e-13,0.0002197818539571017,0.005910186562687159,TRACKING,True,1
97205183185552,0.0020721519977087155,0.005667865180026041,0.00022956862954442346,-5.812064096799098e-05,0.005503796982789794,2.3544327837181356e-12,-4.250996256394135e-13,0.00023681165475863963,0.00566786527633667,TRACKING,True,1
97205185257403,0.00207178300479427,0.005449015432596942,-5.856927947322816e-05,-0.0001387138910515391,0.005545234002760365,2.3544327837181356e-12,-4.250996256394135e-13,0.00015057192649692297,0.005449015647172928,TRACKING,True,1
97205187327023,0.0020695599960163236,0.005401014412989538,0.00015898108187165178,0.0001599113399993447,0.005586626402730967,2.3544327837181356e-12,-4.250996256394135e-13,0.0002254919527331367,0.0054010143503546715,TRACKING,True,1
97205189414263,0.002087877001031302,0.00566537930660191,0.0001657070562663916,2.4309073277694026e-05,0.00562837120270132,2.3544327837181356e-12,-4.250996256394135e-13,0.00016748062625993043,0.005665379110723734,TRACKING,True,1
97205191551255,0.0021369869937188923,0.005702671300824705,0.0002655880203690576,0.0004015149639771883,0.005671111042670966,2.3544327837181356e-12,-4.250996256394135e-13,0.0004814054991584271,0.005702671129256487,TRACKING,True,1
97205199028649,0.007476848011719994,0.005936366749917157,0.000118354098317513,0.00026393151453340207,0.005820658922564756,2.3544327837181356e-12,-4.250996256394135e-13,0.00028925342485308647,0.005936366971582174,TRACKING,True,1
97205201101689,0.0020733409910462797,0.006089910034136214,-6.715191332778089e-05,0.0001353387742523749,0.006528786382061837,-5.421010862427522e-20,0.0,0.00015108264051377773,0.0060899099335074425,TRACKING,True,1
97205206193567,0.005091765997349285,0.006348164481771922,0.0002886452306289998,9.56757744863277e-05,0.006630623941989511,-5.421010862427522e-20,0.0,0.0003040886658709496,0.006348164286464453,TRACKING,True,1
97205208274887,0.002081705999444239,0.006739440966247188,0.0005045335987286506,7.508281410964918e-05,0.006672250341959948,-5.421010862427522e-20,0.0,0.0005100897396914661,0.006739440839737654,TRACKING,True,1
97205210369075,0.0020943130075465888,0.007050902927515401,0.0004522041046274284,-2.8124163372342622e-05,0.006714134101930201,-5.421010862427522e-20,0.0,0.00045307783875614405,0.007050903048366308,TRACKING,True,1
97205212480130,0.002110963992890902,0.007022436961723586,0.00029314960629712083,-6.0764797800369634e-05,0.006756355201900216,-5.421010862427522e-20,0.0,0.00029938112129457295,0.007022437173873186,TRACKING,True,1
97205214576861,0.002096415002597496,0.006935066530556996,0.00021308867455821392,3.9130636066725535e-05,0.006798289821870433,-5.421010862427522e-20,0.0,0.00021665176609531045,0.006935066543519497,TRACKING,True,1
97205216670892,0.0020942390110576525,0.006769621864566365,0.00013387595558723048,-0.00025144383315074795,0.006840170441840689,-5.421010862427522e-20,0.0,0.0002848627045750618,0.00676962174475193,TRACKING,True,1
97205219570373,0.002898967999499291,0.006891970874644596,0.00019779082693008914,-0.00013221250622506988,0.006898160061799504,-5.421010862427522e-20,0.0,0.00023791039711795747,0.006891970988363028,TRACKING,True,1
97205222533720,0.0029636939871124923,0.007237982527413788,0.00023270354324675917,-0.0002059676353849051,0.007624093661283939,0.0,0.0,0.00031076293089427054,0.0072379824705421925,TRACKING,True,1
97205226931197,0.004397275013616309,0.007396553693037776,0.00024078473903920672,4.8838446837850354e-05,0.007712043201221476,0.0,0.0,0.00024568778462707996,0.00739655364304781,TRACKING,True,1
97205229033651,0.0021027359907748178,0.0076282371681009,0.000616022568949697,1.4213083789069556e-05,0.007754092281191613,0.0,0.0,0.0006161865312606096,0.00762823736295104,TRACKING,True,1
97205231108261,0.0020745119982166216,0.007901322008094973,0.0006237215228336968,-1.5686251338806286e-05,0.007795584481162144,0.0,0.0,0.0006239187205210328,0.007901322096586227,TRACKING,True,1
97205233183752,0.0020753800054080784,0.0077615687388549,0.00018483082370852357,1.8776757183123826e-05,0.007837094301132663,0.0,0.0,0.00018578211893327534,0.007761568762362003,TRACKING,True,1
97205235273347,0.0020896229980280623,0.008036681950153546,0.00016671495965409248,4.280997470611663e-05,0.007878886201102983,0.0,0.0,0.00017212372040376067,0.00803668238222599,TRACKING,True,1
97205237360498,0.002087610002490692,0.007958267750393723,0.00020751921309454887,-0.0003600481423047151,0.007920629221073337,0.0,0.0,0.00041557056829333305,0.00795826781541109,TRACKING,True,1
97205239447959,0.002087275992380455,0.008033679233458367,0.00013715948566354023,-0.00047985181003599504,0.007962378441043687,0.0,0.0,0.0004990696324966848,0.008033678866922855,TRACKING,True,1
97205241534190,0.0020863560057478026,0.008449008949355826,-0.00016441452258069116,-0.0005036639961641492,0.008004103061014053,0.0,0.0,0.0005298203323036432,0.00844900868833065,TRACKING,True,1
97205243620020,0.002085943997371942,0.008118795421981566,9.454274561465224e-05,-0.00048461270267202526,0.008045819660984426,0.0,0.0,0.0004937487537972629,0.008118795230984688,TRACKING,True,1
97205245706178,0.002085918007651344,0.00826045751895734,0.0001660038199705969,-0.00026447890785843156,0.008087542820954793,0.0,0.0,0.00031226009014062583,0.008260457776486874,TRACKING,True,1
97205247790085,0.0020841999939875677,0.00800832121077956,-5.414339007420551e-06,0.00013278505805104456,0.008129220960925193,0.0,0.0,0.00013289540947880596,0.008008320815861225,TRACKING,True,1
97205249879071,0.00208906400075648,0.007864526470206981,-0.00015516245138040403,5.529393621690512e-05,0.00817100068089552,0.0,0.0,0.00016472037532366812,0.007864526472985744,TRACKING,True,1
97205251965806,0.0020862350065726787,0.008167451162796938,-5.50577339095773e-05,0.00016933791682726074,0.00821273538086588,0.0,0.0,0.00017806371033657342,0.008167451247572899,TRACKING,True,1
97205254036615,0.0020709289965452626,0.008036867360551207,0.0001347018601255228,0.00021118415217262552,0.008254151560836465,0.0,0.0,0.00025048619136214256,0.008036867715418339,TRACKING,True,1
97205256106715,0.002069444992230274,0.007872410683274567,0.0003642329879153697,0.0005500955714004951,0.008295553560807063,0.0,0.0,0.0006597505416721106,0.007872411049902439,TRACKING,True,1
97205258183838,0.002077238998026587,0.007931309307798092,0.00024276328228004952,0.0006055042320526169,0.008337096020777559,0.0,0.0,0.0006523567717522383,0.007931309752166271,TRACKING,True,1
97205260253355,0.002069524009129964,0.007854882083504728,-0.0002055311045540703,0.00015321683729853055,0.008378486360748163,0.0,0.0,0.0002563560556154698,0.007854881696403027,TRACKING,True,1
97205262329155,0.002076324002700858,0.007986207775302644,-0.0002376454645719653,0.0002077617233899275,0.008420002360718678,0.0,0.0,0.00031565851531922817,0.007986207492649555,TRACKING,True,1
97205264421796,0.0020929629972670227,0.008236728744642027,-0.0003791065524046391,0.0002355243865925888,0.008461855180688954,0.0,0.0,0.0004463110235519707,0.008236728608608246,TRACKING,True,1
97205266522232,0.0021001519926358014,0.008703156460875135,-2.7594711248925296e-05,0.0003300420869512532,0.008503863900659119,0.0,0.0,0.0003311936743557453,0.008703156374394894,TRACKING,True,1
97205268614522,0.002092638998874463,0.008681827663642174,0.00015933355280820552,3.6396246233301444e-05,0.0085457097006294,0.0,0.0,0.00016343765310011804,0.00868182722479105,TRACKING,True,1
97205270705142,0.0020903570111840963,0.00881538050301933,8.544700377504053e-05,0.00022755034739401284,0.008587522100599704,0.0,0.0,0.00024306451086886227,0.008815380744636059,TRACKING,True,1
97205272780019,0.0020746389927808195,0.00886433061468726,-0.00014343230451642171,0.00016868334064151674,0.008629019640570232,0.0,0.0,0.00022142018133308738,0.008864331059157848,TRACKING,True,1
97205274876197,0.002096173004247248,0.009046872589633713,-0.0002974117409128989,6.547541871015266e-06,0.008670943200540458,0.0,0.0,0.000297483813483268,0.009046872146427631,TRACKING,True,1
97205276977342,0.0021019029954914004,0.00881944790155136,-0.0004625166131357421,0.00017767102504532905,0.008712966100510613,0.0,0.0,0.0004954680916853249,0.008819447830319405,TRACKING,True,1
97205279024902,0.0020467440044740215,0.009064511893704559,-0.0001529993911107472,0.00015741453579788843,0.008753917300481528,0.0,0.0,0.00021951799863018095,0.009064512327313423,TRACKING,True,1
97205281098317,0.0020734499994432554,0.008989938241974768,-5.583807972253729e-05,-3.186040911830641e-05,0.008795385600452078,0.0,0.0,6.42882296233438e-05,0.008989938534796238,TRACKING,True,1
97205283203281,0.0021052090014563873,0.009128299592881669,0.00015237999939571038,0.00014780763971566818,0.008837484880422177,0.0,0.0,0.00021228933474048972,0.009128299541771412,TRACKING,True,1
97205285289116,0.0020855119946645573,0.008974197550477106,0.00011100568779610234,6.436492797659644e-05,0.00887920158039255,0.0,0.0,0.0001283164310734719,0.008974197320640087,TRACKING,True,1
97205287383211,0.0020949460013071075,0.009309969880354598,0.00010278674594689643,-0.0002997077828207212,0.008921083480362805,0.0,0.0,0.0003168435941915959,0.00930996984243393,TRACKING,True,1
97205289459924,0.0020759070030180737,0.009288782649730843,0.0004055495419419786,-6.884359048525565e-05,0.008962617740333308,0.0,0.0,0.00041135126957669854,0.009288782253861427,TRACKING,True,1
97205291551301,0.0020924720010953024,0.009377159895370876,0.0002658190788045508,-0.0004013086460645871,0.009004445280303601,0.0,0.0,0.0004813609994016588,0.009377160109579563,TRACKING,True,1
97205293651928,0.0020994859951315448,0.008962306042734935,-5.5765216430739154e-05,-0.00028094401480619434,0.009046457820273763,0.0,0.0,0.0002864250272978097,0.008962306194007397,TRACKING,True,1
97205295742085,0.002090509995468892,0.009094607458017377,8.798751481367046e-05,-0.0002423447822044829,0.009088260960244074,0.0,0.0,0.0002578232088126242,0.009094607084989548,TRACKING,True,1
97205297876644,0.0021348560112528503,0.00931180195208585,4.923983372013478e-06,-0.0002834183330474913,0.009130952140213755,0.0,0.0,0.00028346109320409596,0.009311801753938198,TRACKING,True,1
97205299963129,0.002085831991280429,0.00944705327224025,-0.0001631752433679535,-0.0006759754379924354,0.009172681840184119,0.0,0.0,0.0006953912670724094,0.009447053074836731,TRACKING,True,1
97205302040177,0.0020772319985553622,0.009202943788202514,-8.86054168980934e-05,-0.0009913599510019237,0.009214222800154616,0.0,0.0,0.0009953116532415152,0.009202944114804268,TRACKING,True,1
97205304138044,0.0020988360047340393,0.009188429782607956,-0.00011784181004209547,-0.0008946179684092698,0.009256180140124817,0.0,0.0,0.0009023458696901798,0.009188429452478886,TRACKING,True,1
97205306267005,0.002128502994310111,0.008990826477520723,-0.00016017372052324922,-0.000673485253497175,0.009298759360094576,0.0,0.0,0.0006922702305018902,0.008990826085209846,TRACKING,True,1
97205308357077,0.0020901080133626238,0.009374949636054019,-3.5901571422647556e-05,-0.0007185255517565339,0.009340560800064889,0.0,0.0,0.0007194219506345689,0.00937495008111,TRACKING,True,1
97205310432589,0.0020747539965668693,0.009253887895583046,0.00010357475424677323,-0.00011866303226096742,0.009382071040035408,0.0,0.0,0.00015750760212540627,0.009253887459635735,TRACKING,True,1
97205312516696,0.0020843539969064295,0.00941555968809764,0.00012175218999659113,0.00025989442566961196,0.009423753180005805,0.0,0.0,0.00028699947870336473,0.009415559470653534,TRACKING,True,1
97205314608253,0.002092401002300903,0.009460281853239346,2.1341731968889957e-05,-8.92112102658443e-05,0.009465584319976095,0.0,0.0,9.172845602734014e-05,0.00946028158068657,TRACKING,True,1
97205316683221,0.0020739710016641766,0.009415164907268271,0.00040675152872831244,-0.00031475920961280255,0.009507083679946623,0.0,0.0,0.0005143152666278183,0.009415164589881897,TRACKING,True,1
97205318765685,0.0020825319952564314,0.009495899075021377,5.4928832023201516e-06,-0.00017918972377636163,0.009548732959917042,0.0,0.0,0.0001792738912627101,0.009495899081230164,TRACKING,True,1
97205320867210,0.0021024860034231097,0.009721210540128625,-4.1409839562671035e-05,1.6627939184465592e-05,0.009590763459887193,0.0,0.0,4.462357173906639e-05,0.009721210226416588,TRACKING,True,1
97205322956551,0.0020892829925287515,0.009850583112300953,5.336814714636608e-05,0.00032052850974510116,0.009632550279857514,0.0,0.0,0.00032494106562808156,0.009850583039224148,TRACKING,True,1
97205325044864,0.0020873500034213066,0.009959025754711325,-2.1759044718612452e-05,8.217638857714233e-05,0.009674316539827851,0.0,0.0,8.500832336721942e-05,0.0099590253084898,TRACKING,True,1
97205327113888,0.0020688359945779666,0.00974980147093781,7.119482699015795e-05,-6.214102575840242e-06,0.009715697019798464,0.0,0.0,7.146550342440605e-05,0.009749801829457283,TRACKING,True,1
97205329182246,0.002068150002742186,0.010276510054855355,0.0003778851391694484,-4.3191172135602444e-05,0.009757064179769084,0.0,0.0,0.0003803454455919564,0.010276510380208492,TRACKING,True,1
97205331255347,0.0020733300043502823,0.010076487301040058,0.0005471580919742484,-0.00036858326010925474,0.009798526199739636,0.0,0.0,0.0006597238825634122,0.010076487436890602,TRACKING,True,1
97205333324879,0.002069531998131424,0.009940811607522918,0.0005221183733382894,-0.0004018127816998778,0.009839916839710241,0.0,0.0,0.0006588331307284534,0.009940811432898045,TRACKING,True,1
97205335414361,0.002090847003273666,0.009864133200028638,0.0002707271210617235,-0.00013882299902650083,0.009881706479680561,0.0,0.0,0.0003042449534405023,0.009864132851362228,TRACKING,True,1
97205337491757,0.002075990996672772,0.009940838012685447,0.0002455530448362372,1.8096340316764756e-05,0.009923254399651055,0.0,0.0,0.0002462189586367458,0.009940838441252708,TRACKING,True,1
97205339586972,0.0020950860052835196,0.009985609338082282,0.0003574478716994434,-0.00012054800375675104,0.009965158699621293,0.0,0.0,0.00037722778506577015,0.009985608980059624,TRACKING,True,1
97205341677875,0.002091973990900442,0.00976434175495801,-9.259957081925619e-05,-0.0003707319067421574,0.010006976759591594,0.0,0.0,0.0003821214777417481,0.00976434163749218,TRACKING,True,1
97205343754452,0.0020757390011567622,0.00979727131185156,0.0001258907399861509,-0.00020683427187881588,0.010048508299562097,0.0,0.0,0.00024213404685724527,0.009797271341085434,TRACKING,True,1
97205345846492,0.0020930230093654245,0.009824699377531186,-0.00011339172487319203,-0.00022871071438464998,0.01009034909953238,0.0,0.0,0.00025527685647830367,0.009824699722230434,TRACKING,True,1
97205347936109,0.002089235989842564,0.009892476924585001,-0.00017571721534292414,-0.0004060439245153806,0.0101321414395027,0.0,0.0,0.00044243442243896425,0.009892476722598076,TRACKING,True,1
97205350037094,0.0021002700086683035,0.009937975226711167,7.021198449899682e-05,-0.0006539236383768744,0.010174161139472858,0.0,0.0,0.0006576821906492114,0.00993797555565834,TRACKING,True,1
97205352113270,0.002076324002700858,0.01002453400362677,-0.0003390903711482056,-0.00038695200054950297,0.010215684659443367,0.0,0.0,0.0005145037430338562,0.010024533607065678,TRACKING,True,1
97205354182784,0.0020693409896921366,0.010003303550050434,-0.000595285123992228,-0.00023050902387398644,0.010257074939413972,0.0,0.0,0.0006383563159033656,0.010003303177654743,TRACKING,True,1
97205356256432,0.0020737010054290295,0.010467962998120134,-0.00036314399808315715,6.160789894962628e-05,0.010298547899384516,0.0,0.0,0.00036833286867477,0.01046796329319477,TRACKING,True,1
97205358327828,0.0020712650002678856,0.010439670029946994,-0.0006236758382182591,0.00012776805843002417,0.010339975819355094,0.0,0.0,0.0006366287707351148,0.010439669713377953,TRACKING,True,1
97205360415299,0.0020879660005448386,0.01037380186046759,-0.0006651864782443156,0.000223404297651428,0.010381725239325445,0.0,0.0,0.0007016997551545501,0.010373801924288273,TRACKING,True,1
97205362507015,0.0020919770031468943,0.010473901383421212,-0.0005225845836713528,0.00029980972208630514,0.010423559559295732,0.0,0.0,0.000602478627115488,0.010473901405930519,TRACKING,True,1
97205364578704,0.002070956994430162,0.010343589389952388,-0.00021990273636096093,2.2106827231374744e-05,0.010464993339266305,0.0,0.0,0.00022101114154793322,0.010343589819967747,TRACKING,True,1
97205366651197,0.0020727920054923743,0.010528808600586822,-0.00034075927712266693,0.00028283343021713364,0.010506443199236867,0.0,0.0,0.0004428449319675565,0.01052880845963955,TRACKING,True,1
97205368747850,0.0020970679906895384,0.01061215365005307,3.9390558916762794e-05,3.2546147647514e-05,0.010548376259207086,0.0,0.0,5.109664925839752e-05,0.010612153448164463,TRACKING,True,1
97205370844026,0.002096757001709193,0.01054869717431464,0.00017617629502239394,-0.00047512459416377607,0.010590299779177312,0.0,0.0,0.0005067361053079367,0.010548696853220463,TRACKING,True,1
97205372924754,0.0020797190081793815,0.010416171391125972,0.00029890808962295984,-0.00022125658873005757,0.010631914339147756,0.0,0.0,0.0003718877851497382,0.01041617151349783,TRACKING,True,1
97205375014551,0.002089831992634572,0.010715582978199197,0.00013508855090305728,-4.0482288211604074e-05,0.010673710279118074,0.0,0.0,0.00014102387649472803,0.010715583339333534,TRACKING,True,1
97205377082681,0.002067776003968902,0.010613718464126547,-0.0001618925106064338,-0.0003324720195427381,0.010715072879088697,0.0,0.0,0.0003697929496411234,0.010613718070089817,TRACKING,True,1
97205379156515,0.0020741710031870753,0.010595552667713323,-0.00020380639912816477,-0.00032740059842240217,0.01075654955905924,0.0,0.0,0.0003856529656331986,0.010595552623271942,TRACKING,True,1
97205381226803,0.002069832000415772,0.010057399902386877,-0.0004925251841397155,-0.00030666670471087145,0.010797955319029834,0.0,0.0,0.0005801944062113762,0.010057399980723858,TRACKING,True,1
97205383294796,0.002068012996460311,0.01041965949332689,-0.00042135678227270176,-0.0003555329814303506,0.010839315179000459,0.0,0.0,0.0005513122887350619,0.010419659316539764,TRACKING,True,1
97205385370845,0.0020764840010087937,0.010198235697048691,9.394055796600292e-05,-0.0004273777993182259,0.01088083615897097,0.0,0.0,0.00043758039828389883,0.010198235511779785,TRACKING,True,1
97205387462415,0.0020921679970342666,0.010792049664244536,0.0003413882961261236,-0.00022514512110488803,0.010922667558941262,0.0,0.0,0.0004089453723281622,0.010792049579322338,TRACKING,True,1
97205389554048,0.002091564005240798,0.01078066022895017,0.00024220499048357885,-0.00035306658462670607,0.01096450021891155,0.0,0.0,0.0004281579749658704,0.010780660435557365,TRACKING,True,1
97205394250119,0.0046952759876148775,0.01095763011234624,0.0001552158409520988,-0.0001308580918901707,0.011058421638844847,0.0,0.0,0.00020301673794165254,0.010957630351185799,TRACKING,True,1
97205398434453,0.004184203004115261,0.01122583024879731,0.00041178057946965097,-0.00015444886318388064,0.011142108318785413,0.0,0.0,0.00043979278416372836,0.01122582983225584,TRACKING,True,1
97205400506447,0.0020724899950437248,0.01142954930842457,0.00012055213233461392,-0.0002609998733636881,0.011183548198755982,0.0,0.0,0.0002874956408049911,0.01142954919487238,TRACKING,True,1
97205402614108,0.002108669010340236,0.011275353755640462,-0.00010069022513870973,9.169662928221276e-06,0.011225701418726045,0.0,0.0,0.00010110689618159086,0.011275353841483593,TRACKING,True,1
97205404722193,0.0021078709978610277,0.011469801540312997,0.00016438650637620663,9.697931439498812e-07,0.011267863118696101,0.0,0.0,0.00016438936290796846,0.011469801887869835,TRACKING,True,1
97205406795605,0.0020722500048577785,0.011492259866487348,3.188201571089949e-07,-0.00020754007127435372,0.011309331358666649,0.0,0.0,0.0002075403172057122,0.011492259800434113,TRACKING,True,1
97205408891580,0.0021060389990452677,0.011552843781681142,4.7933111117596315e-05,-0.0003334026144457121,0.011351250858636877,0.0,0.0,0.0003368306497577578,0.011552844196557999,TRACKING,True,1
97205410991503,0.0020905900018988177,0.011631723725179786,-0.00028443360186993947,-0.00024661050660821504,0.01139324931860705,0.0,0.0,0.0003764561261050403,0.011631723493337631,TRACKING,True,1
97205413035766,0.002044312990619801,0.011477490560473423,-0.0002788063407312919,-0.000354206650456276,0.011434134578578012,0.0,0.0,0.0004507719131652266,0.01147749088704586,TRACKING,True,1
97205415103375,0.0020665750053012744,0.011679077652836977,-7.745693055129745e-05,-1.398367250157311e-05,0.011475486758548644,0.0,0.0,7.870907575124875e-05,0.01167907752096653,TRACKING,True,1
97205417172202,0.0020689179946202785,0.011674844071554067,-0.0002847636152752734,-7.773104746899699e-05,0.011516863298519258,0.0,0.0,0.0002951820206362754,0.011674843728542328,TRACKING,True,1
97205419241592,0.002069337002467364,0.01144827454490022,-0.000102789081780151,0.00016618813867309956,0.011558251098489864,0.0,0.0,0.00019540751236490905,0.011448274366557598,TRACKING,True,1
97205421307735,0.0020661150047089905,0.011589835796292854,-0.00017724407006495987,3.711489550262446e-05,0.011599573958460516,0.0,0.0,0.00018108831136487424,0.01158983539789915,TRACKING,True,1
97205423396200,0.002089343994157389,0.011672946740783978,-0.0003780691313631185,4.778564055665831e-05,0.011641343258430852,0.0,0.0,0.00038107705768197775,0.011672946624457836,TRACKING,True,1
97205425482228,0.002085668995277956,0.011739957496226108,-0.000344447537010256,-4.801408608865808e-05,0.01168306381840122,0.0,0.0,0.0003477778809610754,0.011739957146346569,TRACKING,True,1
97205427565635,0.0020836990006500855,0.011792519784398586,-0.0003730557077591123,-0.0001828521763493028,0.011724731958371627,0.0,0.0,0.00041545816930010915,0.011792520061135292,TRACKING,True,1
97205429651152,0.0020854800095548853,0.011950588059147603,-0.00020338020633389482,0.0001817332191985905,0.011766442298342004,0.0,0.0,0.00027274616877548397,0.01195058785378933,TRACKING,True,1
97205431741248,0.0020904499979224056,0.011747864449135335,-0.0004562793022656708,0.00028213916770969535,0.011808244218312317,0.0,0.0,0.0005364636890590191,0.011747864075005054,TRACKING,True,1
97205433829239,0.0020876049966318533,0.011983271367271214,-0.0004310611271768397,-8.872505216373617e-05,0.011850004038282659,0.0,0.0,0.0004400975303724408,0.011983271688222885,TRACKING,True,1
97205435916772,0.002087651999318041,0.011967640879527197,-0.0005982010416276239,-0.0001238549181810892,0.011891754698253007,0.0,0.0,0.000610888353548944,0.011967641301453114,TRACKING,True,1
97205438015383,0.002097888005664572,0.011586620509672237,-0.0004329166426223937,-0.0004680948381719966,0.011933726918223198,0.0,0.0,0.0006375967641361058,0.011586620472371578,TRACKING,True,1
97205440084124,0.0020686420029960573,0.0117074419218522,-1.0554568071533032e-05,-0.00035497690018856964,0.011975101738193814,0.0,0.0,0.00035513375769369304,0.011707441881299019,TRACKING,True,1
97205442154832,0.002070699993055314,0.011981015830793479,-0.00012963995035532644,-0.0003956854949844086,0.0120165158981644,0.0,0.0,0.00041638145921751857,0.011981016024947166,TRACKING,True,1
97205444235488,0.0020806209940928966,0.011761731308031986,9.703290161678396e-05,-0.00027173741376254726,0.012058129018134847,0.0,0.0,0.00028854221454821527,0.011761731468141079,TRACKING,True,1
97205446320590,0.002085680011077784,0.012198543308911656,-0.0001585356862237578,-0.00022253383237899675,0.012099831058105229,0.0,0.0,0.00027323042741045356,0.012198543176054955,TRACKING,True,1
97205448409850,0.0020892899919999763,0.012214781935642136,0.00014451264222771663,0.00017756114467320556,0.012141616258075553,0.0,0.0,0.00022893637651577592,0.01221478171646595,TRACKING,True,1
97205450497416,0.002087683998979628,0.012108269148086524,-0.00012091620325892206,-0.0002082796904300753,0.0121833675780459,0.0,0.0,0.00024083428434096277,0.012108269147574902,TRACKING,True,1
97205452564121,0.0020658889989135787,0.012412619230443563,-0.0001027905708006987,-0.00025983069215921206,0.012224701678016545,0.0,0.0,0.00027942421729676425,0.012412618845701218,TRACKING,True,1
97205454647435,0.0020840000070165843,0.012371977137543552,-0.0005374012214285042,-0.00048764487386406533,0.012266367957986952,0.0,0.0,0.0007256704266183078,0.012371976859867573,TRACKING,True,1
97205456733421,0.0020859740034211427,0.01253861611260398,-0.00028343120580999134,-0.00029553878572541185,0.012308087677957323,0.0,0.0,0.00040948312380351126,0.012538616545498371,TRACKING,True,1
97205458802266,0.0020681559981312603,0.01231074804240268,-8.592880735740978e-05,0.00012147535459542205,0.012349464577927937,0.0,0.0,0.00014879523951094598,0.012310747988522053,TRACKING,True,1
97205460888986,0.0020874049951089546,0.012139119541281808,-6.267015392362193e-05,-1.0434418797627927e-05,0.012391198977898296,0.0,0.0,6.353286880766973e-05,0.01213911920785904,TRACKING,True,1
97205462952865,0.0020632329978980124,0.012329732091746195,-4.796929335692213e-05,-4.3194007962566404e-05,0.012432476557868982,0.0,0.0,6.455056427512318e-05,0.012329732067883015,TRACKING,True,1
97205465036494,0.002084478997858241,0.012242614069245,-4.3974375037046004e-05,-0.00014859781329431122,0.012474149137839384,0.0,0.0,0.0001549679145682603,0.012242614291608334,TRACKING,True,1
97205467106070,0.0020688180084107444,0.012334218883285338,-5.0055472972723115e-05,1.2655635874520634e-05,0.012515540657809987,0.0,0.0,5.163056994206272e-05,0.012334219180047512,TRACKING,True,1
97205469170870,0.0020646740013035014,0.012329135713979866,-0.0001008483189171908,0.0001914932853169188,0.01255683665778066,0.0,0.0,0.00021642564388457686,0.01232913602143526,TRACKING,True,1
97205471316998,0.002146787999663502,0.012406916519166086,-0.000122351233832662,0.00026878200654670986,0.012599759217750176,0.0,0.0,0.00029531947802752256,0.012406916357576847,TRACKING,True,1
97205473415291,0.0020984559960197657,0.012560413516081698,-7.242168168816332e-05,0.0002021755885536105,0.012641725077720371,0.0,0.0,0.0002147553750546649,0.012560413219034672,TRACKING,True,1
97205475512438,0.002097300995956175,0.012401228215260579,2.654818153619862e-05,0.00035925847668680266,0.012683668017690582,0.0,0.0,0.0003602380456868559,0.012401227839291096,TRACKING,True,1
97205477631857,0.0021189399994909763,0.012643130785088256,-0.0002733522243634739,0.0002726963921585502,0.012726056397660477,0.0,0.0,0.0003861149598378688,0.012643130496144295,TRACKING,True,1
97205479825064,0.0021931700030108914,0.012546596177918742,-0.00022534607750015407,0.00018984230886471832,0.012769920537629325,0.0,0.0,0.00029465396073646843,0.012546596117317677,TRACKING,True,1
97205481908634,0.002083494997350499,0.012448279496624092,8.787356647965025e-05,0.00010139158845536528,0.01281159193759973,0.0,0.0,0.0001341715978924185,0.012448279187083244,TRACKING,True,1
97205484046673,0.0021380649995990098,0.012759032192475088,0.0001628419140326314,0.0002998979154365983,0.012854352717569361,0.0,0.0,0.00034125687670893967,0.012759031727910042,TRACKING,True,1
97205486730253,0.0026838630001293495,0.013050098319715622,-0.00016907448725014804,0.00019303039671685022,0.012908024317531243,0.0,0.0,0.00025660652318038046,0.013050097972154617,TRACKING,True,1
97205489182270,0.0024517220008419827,0.012654805694030142,-0.00019637509334885422,0.0002459643233164137,0.012957064657496414,0.0,0.0,0.0003147405805066228,0.012654805555939674,TRACKING,True,1
97205491574656,0.0023923170083435252,0.012968595977715299,9.955044764380755e-05,8.32738684374888e-05,0.013004912377462432,0.0,0.0,0.0001297876297030598,0.012968596071004868,TRACKING,True,1
97205493665125,0.002090855996357277,0.01307808110626754,7.476824312651817e-05,0.00027568725061119926,0.013046721757432739,0.0,0.0,0.0002856462087947875,0.013078081421554089,TRACKING,True,1
97205495737008,0.002071677998173982,0.013392134829686337,-2.3243232786817025e-05,0.0008533462933096456,0.013088159417403308,0.0,0.0,0.000853662786539644,0.013392134569585323,TRACKING,True,1
97205497833991,0.0020986059971619397,0.013321640362309194,-8.746282895001258e-05,0.0006497520212407194,0.013130099077373523,0.0,0.0,0.0006556122680194676,0.013321639969944954,TRACKING,True,1
97205499935835,0.002100223005982116,0.013429117286877474,3.628053308981166e-05,0.00029407999061950167,0.013172135957343668,0.0,0.0,0.0002963095030281693,0.013429117389023304,TRACKING,True,1
97205502039775,0.0021047199988970533,0.013642403452986509,2.7347607852659866e-05,0.00046087211819422516,0.013214214757313783,0.0,0.0,0.0004616827645804733,0.013642403297126293,TRACKING,True,1
97205504113169,0.0020722210028907284,0.013780182136175143,-0.00021730883739555357,0.00011432252988825538,0.013255682637284332,0.0,0.0,0.00024554587434977293,0.013780182227492332,TRACKING,True,1
97205506182944,0.002069890993880108,0.013452202896128833,-9.908456198763774e-05,7.886804847605408e-05,0.013297078137254933,0.0,0.0,0.00012664090900216252,0.013452203013002872,TRACKING,True,1
97205508257299,0.0020746200025314465,0.013485965110149642,-0.00021435662658718027,0.0001237570550513334,0.013338565237225469,0.0,0.0,0.0002475168148521334,0.013485965318977833,TRACKING,True,1
97205510343635,0.0020866590057266876,0.01372772695151231,-0.0003822683246331718,4.057298063255707e-05,0.013380291957195834,0.0,0.0,0.0003844154707621783,0.013727727346122265,TRACKING,True,1
97205512432204,0.0020888289873255417,0.01368967754799736,-0.00027241230625165726,-1.2866805852844573e-05,0.013422063337166168,0.0,0.0,0.0002727160172071308,0.013689677231013775,TRACKING,True,1
97205514518678,0.002086335007334128,0.013954553796746795,5.312226214116827e-05,0.00014175983957762886,0.01346379281713653,0.0,0.0,0.00015138635353650898,0.013954553753137589,TRACKING,True,1
97205516609186,0.0020912979962304235,0.01368331824015493,0.0004348924047092632,0.0001530694584014339,0.013505602977106837,0.0,0.0,0.00046104411012493074,0.0136833181604743,TRACKING,True,1
97205520436599,0.0038263260066742077,0.013569981640295546,0.0002149617305928584,6.994810208999576e-06,0.013582151237052472,0.0,0.0,0.00021507551718968898,0.013569981791079044,TRACKING,True,1
97205522539968,0.0021029399940744042,0.013999138070623354,0.00017185400876493673,1.3101087286192143e-05,0.013624218617022595,0.0,0.0,0.00017235266568604857,0.01399913802742958,TRACKING,True,1
97205524630332,0.0020912290056003258,0.01351890192833799,0.00024024215022907424,-0.00018510156354091246,0.013666025896992902,0.0,0.0,0.0003032802196685225,0.01351890154182911,TRACKING,True,1
97205526708352,0.002077333992929198,0.01341020340919602,0.0002617213305357523,-0.0002771085461295549,0.013707586296963387,0.0,0.0,0.0003811655624303967,0.013410203158855438,TRACKING,True,1
97205528795854,0.002087678003590554,0.013709887347610125,0.0003673522888721492,-0.000503129149210306,0.013749336336933735,0.0,0.0,0.0006229660357348621,0.01370988693088293,TRACKING,True,1
97205530893372,0.0020988059986848384,0.013741953531035604,-5.096804776509204e-05,-0.00033666050833078796,0.01379128669690394,0.0,0.0,0.00034049677196890116,0.013741953298449516,TRACKING,True,1
97205532986466,0.0020920639944961295,0.013966551943299021,-0.0002815432698802663,0.000106306401609239,0.01383314857687421,0.0,0.0,0.0003009446372743696,0.01396655198186636,TRACKING,True,1
97205535049264,0.002062165003735572,0.013904767581680839,-0.00039717917582213306,4.282568646329587e-05,0.01387440453684491,0.0,0.0,0.0003994813305325806,0.013904768042266369,TRACKING,True,1
97205537118303,0.002069028007099405,0.014078535910342999,-0.0005066068145894481,2.463830314658446e-05,0.013915785316815522,0.0,0.0,0.0005072056083008647,0.014078536070883274,TRACKING,True,1
97205539188462,0.0020701960020232946,0.01381420433251624,-0.00011152930343162468,4.040044931997319e-05,0.013957188496786116,0.0,0.0,0.0001186211738968268,0.01381420437246561,TRACKING,True,1
97205541260609,0.0020722169865621254,0.013830191909974466,0.000111338888578764,-0.0002099382139969536,0.013998631436756684,0.0,0.0,0.00023763501667417586,0.01383019145578146,TRACKING,True,1
97205543344781,0.0020847270061494783,0.013860965578639946,0.00040041261681523,-0.00016078787037871882,0.01404031487672708,0.0,0.0,0.0004314892867114395,0.013860965147614479,TRACKING,True,1
97205545432126,0.0020877579954685643,0.01421105688438844,0.0002880933401778325,-0.00023320027541290535,0.01408206177669743,0.0,0.0,0.00037064828211441636,0.014211056753993034,TRACKING,True,1
97205547503118,0.0020699750020867214,0.014161382191176455,0.00019459544393319363,-0.0002274487567595717,0.014123481616668014,0.0,0.0,0.0002993331290781498,0.014161381870508194,TRACKING,True,1
97205549588536,0.002086203996441327,0.014040138914644918,-2.0337757461667843e-05,-0.00041747626690173364,0.014165189976638392,0.0,0.0,0.000417971343267709,0.014040138572454453,TRACKING,True,1
97205551675464,0.002086681008222513,0.014145639244524926,5.348835064049866e-05,-0.00013704100117308145,0.014206928536608748,0.0,0.0,0.0001471096184104681,0.014145638793706894,TRACKING,True,1
97205553763216,0.002087757005938329,0.013882728389002164,0.00017510715262640934,-9.525454174506605e-05,0.014248683576579093,0.0,0.0,0.00019933877047151327,0.013882728293538094,TRACKING,True,1
97205555848436,0.0020851229928666726,0.013796911204055502,0.00012550270580199052,8.15084600584061e-05,0.014290387976549475,0.0,0.0,0.00014964811271056533,0.01379691157490015,TRACKING,True,1
97205557934828,0.002086464999592863,0.014108528395558807,0.000206799217489657,0.00021851151042002142,0.014332115816519839,0.0,0.0,0.00030085412436164916,0.014108528383076191,TRACKING,True,1
97205560036123,0.0021007360046496615,0.014390890866607595,0.00012181407803282216,-0.00023938928228461968,0.014374141716489992,0.0,0.0,0.0002685998915694654,0.01439089048653841,TRACKING,True,1
97205562107346,0.0020712709956569597,0.01428852198505431,0.0001379563287248942,-0.0002423747540719233,0.014415566176460571,0.0,0.0,0.0002788861165754497,0.0142885223031044,TRACKING,True,1
97205564180821,0.0020734370045829564,0.014498288657468869,0.00022803834911000367,-0.00015086307118002037,0.01445703567643112,0.0,0.0,0.000273424870101735,0.014498288743197918,TRACKING,True,1
97205566249059,0.0020681589958257973,0.014863101568022638,-3.366316060016036e-05,6.717270239814472e-05,0.014498400436401743,0.0,0.0,7.513574382755905e-05,0.01486310176551342,TRACKING,True,1
97205568327559,0.002079106998280622,0.014688132694152214,-0.00016643533823372918,0.0001453944969102718,0.014539970436372219,0.0,0.0,0.00022099837951827794,0.014688132330775261,TRACKING,True,1
97205570411889,0.0020844969985773787,0.014564992379867902,4.396147399570531e-05,-0.00012080013183195825,0.014581657036342613,0.0,0.0,0.00012855070235673338,0.014564991928637028,TRACKING,True,1
97205572506163,0.0020943080016877502,0.014618356635383469,-0.00012787277050831626,-0.0001236464836728686,0.014623542516312866,0.0,0.0,0.00017787607794161886,0.014618356712162495,TRACKING,True,1
97205574592047,0.0020858610077993944,0.014594172188716377,-0.0002895216259071651,3.5099478857470736e-05,0.014665260196283237,0.0,0.0,0.0002916414523497224,0.01459417212754488,TRACKING,True,1
97205576680168,0.0020881429954897612,0.014436269026779346,-0.0003664138816712741,0.0001795971372050214,0.014707022616253576,0.0,0.0,0.00040806157630868256,0.01443626917898655,TRACKING,True,1
97205578761951,0.0020812869915971532,0.014749837236290447,-0.0001185917064075545,0.00017305407403761525,0.014748658276224007,0.0,0.0,0.00020978966495022178,0.01474983710795641,TRACKING,True,1
97205580848526,0.00208698000642471,0.015201331076566942,-0.00029786765432326847,-2.6366447926137992e-05,0.014790389776194368,0.0,0.0,0.00029903234099037945,0.015201331116259098,TRACKING,True,1
97205582933705,0.002085236003040336,0.014916288993411384,-3.278136596276867e-05,3.1682103714965665e-05,0.01483209335616475,0.0,0.0,4.558918226393871e-05,0.014916288666427135,TRACKING,True,1
97205585029164,0.0020954810024704784,0.015127849452026913,0.00015072546464759041,-2.3468476809031134e-05,0.014874002536134986,0.0,0.0,0.00015254158643074334,0.015127849765121937,TRACKING,True,1
97205587100211,0.0020704149937955663,0.01493067528457487,-8.55567787788177e-05,0.000380456775361872,0.014915423476105569,0.0,0.0,0.00038995809154585004,0.014930675737559795,TRACKING,True,1
97205589176919,0.002076700999168679,0.01514115132079373,4.8682332923966965e-05,0.00018003872095808364,0.01495695763607607,0.0,0.0,0.00018650446145329624,0.015141150914132595,TRACKING,True,1
97205591249918,0.002072964998660609,0.01508103979266789,-3.399080231567777e-05,5.422746957925258e-05,0.014998417616046625,0.0,0.0,6.399994890671223e-05,0.015081039629876614,TRACKING,True,1
97205593320712,0.0020708539959741756,0.014659847195774123,-3.605365662024145e-05,-3.702471652524986e-05,0.01503983349601721,0.0,0.0,5.167877679923549e-05,0.014659847132861614,TRACKING,True,1
97205595389968,0.0020693590049631894,0.01488983789058096,1.1475698624487533e-05,0.0001271634692476888,0.015081218615987818,0.0,0.0,0.0001276802213396877,0.014889838173985481,TRACKING,True,1
97205597475986,0.002086423002765514,0.01499782797347069,0.00014788208754840584,-0.0003828212995625053,0.01512293897595819,0.0,0.0,0.0004103915998712182,0.01499782782047987,TRACKING,True,1
97205599561413,0.0020855269976891577,0.014885965784924963,0.0004028547739216255,-0.0004682293916041641,0.015164647515928567,0.0,0.0,0.0006176817114464939,0.01488596573472023,TRACKING,True,1
97205601648915,0.002087877001031302,0.014977347716149645,0.0003828508995771171,-0.00046233240398411296,0.015206397555898915,0.0,0.0,0.000600271625444293,0.014977348037064075,TRACKING,True,1
97205603716804,0.002066872999421321,0.015231328107988737,-1.4745454903736515e-05,-0.0006443189486174746,0.015247755335869544,0.0,0.0,0.0006444876198656857,0.015231328085064888,TRACKING,True,1
97205605799236,0.0020830150024266914,0.01503943746467776,-0.0003105508716178331,-0.0004194572981212707,0.015289403975839964,0.0,0.0,0.0005219063605181873,0.01503943745046854,TRACKING,True,1
97205607894096,0.0020951579936081544,0.015113597293871938,-0.00014314686591337922,-0.0004586263460771391,0.015331301175810209,0.0,0.0,0.0004804468189831823,0.015113597735762596,TRACKING,True,1
97205609963681,0.002068607005639933,0.015691561183803337,-0.00011211169741712207,-0.0003053451232249895,0.015372692875780811,0.0,0.0,0.0003252763126511127,0.015691561624407768,TRACKING,True,1
97205612042515,0.0020790559938177466,0.015701208867093783,-0.00011886149557312496,-0.0003125134692710597,0.015414269555751283,0.0,0.0,0.00033435417572036386,0.015701208263635635,TRACKING,True,1
97205614113241,0.0020705690112663433,0.015655571992321957,8.628646995164004e-05,-8.332221508172732e-05,0.01545568407572187,0.0,0.0,0.0001199497637571767,0.015655571594834328,TRACKING,True,1
97205616182988,0.002069809997919947,0.015795417807159817,-4.923880729442482e-05,-0.00019575944086038666,0.015497079015692472,0.0,0.0,0.00020185692119412124,0.01579541712999344,TRACKING,True,1
97205618251824,0.002068688001600094,0.016091551196091163,-7.747796525289715e-05,-4.1929037731381046e-05,0.015538455735663086,0.0,0.0,8.809585415292531e-05,0.01609155163168907,TRACKING,True,1
97205620320816,0.0020691329991677776,0.016068392921283765,0.00020361694283585672,-0.0002727961049727084,0.015579835575633697,0.0,0.0,0.0003404079470783472,0.016068393364548683,TRACKING,True,1
97205622406245,0.002085568994516507,0.015848974994434474,4.993960757656589e-05,-0.00023170472863948585,0.015621544155604074,0.0,0.0,0.00023702540784142911,0.015848975628614426,TRACKING,True,1
97205624484488,0.002078157995129004,0.01537486945045245,1.2176283021637064e-05,-0.0006724344145356257,0.015663109015574554,0.0,0.0,0.0006725446437485516,0.015374869108200073,TRACKING,True,1
97205626572833,0.0020887560094706714,0.015574163939372564,0.0001022710096580458,-0.00032588963604551617,0.015704875915544893,0.0,0.0,0.0003415602841414511,0.015574163757264614,TRACKING,True,1
97205628719422,0.0021465869940584525,0.015446743828102344,0.0002354465944874728,-0.0003668288450706156,0.015747807695514402,0.0,0.0,0.0004358881851658225,0.015446743927896023,TRACKING,True,1
97205633223231,0.00450381200062111,0.015393424901001087,-2.7747626635984913e-05,-0.00039005751766436306,0.015837883875450428,0.0,0.0,0.0003910431987605989,0.015393424779176712,TRACKING,True,1
97205635988600,0.0027650370029732585,0.01563137843584255,0.00012875613062545639,-0.0006307458564685029,0.015893191255411148,0.0,0.0,0.0006437533884309232,0.015631377696990967,TRACKING,True,1
97205638021906,0.002032895994489081,0.01567020186112525,0.0002432369664372766,-0.0003696306720378285,0.01593385737538227,0.0,0.0,0.0004424828221090138,0.015670202672481537,TRACKING,True,1
97205640092424,0.0020710960088763386,0.01589933206549988,-0.00011550646270471501,-6.646365434936544e-05,0.015975267735352856,0.0,0.0,0.0001332635001745075,0.015899332240223885,TRACKING,True,1
97205642153514,0.0020605039899237454,0.015688014724614837,-4.034886130045687e-05,0.00020241783053485084,0.016016489535323582,0.0,0.0,0.00020640011643990874,0.015688015148043633,TRACKING,True,1
97205644217301,0.0020638679998228326,0.01618851660899546,6.580643560360989e-05,0.0002884246510984791,0.016057765275294268,0.0,0.0,0.00029583656578324735,0.016188517212867737,TRACKING,True,1
97205646285454,0.0020684430055553094,0.01607663479268233,-4.498736662512744e-05,0.00039559037877243846,0.01609912833526489,0.0,0.0,0.00039814019692130387,0.01607663556933403,TRACKING,True,1
97205648351430,0.0020658239955082536,0.016129170230383644,-5.2277507499164696e-05,-5.016728745498348e-07,0.016140447855235544,0.0,0.0,5.227991277934052e-05,0.01612916961312294,TRACKING,True,1
97205650418973,0.0020676770072896034,0.01620453307523001,8.235547086529752e-05,-0.00014362368192667163,0.016181798715206176,0.0,0.0,0.00016556021000724286,0.016204532235860825,TRACKING,True,1
97205652544609,0.0021258859924273565,0.01614962336261437,0.0003371447425396505,-6.025782438460392e-05,0.016224311435175984,0.0,0.0,0.0003424873575568199,0.016149623319506645,TRACKING,True,1
97205654640179,0.0020959149987902492,0.016168760138864525,1.1038127225063003e-05,-0.00015050932343925311,0.01626622283514622,0.0,0.0,0.0001509135472588241,0.016168760135769844,TRACKING,True,1
97205656743362,0.002103916005580686,0.01620305820638027,0.0002532980520572682,-0.00020678759301269065,0.016308286495116345,0.0,0.0,0.00032698779250495136,0.016203058883547783,TRACKING,True,1
97205658815903,0.002071166003588587,0.01660823658860612,-5.233541223991184e-06,-0.00019733451947956355,0.016349737315086908,0.0,0.0,0.00019740390416700393,0.016608236357569695,TRACKING,True,1
97205660906092,0.0020906619902234524,0.016711915848229723,-4.7094563308882674e-05,-0.00027642682954744904,0.016391541095057218,0.0,0.0,0.00028040987672284245,0.016711916774511337,TRACKING,True,1
97205663014765,0.002108033004333265,0.016617819065430806,5.016099919336465e-05,-0.000486711093375754,0.016433714555027266,0.0,0.0,0.0004892891156487167,0.016617819666862488,TRACKING,True,1
97205665081471,0.0020666080090450123,0.016551209747450755,1.2033729831374641e-05,-0.0003852806358038193,0.016475048674997907,0.0,0.0,0.0003854685346595943,0.01655120961368084,TRACKING,True,1
97205667155767,0.0020745799993164837,0.016700578056002224,-9.516486370488017e-05,-0.0003131186636441357,0.016516534594968445,0.0,0.0,0.000327260815538466,0.01670057885348797,TRACKING,True,1
97205669221813,0.0020658369903685525,0.01668552639415534,6.978349823136885e-05,-0.0002409815758795669,0.016557855514939098,0.0,0.0,0.0002508821489755064,0.016685526818037033,TRACKING,True,1
97205671287772,0.002065970009425655,0.016957105132262406,-0.00011920273277916986,7.693128177962928e-05,0.016599174694909753,0.0,0.0,0.00014187218039296567,0.016957104206085205,TRACKING,True,1
97205673397878,0.0021115119889145717,0.0167187317882515,-0.00010632528731040428,0.00011475729229794182,0.01664137681487978,0.0,0.0,0.0001564426493132487,0.016718732193112373,TRACKING,True,1
97205675464416,0.002065027001663111,0.01710528414164931,9.270317523272308e-05,3.2979595417698853e-07,0.016682707574850426,0.0,0.0,9.270376176573336e-05,0.017105283215641975,TRACKING,True,1
97205677567152,0.00210369800333865,0.017232258391963167,2.054282755520532e-05,-0.00014256385168370653,0.01672476229482056,0.0,0.0,0.00014403631212189794,0.0172322578728199,TRACKING,True,1
97205679652381,0.0020845230028498918,0.017175466802869205,2.9754426303287952e-05,8.011908926653646e-05,0.016766466874790942,0.0,0.0,8.54657482705079e-05,0.017175467684864998,TRACKING,True,1
97205681754535,0.0021033489902038127,0.016974212412722605,8.737502484824516e-05,0.0001655328022264462,0.016808509954761082,0.0,0.0,0.0001871777349151671,0.01697421260178089,TRACKING,True,1
97205683844838,0.0020897990034427494,0.017009152554959606,5.0405367784651945e-05,-1.963870870892617e-05,0.01685031601473139,0.0,0.0,5.409602454164997e-05,0.017009152099490166,TRACKING,True,1
97205685941246,0.0020963810093235224,0.017159304614170354,5.662324443926549e-05,7.660930827103928e-05,0.01689224417470161,0.0,0.0,9.526372741675004e-05,0.01715930551290512,TRACKING,True,1
97205688042783,0.0021015009988332167,0.017044718514698808,3.823862028047723e-05,-0.00013787778273678517,0.01693427491467176,0.0,0.0,0.00014308205572888255,0.01704471930861473,TRACKING,True,1
97205690112788,0.0020691199897555634,0.017064604436723557,0.00016194230794129658,-7.192130916885938e-05,0.01697567501464236,0.0,0.0,0.00017719477182254195,0.01706460490822792,TRACKING,True,1
97205692179778,0.0020670689991675317,0.01723157016208168,0.0001598506019270604,0.0001993356712705386,0.017017014814613,0.0,0.0,0.0002555130631662905,0.017231570556759834,TRACKING,True,1
97205694247973,0.00206822001200635,0.01716448480163128,-0.0001930328890655764,0.0002056355686765766,0.01705837871458362,0.0,0.0,0.0002820419904310256,0.017164485529065132,TRACKING,True,1
97205696317045,0.0020690329984063283,0.017140729417824418,-0.00029981593061890213,0.0002490867908204326,0.017099760154554233,0.0,0.0,0.00038978690281510353,0.01714072935283184,TRACKING,True,1
97205698407791,0.002091481990646571,0.01721782842035648,-0.00011261766175287439,9.978474664045921e-05,0.017141575074524535,0.0,0.0,0.00015046505723148584,0.01721782796084881,TRACKING,True,1
97205700493938,0.002086407010210678,0.017270125736401506,-2.6890072967790767e-05,0.00038351256751671545,0.017183298014494905,0.0,0.0,0.0003844540915451944,0.017270125448703766,TRACKING,True,1
97205702581491,0.002087292989017442,0.01715994276026881,-1.9578686212468326e-05,0.00031146307818108205,0.017225049074465253,0.0,0.0,0.00031207784195430577,0.017159942537546158,TRACKING,True,1
97205704666197,0.0020846800034632906,0.016916685984921423,-0.0003017314853617964,0.0005898053926790644,0.01726674319443564,0.0,0.0,0.0006625045207329094,0.016916686668992043,TRACKING,True,1
97205706750802,0.002084620005916804,0.01676788823116029,-9.050133233461655e-05,0.00022551985435395388,0.01730843529440603,0.0,0.0,0.0002430014283163473,0.01676788739860058,TRACKING,True,1
97205708849893,0.0020988769974792376,0.01686827355721839,-0.00041560216316789873,-1.7711852989121753e-05,0.017350417114376213,0.0,0.0,0.00041597941890358925,0.01686827279627323,TRACKING,True,1
97205710982225,0.002132149995304644,0.017226713894150935,-0.0005172721424897203,9.569062312583306e-05,0.017393063754345926,0.0,0.0,0.0005260486504994333,0.01722671464085579,TRACKING,True,1
97205713031855,0.0020497520017670467,0.017386563312396967,3.1160984608058625e-05,-2.4255919947046523e-05,0.017434056354316812,0.0,0.0,3.948868834413588e-05,0.01738656312227249,TRACKING,True,1
97205716280005,0.0032477540080435574,0.01768358844208853,0.000179676690546065,-6.739050786821858e-05,0.017499019354270676,0.0,0.0,0.00019189891463611275,0.017683587968349457,TRACKING,True,1
97205718687850,0.002408157000900246,0.017364371117663716,0.0003867580153107021,-0.00028918417993683773,0.017547176254236473,0.0,0.0,0.00048291744315065444,0.017364371567964554,TRACKING,True,1
97205720761423,0.0020731499971589074,0.017388624040141066,0.00040684826459497523,1.5230613527331236e-05,0.01758864771420702,0.0,0.0,0.0004071332514286041,0.01738862320780754,TRACKING,True,1
97205722932001,0.002170546998968348,0.017352731026329744,0.0002549051673159398,-3.698718988943308e-05,0.01763205927417619,0.0,0.0,0.00025757463299669325,0.01735273189842701,TRACKING,True,1
97205725108349,0.0021764019911643118,0.017710373969682988,0.0006142723294967406,-0.00035350454121452543,0.017675586234145276,0.0,0.0,0.0007087283884175122,0.017710374668240547,TRACKING,True,1
97205727174933,0.0020666340133175254,0.017906930186368904,-0.00012100069715940639,-0.00022450862393662567,0.01771691791411592,0.0,0.0,0.0002550397766754031,0.017906930297613144,TRACKING,True,1
97205729238748,0.002063735999399796,0.017683091486288324,0.0002806719313611643,-0.00011429575929171909,0.017758194214086608,0.0,0.0,0.0003030515508726239,0.017683090642094612,TRACKING,True,1
97205731300521,0.0020618079870473593,0.017621214982175577,8.977115991732436e-05,-0.00017714520424277658,0.017799429674057322,0.0,0.0,0.0001985932613024488,0.01762121543288231,TRACKING,True,1
97205733374579,0.0020743240020237863,0.017762972551739087,2.8710232609778174e-05,4.2638751871899275e-06,0.017840910834027862,0.0,0.0,2.9025128242210485e-05,0.01776297204196453,TRACKING,True,1
97205735496182,0.002121484008966945,0.01811262759344501,0.00014433497562100464,-0.0002182513054779963,0.017883342893997727,0.0,0.0,0.0002616605197545141,0.018112627789378166,TRACKING,True,1
97205737585062,0.0020901469979435205,0.01778212236675079,-4.384012696934483e-05,4.9443132768620595e-05,0.017925120493968053,0.0,0.0,6.608010153286159e-05,0.017782121896743774,TRACKING,True,1
97205739676376,0.002091121001285501,0.01781710996667486,-0.0001487749709551144,5.645284299062313e-05,0.01796694677393835,0.0,0.0,0.00015912546950858086,0.01781710982322693,TRACKING,True,1
97205741768385,0.0020908639999106526,0.01765995637476408,-0.0003010740387141401,0.00012795504236088213,0.018008786953908635,0.0,0.0,0.0003271361638326198,0.017659956589341164,TRACKING,True,1
97205743836726,0.0020684289920609444,0.0177742539179533,-0.00027524418317425014,0.00013913730665063843,0.018050153773879255,0.0,0.0,0.0003084129421040416,0.017774254083633423,TRACKING,True,1
97205745924942,0.002088685010676272,0.01781182415931497,-0.0003006372255471239,6.3003506884860535e-06,0.018091918093849593,0.0,0.0,0.000300703221000731,0.01781182363629341,TRACKING,True,1
97205748024998,0.0021002299909014255,0.018064834483297734,-0.0001825613580345891,-0.00021127358974532142,0.018133919213819762,0.0,0.0,0.0002792224695440382,0.01806483417749405,TRACKING,True,1
97205750090989,0.0020651850063586608,0.018078891479393372,-8.206695291361075e-07,0.0002011436408640117,0.018175239033790418,0.0,0.0,0.00020114531798753887,0.018078891560435295,TRACKING,True,1
97205752171010,0.002080482998280786,0.01795166221997176,6.003748649108292e-05,8.230476599971403e-05,0.01821683945376087,0.0,0.0,0.00010187528823735192,0.017951661720871925,TRACKING,True,1
97205754238985,0.002067658002488315,0.018239215554563794,0.00011908598620216918,0.00031775935521716745,0.0182581989537315,0.0,0.0,0.000339341233484447,0.01823921501636505,TRACKING,True,1
97205756306234,0.0020672489918069914,0.018383433820088602,-2.21454741311036e-05,0.00010674608546504396,0.018299543933702134,0.0,0.0,0.00010901902714977041,0.018383434042334557,TRACKING,True,1
97205758375028,0.0020687880023615435,0.018470287121726114,5.651232220148415e-05,0.0005001539095885724,0.018340919813672748,0.0,0.0,0.0005033364868722856,0.018470287322998047,TRACKING,True,1
97205760468781,0.0020951509941369295,0.018769864153575205,-0.00017547252459325857,0.0003838565540782481,0.01838279487364301,0.0,0.0,0.00042206214857287705,0.01876986399292946,TRACKING,True,1
97205762563470,0.002094377006869763,0.018435552098903813,-0.00041115848894866135,0.0003800530023432568,0.018424688653613255,0.0,0.0,0.0005599032156169415,0.018435552716255188,TRACKING,True,1
97205764632007,0.002067433000775054,0.018574870065261522,-0.0004512732697853662,0.000539707044106624,0.018466059393583874,0.0,0.0,0.0007035135058686137,0.018574869260191917,TRACKING,True,1
97205766699319,0.0020672880054917186,0.01840368405228492,-0.000500271364546546,0.00046369015658629504,0.01850740563355451,0.0,0.0,0.000682114390656352,0.018403684720396996,TRACKING,True,1
97205768794849,0.0020962470007361844,0.01852466114660764,-0.00035033478066823166,0.0002853080092469085,0.018549316233524744,0.0,0.0,0.00045181316090747714,0.018524661660194397,TRACKING,True,1
97205770882642,0.0020879749936284497,0.01861776468628361,-0.0002503443315484392,0.00015184694852317843,0.01859107209349509,0.0,0.0,0.0002927964960690588,0.018617764115333557,TRACKING,True,1
97205772955844,0.0020723810011986643,0.01831064919128604,-0.0004026913239107879,0.00020727964611448442,0.01863253613346564,0.0,0.0,0.00045290746493265033,0.018310649320483208,TRACKING,True,1
97205775039593,0.0020845749968430027,0.018343073246325437,-0.00016063094922209213,0.00035530905606859556,0.01867421111343604,0.0,0.0,0.0003899318107869476,0.01834307238459587,TRACKING,True,1
97205777110556,0.0020701110042864457,0.018441622232709835,-5.251012228748782e-05,0.0006017436398071823,0.018715630373406626,0.0,0.0,0.0006040303851477802,0.01844162307679653,TRACKING,True,1
97205779179309,0.002068824993330054,0.018708733365459605,0.0002975851215092971,0.0006620956885447639,0.01875700543337724,0.0,0.0,0.0007258977857418358,0.018708733841776848,TRACKING,True,1
97205781250738,0.0020714800048153847,0.018905502891158263,0.00017044221413657743,0.0002730911076888466,0.01879843401334782,0.0,0.0,0.0003219150530640036,0.018905503675341606,TRACKING,True,1
97205783321451,0.002070703005301766,0.018710773061364698,0.00019657023720374932,0.00025937187768596237,0.018839848273318405,0.0,0.0,0.00032544374698773026,0.018710773438215256,TRACKING,True,1
97205785394506,0.0020732959965243936,0.018769390830662,0.00027854535715085316,5.740855155474974e-05,0.01888130937328896,0.0,0.0,0.0002843998372554779,0.018769390881061554,TRACKING,True,1
97205787618913,0.00222460700024385,0.019054297667187945,0.00018557757098370075,3.011626652242827e-05,0.018925797513257365,0.0,0.0,0.00018800538964569569,0.019054297357797623,TRACKING,True,1
97205791682785,0.0040636469930177554,0.01906635998876924,0.00010096123736612677,0.00046718314039370277,0.01900707495319964,0.0,0.0,0.0004779678420163691,0.019066359847784042,TRACKING,True,1
97205794453325,0.0027705950051313266,0.01880385062505932,9.632387668830703e-05,0.0005236374872332707,0.019062485753160285,0.0,0.0,0.0005324232624843717,0.018803849816322327,TRACKING,True,1
97205797064025,0.0026108029996976256,0.01907347300385093,7.0457492310290224e-06,0.0006491752904596139,0.019114699753123205,0.0,0.0,0.000649213558062911,0.019073473289608955,TRACKING,True,1
97205799135071,0.002070813992759213,0.018939748173180768,-0.000231061392202107,0.0005186980367382949,0.019156120673093784,0.0,0.0,0.0005678353481926024,0.018939748406410217,TRACKING,True,1
97205801208866,0.0020740790059790015,0.01879928928939283,-0.0005768168412572119,0.0004916489350935471,0.01919759657306433,0.0,0.0,0.0007579157827422023,0.01879929006099701,TRACKING,True,1
97205803278387,0.0020691819954663515,0.019122943890508958,-0.00023868376793978073,0.00022755011022024773,0.01923898699303493,0.0,0.0,0.0003297711373306811,0.01912294328212738,TRACKING,True,1
97205805354100,0.0020757419988512993,0.019241366779005238,-0.0003273509488152156,0.00045811422510578267,0.01928050125300545,0.0,0.0,0.0005630517844110727,0.019241366535425186,TRACKING,True,1
97205807443538,0.0020900820090901107,0.01944181314780361,-7.679613402059422e-05,-5.729708223056333e-05,0.019322290012975772,0.0,0.0,9.581545600667596e-05,0.019441813230514526,TRACKING,True,1
97205809516001,0.002071618990157731,0.019588219008556784,0.00021934047020523455,0.0001820309695590142,0.019363739272946334,0.0,0.0,0.0002850359887816012,0.01958821900188923,TRACKING,True,1
97205811601786,0.0020865090045845136,0.019693838238602622,0.00014022051116267684,5.508199283120376e-05,0.019405454972916705,0.0,0.0,0.0001506513071944937,0.01969383843243122,TRACKING,True,1
97205813688938,0.0020867400016868487,0.019742807959249042,0.00015853598404504276,7.771977591466605e-05,0.01944719801288706,0.0,0.0,0.0001765616616467014,0.019742807373404503,TRACKING,True,1
97205815787105,0.002097937001963146,0.019625262347081878,0.00040407703232123935,-0.00016057632453075785,0.01948916135285726,0.0,0.0,0.00043481375905685127,0.019625261425971985,TRACKING,True,1
97205817872237,0.0020856129995081574,0.01961636275162157,0.00015448790270323874,8.258048330337409e-05,0.01953086399282764,0.0,0.0,0.0001751743402564898,0.01961636357009411,TRACKING,True,1
97205819954305,0.002081600992823951,0.019887186775202747,0.00032276633141691105,0.00018881546837090285,0.019572505352798066,0.0,0.0,0.0003739376843441278,0.019887186586856842,TRACKING,True,1
97205822035110,0.002081350001390092,0.019565811105193304,0.0005814761272959186,0.00021401133430108934,0.01961412145276851,0.0,0.0,0.0006196090253069997,0.01956581138074398,TRACKING,True,1
97205824108483,0.002072780000162311,0.01960742176898557,0.0003766610815194604,7.60263001709461e-05,0.01965558891273906,0.0,0.0,0.00038425717502832413,0.01960742101073265,TRACKING,True,1
97205826180299,0.002071752998745069,0.019744806253224226,0.000297195375965152,-1.6228247097860478e-05,0.01969702523270963,0.0,0.0,0.0002976381219923496,0.019744805991649628,TRACKING,True,1
97205828249747,0.0020693850092357025,0.01930879911745648,0.0001840341210633215,7.524992032309048e-05,0.019738414192680236,0.0,0.0,0.00019882431661244482,0.019308799877762794,TRACKING,True,1
97205830319954,0.0020702439942397177,0.01960123290411688,9.010888944765076e-05,0.00012971978998858042,0.019779818332650828,0.0,0.0,0.00015794567298144102,0.019601233303546906,TRACKING,True,1
97205832406857,0.0020879180083284155,0.019894250024001244,-2.7197853970518774e-05,0.00034704400263011294,0.019821556392621186,0.0,0.0,0.000348108122125268,0.019894249737262726,TRACKING,True,1
97205834504792,0.0020969439938198775,0.01956018738244539,-0.00024484671333577034,5.9569561013028335e-05,0.019863515092591388,0.0,0.0,0.00025198899675160646,0.019560188055038452,TRACKING,True,1
97205836581916,0.002077577999443747,0.019272595821466555,-0.000337476579683771,0.00026279191333059644,0.019905057572561884,0.0,0.0,0.0004277265979908407,0.019272595643997192,TRACKING,True,1
97205838683673,0.002101474005030468,0.01976669202431214,-0.00019940106595569694,0.0004782935730123553,0.01994709271253203,0.0,0.0,0.0005181944579817355,0.01976669207215309,TRACKING,True,1
97205840809372,0.0021259539935272187,0.019918599634832737,-0.00021794029319911556,0.00035025441694214356,0.019989606692501837,0.0,0.0,0.000412524095736444,0.019918600097298622,TRACKING,True,1
97205843017712,0.0022083520016167313,0.01996410031408303,-7.72553038280282e-06,-4.600675920784109e-05,0.02003377349247047,0.0,0.0,4.665089363697916e-05,0.019964100793004036,TRACKING,True,1
97205845134994,0.0021174819994485006,0.020213078665244827,-8.8038966507356e-05,0.0001242731951537978,0.020076119132440395,0.0,0.0,0.00015229801647365093,0.02021307870745659,TRACKING,True,1
97205847233426,0.0020983029971830547,0.019930536665007492,-0.00013232790906030878,9.361982118200523e-05,0.020118087772410587,0.0,0.0,0.0001620967232156545,0.019930535927414894,TRACKING,True,1
97205851985453,0.004779530005180277,0.02022307078405063,-0.00030445706142350436,0.00036007728897891804,0.02021312831234309,0.0,0.0,0.0004715397662948817,0.020223069936037064,TRACKING,True,1
97205854084213,0.0020709759992314503,0.020350439741904907,-0.00029038273021346516,0.00045003386580006296,0.02025510351231328,0.0,0.0,0.0005355862085707486,0.020350439473986626,TRACKING,True,1
97205856458506,0.0023744320060359314,0.020380792648810094,2.182299289794589e-05,0.0007068375750396722,0.020302589372279554,0.0,0.0,0.0007071743602864444,0.020380793139338493,TRACKING,True,1
97205858877356,0.0024187439994420856,0.020537469741611074,-8.115583367406502e-05,0.0003767805666150658,0.020350966372245195,0.0,0.0,0.00038542167749255896,0.020537469536066055,TRACKING,True,1
97205860951112,0.0020739079918712378,0.020619387014370702,-5.97437094324393e-07,9.164473836369765e-05,0.020392441492215738,0.0,0.0,9.164668881567195e-05,0.020619386807084084,TRACKING,True,1
97205863522259,0.002571400997112505,0.02046524562194358,0.00011912544869189205,0.00048107596516968915,0.02044386443217922,0.0,0.0,0.0004956056363880634,0.020465245470404625,TRACKING,True,1
97205865617120,0.002095535004627891,0.02002809097218673,0.00020642101896848692,0.00027054454838000065,0.02048576165214946,0.0,0.0,0.0003402998554520309,0.020028090104460716,TRACKING,True,1
97205867709205,0.0020917149959132075,0.020376350523930796,0.00028832868682314005,0.00018294273376756012,0.020527603352119745,0.0,0.0,0.0003414695675019175,0.020376350730657578,TRACKING,True,1
97205869780884,0.0020706720097223297,0.0202914894620266,-6.680344799311043e-05,-0.00022016758155209685,0.02056903693209032,0.0,0.0,0.0002300792548339814,0.020291488617658615,TRACKING,True,1
97205871855147,0.002074308998999186,0.02065481872121868,-8.096191287300203e-05,-0.0002387330115057909,0.020610522192060856,0.0,0.0,0.000252087862463668,0.020654818043112755,TRACKING,True,1
97205873925547,0.0020703030022559687,0.02063277559745692,-0.0002934192397337788,-9.855408447265572e-05,0.02065193019203145,0.0,0.0,0.0003095282590948045,0.020632775500416756,TRACKING,True,1
97205876025916,0.002100550991599448,0.020921049272317513,1.629938121336654e-05,-0.00034529278279404847,0.020693937572001615,0.0,0.0,0.0003456772828940302,0.020921049639582634,TRACKING,True,1
97205878097348,0.002071323004201986,0.021128945090714245,-0.00012744961784093146,-0.0005661221954408613,0.02073536621197219,0.0,0.0,0.0005802910891361535,0.02112894505262375,TRACKING,True,1
97205880168456,0.0020710910030175,0.020810427923844705,-0.0002561083510767215,-0.00036473296915869393,0.020776788371942773,0.0,0.0,0.0004456698661670089,0.020810427144169807,TRACKING,True,1
97205882237613,0.0020691979880211875,0.02065639574111487,-0.000436547023343164,-0.00028185325672961184,0.020818171511913383,0.0,0.0,0.0005196292768232524,0.020656395703554153,TRACKING,True,1
97205884308351,0.0020706600043922663,0.021104460545299186,-0.00040691031936434337,-9.748480196861183e-05,0.02085958627188397,0.0,0.0,0.00041842478094622493,0.021104460582137108,TRACKING,True,1
97205886393260,0.0020854530012002215,0.02107500629994064,0.00021700805899135426,-0.0004044357194222805,0.020901284451854355,0.0,0.0,0.00045897794188931584,0.02107500657439232,TRACKING,True,1
97205888479288,0.0020860270014964044,0.02125382851702345,-9.172538123044854e-05,-0.00036635518038109435,0.020943005011824722,0.0,0.0,0.00037766341120004654,0.021253827959299088,TRACKING,True,1
97205890565688,0.0020865380065515637,0.021168950726389725,0.000514314794677733,-0.0003726223518696381,0.020984733011795088,0.0,0.0,0.0006351119372993708,0.02116895094513893,TRACKING,True,1
97205892652849,0.0020872199966106564,0.020806828609177246,0.0005632533291817638,-0.00039036373793013867,0.021026476231765442,0.0,0.0,0.000685301551129669,0.020806828513741493,TRACKING,True,1
97205894742786,0.002090230002067983,0.020885684643950592,0.0003568015537697019,-0.00023322440580732457,0.021068274971735756,0.0,0.0,0.00042626395588740706,0.020885685458779335,TRACKING,True,1
97205896834324,0.002091955000651069,0.020964377151492578,0.00027683781426487996,-8.011440623380565e-05,0.021110105731706047,0.0,0.0,0.00028819695580750704,0.020964376628398895,TRACKING,True,1
97205898923575,0.0020884029945591465,0.021214172679887178,0.00010042414099323415,-0.00018635366439256556,0.02115189075167637,0.0,0.0,0.00021169008687138557,0.02121417224407196,TRACKING,True,1
97205901029761,0.002105673003825359,0.0210444183844905,0.00017080225592399807,-0.00012809277658376456,0.021194014471646455,0.0,0.0,0.00021349747839849442,0.021044418215751648,TRACKING,True,1
97205903099129,0.0020692149992100894,0.02124131544856652,0.00020615415735300818,0.0002210834328775995,0.02123540183161706,0.0,0.0,0.0003022869932465255,0.021241314709186554,TRACKING,True,1
97205905170601,0.0020716689905384555,0.021320282662370908,0.0002673913174457491,-7.475301945290055e-05,0.021276831271587637,0.0,0.0,0.0002776439068838954,0.02132028341293335,TRACKING,True,1
97205907240255,0.0020696690044132993,0.021153982579082926,0.00011515415466945356,-0.0002671431808180017,0.021318224351558238,0.0,0.0,0.0002909054164774716,0.02115398272871971,TRACKING,True,1
97205909304036,0.0020635160035453737,0.02138061535220352,-0.00016637201121527098,-0.00015929379997854187,0.021359499971528924,0.0,0.0,0.00023033490288071334,0.02138061448931694,TRACKING,True,1
97205911363974,0.002059813996311277,0.020974243859193414,-0.0003059474034134157,-0.00016341465620084246,0.021400698731499666,0.0,0.0,0.0003468546783551574,0.02097424305975437,TRACKING,True,1
97205913459604,0.0020968699973309413,0.021124287297827827,-0.0005191457934694288,-8.547464617329617e-05,0.021442611331469897,0.0,0.0,0.0005261352052912116,0.021124286577105522,TRACKING,True,1
97205915532801,0.0020723030029330403,0.021457517474136226,-0.00021680109427955506,-0.0001735557191978059,0.021484075271440452,0.0,0.0,0.00027771262102760375,0.02145751751959324,TRACKING,True,1
97205917631068,0.002099247998557985,0.021405218584523735,-0.00035297378089929143,1.8150143610607978e-06,0.021526040611410648,0.0,0.0,0.00035297847352921963,0.021405218169093132,TRACKING,True,1
97205919731892,0.0020999819971621037,0.021751895103280492,-0.00032150299607988035,-0.0003045869837200021,0.021568057091380807,0.0,0.0,0.0004428740357980132,0.021751895546913147,TRACKING,True,1
97205921822410,0.002091499001835473,0.02176585901635192,-7.924909604274075e-05,-0.0006855763089446615,0.02160986745135111,0.0,0.0,0.0006901414599269629,0.02176585979759693,TRACKING,True,1
97205923913821,0.0020909849990857765,0.021778703857889714,0.0003383867593533009,-0.00029241343825479654,0.021651695671321403,0.0,0.0,0.0004472261352930218,0.021778704598546028,TRACKING,True,1
97205926014139,0.0020999300031689927,0.021876163434806226,0.0002892137800470716,3.315885371345565e-06,0.021693702031291572,0.0,0.0,0.00028923279023729265,0.02187616378068924,TRACKING,True,1
97205928090471,0.002076089003821835,0.021685107185704492,3.313347030453704e-05,7.532619082801417e-05,0.02173522867126208,0.0,0.0,8.229132799897343e-05,0.021685106679797173,TRACKING,True,1
97205930162020,0.002071565992082469,0.021623384338152994,6.750840824327907e-05,-0.0002960488434058851,0.021776659651232655,0.0,0.0,0.00030364832491613925,0.021623384207487106,TRACKING,True,1
97205932236359,0.002074332005577162,0.021858399444085987,0.00019544688959575258,-0.0001822809315450857,0.02181814643120319,0.0,0.0,0.0002672561095096171,0.021858399733901024,TRACKING,True,1
97205934309297,0.002073341005598195,0.02191723875154616,0.0004167976475029614,-0.0003120697520541089,0.021859605191173744,0.0,0.0,0.0005206801579333842,0.02191723883152008,TRACKING,True,1
97205936407364,0.0020980789995519444,0.02177608218071483,7.029413061614218e-05,-0.0002768647017997903,0.021901566531143946,0.0,0.0,0.0002856489736586809,0.02177608199417591,TRACKING,True,1
97205938502873,0.0020960739930160344,0.021682870963172722,5.146293081636768e-05,-0.0002949474602885468,0.021943476711114178,0.0,0.0,0.0002994034730363637,0.021682871505618095,TRACKING,True,1
97205940595707,0.0020926160068484023,0.021559215414774065,-0.00024628847593040224,2.8641752018444735e-05,0.021985333391084452,0.0,0.0,0.00024794830824248493,0.0215592160820961,TRACKING,True,1
97205942698616,0.0021029589988756925,0.021743344979424734,-0.00019928153226654645,2.301040264649888e-05,0.022027391571054582,0.0,0.0,0.0002006056165555492,0.021743344143033028,TRACKING,True,1
97205944787645,0.0020892469910904765,0.0218740450630378,7.88469010155638e-06,0.00011580868137279677,0.02206917215102491,0.0,0.0,0.00011607677879510447,0.021874045953154564,TRACKING,True,1
97205946877334,0.0020894129993394017,0.02188157862513156,-0.00014346639632074152,-0.00012141658383800472,0.022110965930995225,0.0,0.0,0.00018794837524183095,0.021881578490138054,TRACKING,True,1
97205948967093,0.0020897170034004375,0.02178234304092493,0.0001599736743291154,-0.0002430226663889743,0.022152761110965542,0.0,0.0,0.00029094945057295263,0.021782342344522476,TRACKING,True,1
97205951021251,0.0020535730000119656,0.021595169446512727,-4.9453877247281275e-05,-0.0002979912846453623,0.022193844270936364,0.0,0.0,0.000302067055599764,0.021595168858766556,TRACKING,True,1
97205953095134,0.002073754003504291,0.02191264946678214,-0.0001914981210228397,-9.513958116734667e-05,0.02223532193090691,0.0,0.0,0.00021382953855209053,0.021912649273872375,TRACKING,True,1
97205955166951,0.0020719199965242296,0.022141788042662366,0.00010479540442374094,0.00032879597674574597,0.02227675827087748,0.0,0.0,0.000345092557836324,0.02214178815484047,TRACKING,True,1
97205957238734,0.002071636001346633,0.022746471276554003,0.0003100558657945677,2.139319873755265e-06,0.02231819393084805,0.0,0.0,0.0003100632457062602,0.02274647168815136,TRACKING,True,1
97205959310147,0.002071547001833096,0.02256388951185497,0.00024323664998638153,0.00037342646245145473,0.022359622190818627,0.0,0.0,0.0004456583992578089,0.022563889622688293,TRACKING,True,1
97205961414038,0.0021036510006524622,0.022656304717369936,0.0003723577607423127,0.00020818698286069947,0.022401700010788745,0.0,0.0,0.00042660534381866455,0.022656304761767387,TRACKING,True,1
97205965308762,0.0038951729948166758,0.02272803409759705,0.0003679011853210617,5.13313602791839e-05,0.022479594490733425,0.0,0.0,0.00037146490649320185,0.022728033363819122,TRACKING,True,1
97205967979758,0.0026707060023909435,0.022826878749588223,0.00042850032330756774,4.291974513091273e-06,0.022533014410695485,0.0,0.0,0.00042852180195041,0.02282687835395336,TRACKING,True,1
97205970276539,0.0022970849968260154,0.02295010765696724,0.0005712545077628924,1.4537902013153447e-05,0.02257895003066286,0.0,0.0,0.0005714394501410425,0.022950107231736183,TRACKING,True,1
97205972480907,0.00220471499778796,0.02286180631821642,0.0003105670914144913,-0.00010227284303646725,0.02262303739063155,0.0,0.0,0.00032697347342036664,0.02286180667579174,TRACKING,True,1
97205974562113,0.0020810390124097466,0.02284809007935112,0.00012488039541464754,-0.00012192507548897131,0.022664661510601987,0.0,0.0,0.0001745303306961432,0.022848090156912804,TRACKING,True,1
97205976645570,0.002083892992231995,0.022686908234543092,-0.00019660016387064918,-0.00024706056472659135,0.022706330650572395,0.0,0.0,0.0003157380851916969,0.022686908021569252,TRACKING,True,1
97205978738858,0.0020935990032739937,0.0227968737126102,-0.000339392883644675,-0.0002753048955699061,0.02274819641054266,0.0,0.0,0.0004370129609014839,0.0227968730032444,TRACKING,True,1
97205980950513,0.002210548991570249,0.023119607863693614,-1.537523507213535e-05,-0.0003016065602684709,0.022792429510511244,0.0,0.0,0.0003019982250407338,0.0231196079403162,TRACKING,True,1
97205983030508,0.0020799610065296292,0.023154674110774973,-0.0001271966635527678,9.92075066025271e-05,0.0228340294104817,0.0,0.0,0.00016131062875501812,0.023154674097895622,TRACKING,True,1
97205985106411,0.002076007003779523,0.022978058829541827,-6.722349696470882e-05,0.0003127327125374334,0.022875547470452215,0.0,0.0,0.00031987615511752665,0.022978058084845543,TRACKING,True,1
97205987202356,0.002095730000291951,0.022836148391176387,0.0001913220621860184,5.344056333671628e-05,0.022917466370422444,0.0,0.0,0.0001986454735742882,0.022836148738861084,TRACKING,True,1
97205989270952,0.00206839399470482,0.02295174528249715,6.927897365419593e-05,1.822420316096828e-05,0.02295883829039306,0.0,0.0,7.163586997194216e-05,0.022951744496822357,TRACKING,True,1
97205991356889,0.0020867470011580735,0.023026813371708078,3.077951238127878e-05,-0.000171524941819556,0.023000557030363432,0.0,0.0,0.0001742647000355646,0.023026812821626663,TRACKING,True,1
97205993565019,0.0022074279986554757,0.023217945541219955,0.00014911853813326335,0.00012189875291418402,0.023044719630332066,0.0,0.0,0.0001926022960105911,0.02321794629096985,TRACKING,True,1
97205998798607,0.005234074997133575,0.023471483240659136,-0.0001464596311846985,0.00030942035381322,0.023149391390257727,0.0,0.0,0.000342332263244316,0.02347148396074772,TRACKING,True,1
97206001883483,0.0030844730063108727,0.023640622836954072,-0.00019006690156730518,0.000385110410718923,0.02321108891021391,0.0,0.0,0.0004294594982638955,0.023640623316168785,TRACKING,True,1
97206004953340,0.003069853992201388,0.023801868706164804,-0.0002192359425660052,-1.1170986464968647e-06,0.023272486050170304,0.0,0.0,0.00021923877648077905,0.02380186878144741,TRACKING,True,1
97206007377618,0.0024244900123449042,0.023593806673070084,0.00036156965287334675,4.1656163394679964e-05,0.023320971610135872,0.0,0.0,0.0003639613278210163,0.023593807592988014,TRACKING,True,1
97206009923394,0.002545634997659363,0.023324735117182405,0.00018621840542470955,-0.00015229257666350124,0.02337188713009971,0.0,0.0,0.0002405625127721578,0.023324735462665558,TRACKING,True,1
97206012076156,0.002153085995814763,0.023314132561857964,0.0001363290814313235,-0.0005588377070608174,0.023414942370069133,0.0,0.0,0.0005752262659370899,0.023314133286476135,TRACKING,True,1
97206014150049,0.0020737979939440265,0.023458888533120073,0.0003417634451178708,-0.00039428396983946735,0.023456420230039673,0.0,0.0,0.0005217873840592802,0.02345888875424862,TRACKING,True,1
97206016224278,0.002074129006359726,0.023432919900825508,0.00041581888796582845,-0.0004810973677898829,0.02349790481001021,0.0,0.0,0.0006358930841088295,0.02343291975557804,TRACKING,True,1
97206018302425,0.0020780659979209304,0.02327580864993884,1.632501608299803e-05,-0.0003371954951803254,0.023539467749980694,0.0,0.0,0.0003375904343556613,0.02327580936253071,TRACKING,True,1
97206020375757,0.0020733590063173324,0.023484936798434927,-6.117016986077634e-06,-0.00011759558694177016,0.023580934389951243,0.0,0.0,0.00011775457096518949,0.023484935984015465,TRACKING,True,1
97206022467183,0.0020921649993397295,0.02371270924721114,8.513967241499079e-05,-0.00022111616073023412,0.023622762909921536,0.0,0.0,0.00023694118135608733,0.023712709546089172,TRACKING,True,1
97206024561334,0.002093564995448105,0.023676146598774865,0.000278961857569724,-0.00033038090874702047,0.02366464592989179,0.0,0.0,0.000432401750003919,0.02367614582180977,TRACKING,True,1
97206026648253,0.0020871150045422837,0.023670269800703244,0.00010363999289553043,-0.0002445573338481364,0.023706384309862147,0.0,0.0,0.0002656116266734898,0.023670269176363945,TRACKING,True,1
97206028735967,0.0020878709910903126,0.023533493363662325,-0.00017658954571928557,0.0003028596228399482,0.023748138589832494,0.0,0.0,0.00035058209323324263,0.023533493280410767,TRACKING,True,1
97206030806303,0.0020696620049420744,0.0238243189414088,-0.00024184761040966076,0.00018361338442749936,0.023789545309803085,0.0,0.0,0.00030365135171450675,0.02382431924343109,TRACKING,True,1
97206032895116,0.002089328001602553,0.02397747398056546,-0.00021733292994216923,0.00022863834796121358,0.023831321569773415,0.0,0.0,0.0003154506266582757,0.023977473378181458,TRACKING,True,1
97206034984096,0.002089173998683691,0.02385823635537311,-0.00020427479721323762,0.0001313393083930334,0.023873101169743744,0.0,0.0,0.00024285429390147328,0.023858236148953438,TRACKING,True,1
97206037020331,0.002035326004261151,0.02382469369678048,-0.0005727448018452019,8.795851933097592e-05,0.02391382586971482,0.0,0.0,0.0005794595344923437,0.023824693635106087,TRACKING,True,1
97206039086513,0.0020662079914472997,0.023947366377569973,-0.0002821504782115182,-0.00012254552604921157,0.023955149509685473,0.0,0.0,0.00030761389643885195,0.02394736558198929,TRACKING,True,1
97206041152881,0.002066478002234362,0.024055757672831087,-0.0001425377948844239,-0.0003970563145725778,0.02399647686965612,0.0,0.0,0.00042186578502878547,0.024055758491158485,TRACKING,True,1
97206043221170,0.0020682989998022094,0.023681970683625857,-6.019265535943505e-06,-0.00042663283508431987,0.02403784264962674,0.0,0.0,0.00042667530942708254,0.023681970313191414,TRACKING,True,1
97206045297553,0.002077537006698549,0.02403352208062308,0.00038099071432715043,-0.00037877123224153473,0.02407937030959725,0.0,0.0,0.0005372351151891053,0.024033522233366966,TRACKING,True,1
97206048369461,0.0030708039994351566,0.023976779285642444,0.000242108738900137,-0.00012178741892070497,0.024140808469553614,0.0,0.0,0.0002710144326556474,0.023976778611540794,TRACKING,True,1
97206050698167,0.002329419003217481,0.023876729675924066,0.0003791945104343334,0.00010007461565075134,0.024187382589520537,0.0,0.0,0.00039217775338329375,0.023876730352640152,TRACKING,True,1
97206052949553,0.00225058599608019,0.0241519866331279,0.0001459233151150946,0.00022897044935093298,0.024232410309488556,0.0,0.0,0.0002715162409003824,0.024151986464858055,TRACKING,True,1
97206055261249,0.002312058990355581,0.02438048159721679,-0.00012273589500371246,0.0005229103565856914,0.02427864422945572,0.0,0.0,0.0005371213774196804,0.024380480870604515,TRACKING,True,1
97206057341536,0.002080151010886766,0.024333696775912853,-1.2616424317505234e-05,0.00024112865321512268,0.024320249969426173,0.0,0.0,0.00024145848874468356,0.02433369681239128,TRACKING,True,1
97206059427166,0.0020860759977949783,0.024441943503017288,0.00020036132777606126,9.338954313988141e-06,0.024361962569396548,0.0,0.0,0.00020057885558344424,0.02444194257259369,TRACKING,True,1
97206061518666,0.0020921359973726794,0.02415926746683523,4.733122957140912e-05,-0.00022913721446020822,0.02440379256936684,0.0,0.0,0.00023397458426188678,0.0241592675447464,TRACKING,True,1
97206063593354,0.0020734360005008057,0.02415409878911184,7.335649490210552e-06,-0.00015871797536894466,0.02444528632933737,0.0,0.0,0.00015888740017544478,0.024154098704457283,TRACKING,True,1
97206065683759,0.0020909890008624643,0.02453449157130662,-0.00017816673388365564,-3.8518952791826135e-05,0.024487094429307677,0.0,0.0,0.00018228300905320793,0.024534491822123528,TRACKING,True,1
97206067773688,0.0020900590025121346,0.02447000281478613,0.0001310019308866762,0.000429966487835321,0.02452889300927799,0.0,0.0,0.0004494804597925395,0.024470003321766853,TRACKING,True,1
97206069867655,0.0020942029950674623,0.02458954237778506,0.0003850292718602825,0.00018039807804722105,0.02457077234924825,0.0,0.0,0.0004251952632330358,0.02458954229950905,TRACKING,True,1
97206071962966,0.002095418007229455,0.024338884750709767,1.8226971127399292e-05,-0.0001684849078277094,0.024612678569218487,0.0,0.0,0.00016946795221883804,0.02433888427913189,TRACKING,True,1
97206074046993,0.002083990999381058,0.024308950082293255,-3.180301692181719e-05,9.868709994500504e-05,0.024654359109188884,0.0,0.0,0.00010368498624302447,0.0243089497089386,TRACKING,True,1
97206076129476,0.002081728001940064,0.02460236888412448,6.275829378897757e-05,-1.3037780102326992e-05,0.024696008769159304,0.0,0.0,6.409826164599508e-05,0.024602368474006653,TRACKING,True,1
97206078220336,0.0020909449958708137,0.024549827041517824,4.598332535456024e-05,1.627671599739401e-05,0.024737825969129604,0.0,0.0,4.877906758338213e-05,0.024549826979637146,TRACKING,True,1
97206080297106,0.0020765139925060794,0.024706975993786757,9.608508321904452e-05,-1.084278230946874e-05,0.024779361369100108,0.0,0.0,9.669492283137515e-05,0.024706976488232613,TRACKING,True,1
97206084201973,0.0039047790050972253,0.024443461052353108,-0.0001392747112642749,-0.00015563389528726196,0.02485745870904464,0.0,0.0,0.00020885247795376927,0.024443460628390312,TRACKING,True,1
97206086995450,0.0027949380018981174,0.024945969826100586,-0.00016652941874217803,2.1454549280273705e-05,0.024913328249004964,0.0,0.0,0.0001679057750152424,0.024945970624685287,TRACKING,True,1
97206089047167,0.0020505150023382157,0.025241310800747152,-4.716099984509325e-05,-5.702973012293772e-05,0.02495436258897582,0.0,0.0,7.400372123811394e-05,0.025241311639547348,TRACKING,True,1
97206091116307,0.002069009991828352,0.025129451201057654,-0.0002144905910386798,1.8431138873205667e-05,0.02499574538894643,0.0,0.0,0.0002152810338884592,0.025129450485110283,TRACKING,True,1
97206093184718,0.0020686180068878457,0.02532820506938927,-3.5395455086748175e-05,0.00015048185580674055,0.02503711360891705,0.0,0.0,0.00015458856069017202,0.02532820589840412,TRACKING,True,1
97206095254360,0.002069359994493425,0.02539673695232635,0.00033758453166204066,-1.7591800929974837e-05,0.025078506448887653,0.0,0.0,0.00033804256236180663,0.025396736338734627,TRACKING,True,1
97206097356040,0.002102651007589884,0.025354984887080597,0.00034330108341409205,0.00021299756453763174,0.0251205400488578,0.0,0.0,0.0004040093917865306,0.025354985147714615,TRACKING,True,1
97206099443573,0.002087303000735119,0.024878015964071593,0.0001260581777643356,9.90520059347771e-05,0.025162290708828146,0.0,0.0,0.00016031831910368055,0.024878015741705894,TRACKING,True,1
97206101529416,0.0020858139905612916,0.02483843881683373,0.00023304299294270574,0.00010284209579419548,0.02520400756879852,0.0,0.0,0.00025472641573287547,0.024838438257575035,TRACKING,True,1
97206103626018,0.002097236007102765,0.0249419443057942,-0.00014472888786404747,-0.0001722996327092637,0.02524593960876874,0.0,0.0,0.00022501914645545185,0.02494194358587265,TRACKING,True,1
97206105711598,0.0020846940024057403,0.024917355477562003,-1.1317865574639823e-05,-0.00033006332777187313,0.025287651208739114,0.0,0.0,0.0003302573168184608,0.024917354807257652,TRACKING,True,1
97206107795526,0.002084022999042645,0.024721455493395265,-0.0002688668842387029,-0.00031844157026428093,0.025329329768709514,0.0,0.0,0.00041676664841361344,0.024721454828977585,TRACKING,True,1
97206109881335,0.002090370995574631,0.025284062187099034,0.00027733307775779743,-0.00029108599707128606,0.025371045948679886,0.0,0.0,0.00040205061668530107,0.025284063071012497,TRACKING,True,1
97206111974764,0.0020888080034637824,0.02552886777408095,0.0004298101726682033,4.419039662487476e-05,0.025412914528650153,0.0,0.0,0.00043207587441429496,0.025528868660330772,TRACKING,True,1
97206114034390,0.002059851001831703,0.025509892180059977,4.129198407468144e-05,-5.961534071651774e-05,0.025454107048620896,0.0,0.0,7.251907663885504e-05,0.025509892031550407,TRACKING,True,1
97206116100774,0.0020655759872170165,0.025198526277439473,6.916582154389287e-05,0.00010150680608021065,0.025495434728591546,0.0,0.0,0.00012283134856261313,0.025198526680469513,TRACKING,True,1
97206118185189,0.0020851110020885244,0.025008064270511002,3.479652989908187e-05,0.00011762071221839799,0.02553712302856194,0.0,0.0,0.00012265982513781637,0.02500806376338005,TRACKING,True,1
97206120254659,0.002068686007987708,0.025466011092495834,0.00027009876243026045,0.00021952334512422516,0.025578512428532544,0.0,0.0,0.0003480572486296296,0.025466011837124825,TRACKING,True,1
97206122320522,0.0020658080029534176,0.02542636573589149,0.0001067955573455484,0.00035742615542072337,0.0256198296885032,0.0,0.0,0.000373039860278368,0.025426365435123444,TRACKING,True,1
97206124393356,0.0020738829916808754,0.02543031366766454,6.066799157832779e-05,0.0005100646532041618,0.025661286368473757,0.0,0.0,0.0005136599647812545,0.025430314242839813,TRACKING,True,1
97206126484785,0.0020917520014336333,0.02557984689915997,-0.00020862533215012638,0.0002740263769141942,0.025703114948444048,0.0,0.0,0.0003444052708800882,0.025579847395420074,TRACKING,True,1
97206128552834,0.0020666920026997104,0.025782635289681968,-0.0001683899091824327,0.0003846657682863786,0.025744475928414674,0.0,0.0,0.0004199082322884351,0.025782635435461998,TRACKING,True,1
97206130642970,0.0020908709993818775,0.02604337034908921,-0.00022541504569923522,0.00015611839491981526,0.025786278648384984,0.0,0.0,0.0002741986245382577,0.026043370366096497,TRACKING,True,1
97206132705668,0.0020618019916582853,0.02597605325164272,-0.0003611298533867367,0.00016803834737950306,0.025827532608355686,0.0,0.0,0.000398310978198424,0.02597605250775814,TRACKING,True,1
97206134796822,0.0020922920084558427,0.02593417299311669,-9.074503581218095e-05,-2.50720029485829e-07,0.025869355688325983,0.0,0.0,9.074538684217259e-05,0.02593417279422283,TRACKING,True,1
97206136893787,0.0020974759972887114,0.025796463576355063,0.00027214097311304753,-0.00015848246669647069,0.025911294988296196,0.0,0.0,0.00031492445850744843,0.02579646371304989,TRACKING,True,1
97206138998981,0.002104125000187196,0.02577609012012199,4.260263638161278e-05,-0.00015663045096454272,0.025953398868266295,0.0,0.0,0.00016232092457357794,0.0257760901004076,TRACKING,True,1
97206141073004,0.002074115996947512,0.02571842618851727,1.898733196999919e-05,-0.00022744987781349373,0.025994879328236836,0.0,0.0,0.00022824102779850364,0.02571842633187771,TRACKING,True,1
97206143150019,0.002076971999485977,0.025786104291480164,7.720025079608254e-05,-1.986349924146396e-05,0.02603641962820733,0.0,0.0,7.971472950885072e-05,0.025786103680729866,TRACKING,True,1
97206145230477,0.002080656006000936,0.026003448866299704,-8.313928681466734e-05,5.858586642305247e-05,0.026078028788177783,0.0,0.0,0.00010170764289796352,0.02600344829261303,TRACKING,True,1
97206147306095,0.002075295997201465,0.02605211133189997,-7.273947069876972e-05,-0.00027238829478672333,0.0261195411481483,0.0,0.0,0.00028193334583193064,0.026052111759781837,TRACKING,True,1
97206149398790,0.00209377400460653,0.02624077620675851,-7.20519270960702e-05,0.0001320470693730017,0.026161395048118572,0.0,0.0,0.00015042576706036925,0.026240775361657143,TRACKING,True,1
97206151492547,0.002093371993396431,0.026371231056130057,-0.000247361515709346,-0.00016224390862091965,0.026203270188088833,0.0,0.0,0.00029582224669866264,0.02637123130261898,TRACKING,True,1
97206153585068,0.0020925740100210533,0.02656184612525776,-0.00031638922264544693,1.8907136478814253e-05,0.02624512060805911,0.0,0.0,0.0003169536648783833,0.02656184695661068,TRACKING,True,1
97206155674951,0.002089708999847062,0.026437963826874654,0.00017519654977925052,2.644288216101111e-05,0.026286918268029424,0.0,0.0,0.00017718086019158363,0.026437964290380478,TRACKING,True,1
97206157764415,0.002089688990963623,0.026700233217356484,0.0003521954493802298,-6.609370959328001e-05,0.026328707547999746,0.0,0.0,0.000358343415427953,0.026700234040617943,TRACKING,True,1
97206159853999,0.0020892309985356405,0.02655215779003685,0.0004937319853543154,-4.125851471526189e-05,0.026370499227970065,0.0,0.0,0.0004954528412781656,0.02655215747654438,TRACKING,True,1
97206161945719,0.0020918299996992573,0.026375934215525743,0.0005349329982072093,0.0004384261853628069,0.026412333627940356,0.0,0.0,0.0006916435668244958,0.02637593448162079,TRACKING,True,1
97206164019971,0.002073579002171755,0.026428312971966975,0.0005982076230991278,0.0002560773683937962,0.02645381866791089,0.0,0.0,0.0006507134530693293,0.026428312063217163,TRACKING,True,1
97206166092867,0.0020728469971800223,0.026729472624189347,0.00034559401614997774,0.0004095354734246224,0.026495276587881447,0.0,0.0,0.0005358679918572307,0.02672947198152542,TRACKING,True,1
97206168181687,0.0020899259980069473,0.026793187448735118,0.00019510601161533704,0.0003123254786496796,0.026537052987851778,0.0,0.0,0.0003682574606500566,0.026793187484145164,TRACKING,True,1
97206170262273,0.0020796860044356436,0.026654941321130717,-6.980632172616828e-05,1.8498253331180887e-05,0.026578664707822226,0.0,0.0,7.221570558613166e-05,0.026654941961169243,TRACKING,True,1
97206172341003,0.0020792560098925605,0.02666964270599568,-0.00022626645826381386,0.00010052605347666382,0.026620239307792698,0.0,0.0,0.00024759242660366,0.026669641956686974,TRACKING,True,1
97206174430858,0.0020899149967590347,0.026801241655042395,-5.033639245762624e-05,-1.4213249552505662e-05,0.026662036407763014,0.0,0.0,5.23045782756526e-05,0.02680124156177044,TRACKING,True,1
97206176530807,0.0021000970009481534,0.026816381425486868,-2.5798884934475036e-05,0.0002403429309070642,0.026704035387733187,0.0,0.0,0.00024172361008822918,0.02681638114154339,TRACKING,True,1
97206178630809,0.0021004229929530993,0.026686389419357723,-7.413544308245702e-05,0.00012408727546235843,0.026746035427703357,0.0,0.0,0.00014454658958129585,0.02668638899922371,TRACKING,True,1
97206180726847,0.002120849007042125,0.026737855823894853,-0.00017045754094052287,-2.1334532984203182e-05,0.026787956187673583,0.0,0.0,0.0001717874692985788,0.02673785574734211,TRACKING,True,1
97206182847291,0.0020951109909219667,0.026994869183364568,-0.00021204838206402603,0.00016378959807451183,0.026830365067643466,0.0,0.0,0.00026793943834491074,0.026994869112968445,TRACKING,True,1
97206184945372,0.0020977040112484246,0.027358465419334344,0.00010639575418068892,-0.00020765789740628568,0.026872326687613662,0.0,0.0,0.00023332779528573155,0.027358464896678925,TRACKING,True,1
97206187056204,0.00211041999864392,0.027380030250488727,0.00016689689336401382,-2.2631744784292867e-05,0.02691454332758368,0.0,0.0,0.00016842437617015094,0.02738003060221672,TRACKING,True,1
97206189130821,0.0020747079979628325,0.02697685020871299,0.0002562077227389377,-0.0001979758162937547,0.026956035667554213,0.0,0.0,0.00032378514879383147,0.026976849883794785,TRACKING,True,1
97206191200672,0.0020698409934993833,0.0272583416621037,0.00036950664420221167,0.0003439060653785644,0.026997432687524813,0.0,0.0,0.0005047836457379162,0.027258342131972313,TRACKING,True,1
97206193343517,0.0021430630004033446,0.027151431650305445,-2.5547303617094578e-05,0.000421033306520369,0.027040289587494375,0.0,0.0,0.00042180766467936337,0.027151431888341904,TRACKING,True,1
97206197621427,0.004277813000953756,0.02733990876947694,-7.395893792093746e-05,0.0005264053155213323,0.02712584778743361,0.0,0.0,0.0005315754096955061,0.027339909225702286,TRACKING,True,1
97206200268576,0.0026469480071682483,0.027446306302773053,-0.00026812370772929693,0.0002857242617466026,0.02717879076739601,0.0,0.0,0.0003918273432645947,0.027446305379271507,TRACKING,True,1
97206202866147,0.00259753099817317,0.027328775964398696,-0.00018085000997163314,0.00022896512465469008,0.027230742187359113,0.0,0.0,0.00029177346732467413,0.027328776195645332,TRACKING,True,1
97206204948166,0.0020825539977522567,0.027223241395673763,-0.00014073645738790734,0.00026398725736604284,0.02727238256732954,0.0,0.0,0.0002991588553413749,0.027223240584135056,TRACKING,True,1
97206207157358,0.002209098995081149,0.02728316454531343,-0.00012819959777900637,0.00012543965462529796,0.02731656640729816,0.0,0.0,0.00017936064978130162,0.027283163741230965,TRACKING,True,1
97206209249361,0.00209187000291422,0.02733173012455284,-0.0004162328885698591,0.00012014233041392902,0.027358406467268444,0.0,0.0,0.00043322509736754,0.027331730350852013,TRACKING,True,1
97206211348852,0.0020996899984311312,0.027210870130211822,-0.0002373833856911683,-0.00017701200548487435,0.027400396287238622,0.0,0.0,0.00029611506033688784,0.027210870757699013,TRACKING,True,1
97206213448417,0.0020998300024075434,0.027499300657822526,-9.907661258970878e-05,-0.00034594144887310183,0.0274423875872088,0.0,0.0,0.0003598495095502585,0.027499301359057426,TRACKING,True,1
97206215573897,0.002125177998095751,0.027576398655465115,-0.0001896087562165839,0.00011285450365673704,0.02748489718717861,0.0,0.0,0.00022065271332394332,0.027576398104429245,TRACKING,True,1
97206217759087,0.0021850189950782806,0.02768725559647949,-0.0002542746616404349,0.00012384073818070258,0.027528600987147572,0.0,0.0,0.0002828288124874234,0.027687255293130875,TRACKING,True,1
97206219955350,0.002196353001636453,0.027680117503262113,6.335605623819637e-05,0.00015493666251710397,0.027572526247116376,0.0,0.0,0.00016738983686082065,0.02768011763691902,TRACKING,True,1
97206222151844,0.002196535002440214,0.02778990947213147,-0.00014920655582038156,0.0002535785528842762,0.027616456127085177,0.0,0.0,0.0002942187711596489,0.02778990939259529,TRACKING,True,1
97206224266024,0.0021143460035091266,0.02816013909701672,3.054324533720287e-05,0.00016747584589871597,0.027658739727055147,0.0,0.0,0.00017023819964379072,0.02816013991832733,TRACKING,True,1
97206226372862,0.0021068839996587485,0.028065794412530667,-0.00014001705668268888,0.00015293131961954413,0.02770087648702522,0.0,0.0,0.0002073469659080729,0.028065795078873634,TRACKING,True,1
97206228481886,0.0021096220007166266,0.027793387915448053,-6.998197581019557e-05,4.040305489811329e-05,0.027743056966995264,0.0,0.0,8.080770203378052e-05,0.027793388813734055,TRACKING,True,1
97206230585116,0.0021026030008215457,0.02768187623511316,7.154179139263186e-05,-0.0002298697311395723,0.027785121566965387,0.0,0.0,0.00024074535758700222,0.027681875973939896,TRACKING,True,1
97206232686055,0.0021011229982832447,0.027767668855275325,-0.00018034742016661713,0.00019401668793209403,0.027827140346935546,0.0,0.0,0.0002648918016348034,0.027767669409513474,TRACKING,True,1
97206234880834,0.0021942970051895827,0.028201117320394826,4.877386640262486e-05,0.0004781753641500959,0.02787103592690437,0.0,0.0,0.0004806563665624708,0.028201118111610413,TRACKING,True,1
97206236984832,0.002130435997969471,0.028245776484629993,0.0001410748576233779,0.00024261184423056385,0.027913115886874486,0.0,0.0,0.00028064678190276027,0.028245776891708374,TRACKING,True,1
97206239090106,0.0020784039952559397,0.02802159910098783,0.00012559816175577226,7.151103782311876e-05,0.02795522136684458,0.0,0.0,0.00014452931645791978,0.028021598234772682,TRACKING,True,1
97206241160424,0.002070333997835405,0.027974763650339927,0.0002237145009205259,3.4966088945271304e-05,0.027996627726815174,0.0,0.0,0.0002264305658172816,0.02797476388514042,TRACKING,True,1
97206243238441,0.0020780519989784807,0.02775746479917587,0.0001163854850424166,-0.0001030883438888693,0.02803818806678566,0.0,0.0,0.00015547599468845874,0.027757463976740837,TRACKING,True,1
97206245310025,0.0020722500048577785,0.027860376833224666,-0.00011122867907578656,0.00016135698866156855,0.028079619746756233,0.0,0.0,0.00019597932987380773,0.027860376983880997,TRACKING,True,1
97206247409595,0.002100302997860126,0.02833661740997517,-0.0002598970601220157,0.00023174324497421287,0.02812161114672641,0.0,0.0,0.00034821173176169395,0.028336618095636368,TRACKING,True,1
97206249515866,0.0021060370054328814,0.02842249924127398,-0.0003487131114816188,0.0001783339378529376,0.028163736566696494,0.0,0.0,0.00039166799979284406,0.02842249907553196,TRACKING,True,1
97206251610894,0.0020950179896317422,0.02863878926988342,-6.021619363142641e-05,0.00041694333994750046,0.028205637126666735,0.0,0.0,0.00042126921471208334,0.028638789430260658,TRACKING,True,1
97206253703931,0.002093184011755511,0.028327934517576404,-0.00016207175941805412,0.0003308036922034433,0.028247497866637005,0.0,0.0,0.0003683725371956825,0.028327934443950653,TRACKING,True,1
97206257883062,0.004178299001068808,0.028432285100160465,-8.9221374777915e-05,0.00015302081882203738,0.028331080486577644,0.0,0.0,0.00017713222769089043,0.02843228541314602,TRACKING,True,1
97206261359862,0.0034770829952321947,0.02838610666881352,-0.00015668505459707517,0.0001891492429866572,0.02840061648652826,0.0,0.0,0.0002456168585922569,0.028386106714606285,TRACKING,True,1
97206263433600,0.002073095995001495,0.027948258063169654,0.00019662373122480186,3.581231709691012e-05,0.028442091246498803,0.0,0.0,0.0001998584921238944,0.027948258444666862,TRACKING,True,1
97206265522182,0.0020895019988529384,0.027920885266836875,0.00023305797630678154,-0.00022091326342115773,0.028483862886469136,0.0,0.0,0.00032112098415382206,0.027920885011553764,TRACKING,True,1
97206267618506,0.002096480006002821,0.02824460365056396,8.573074908462626e-05,-2.7155115022967367e-05,0.02852578936643936,0.0,0.0,8.992864604806527e-05,0.02824460342526436,TRACKING,True,1
97206269715445,0.002097072996548377,0.02853936436512426,0.0002957924963013241,-9.872443134767763e-05,0.028567728146409573,0.0,0.0,0.000311832845909521,0.028539365157485008,TRACKING,True,1
97206271808278,0.002091793008730747,0.02854860808100225,0.0001949684175253818,-0.00031052430725210013,0.028609584806379845,0.0,0.0,0.000366657943231985,0.028548607602715492,TRACKING,True,1
97206273899578,0.002091944988933392,0.028728117245195736,0.00015524055173745424,-0.0004334704578459482,0.02865141080635014,0.0,0.0,0.0004604305431712419,0.028728118166327477,TRACKING,True,1
97206275984423,0.0020848860003752634,0.028968968214559628,0.00035197448441837706,-0.0005084021417439389,0.02869310770632053,0.0,0.0,0.000618351623415947,0.028968967497348785,TRACKING,True,1
97206278039607,0.002055218006717041,0.029023197142434957,0.000457270167509165,-0.00016871760982298863,0.028734211386291335,0.0,0.0,0.0004874029546044767,0.029023196548223495,TRACKING,True,1
97206280113550,0.002073205992928706,0.028793233215772783,4.825244851775027e-05,-0.00012289770797069196,0.02877569024626188,0.0,0.0,0.00013203085109125823,0.028793232515454292,TRACKING,True,1
97206282185616,0.0020717510051326826,0.028747395268160024,3.536398013800558e-05,-9.153352468324816e-05,0.028817131566232446,0.0,0.0,9.812745702220127e-05,0.028747394680976868,TRACKING,True,1
97206284258175,0.0020725749927805737,0.028916638533662015,-7.26060513621889e-05,-8.229872337022528e-05,0.028858582746203006,0.0,0.0,0.00010974843462463468,0.02891663834452629,TRACKING,True,1
97206286328644,0.002070747999823652,0.02947879997722833,-6.470341411020588e-05,8.49048874014383e-05,0.028899992126173595,0.0,0.0,0.00010674911027308553,0.029478799551725388,TRACKING,True,1
97206288411422,0.0020832700101891533,0.029372147507870962,2.590272803323904e-06,-0.00010465801344731931,0.028941647686144014,0.0,0.0,0.00010469006519997492,0.02937214821577072,TRACKING,True,1
97206290511887,0.0021011670032748953,0.02936133033074156,-3.038151907842807e-06,8.447780541954264e-05,0.028983656986114176,0.0,0.0,8.453241753159091e-05,0.029361329972743988,TRACKING,True,1
97206292593523,0.002080644990201108,0.029643175912806883,3.5576734108313404e-05,0.000195534309778801,0.02902528970608461,0.0,0.0,0.000198744484805502,0.02964317612349987,TRACKING,True,1
97206294694589,0.0021007300092605874,0.029285830727865492,4.798612643563811e-05,0.00040873587334026927,0.029067311026054764,0.0,0.0,0.0004115430638194084,0.02928583137691021,TRACKING,True,1
97206297056170,0.0023614719975739717,0.0292465945534644,-7.979884969250948e-05,0.00030348759922435543,0.02911454264602122,0.0,0.0,0.00031380343716591597,0.02924659475684166,TRACKING,True,1
97206299834557,0.0027785429992945865,0.02921878184424661,-9.060051558506738e-05,0.00013169368376706996,0.029170110385981756,0.0,0.0,0.00015984893252607435,0.029218781739473343,TRACKING,True,1
97206301910321,0.002075687996693887,0.02960627318411154,-0.00021100323365304824,1.4134338549277802e-05,0.02921162566595227,0.0,0.0,0.00021147611550986767,0.029606273397803307,TRACKING,True,1
97206304021799,0.0021119989978615195,0.029410065231879508,9.138745781150814e-05,-3.726502142911092e-05,0.02925385522592228,0.0,0.0,9.869321365840733e-05,0.029410066083073616,TRACKING,True,1
97206306097670,0.0020756309968419373,0.02963616115513555,9.22829887094389e-05,-2.434173179426477e-05,0.029295372645892794,0.0,0.0,9.543934720568359e-05,0.029636161401867867,TRACKING,True,1
97206308171578,0.002073676005238667,0.029298711291113447,0.00028075094736602565,8.54123438420562e-05,0.029336850805863336,0.0,0.0,0.000293455901555717,0.02929871156811714,TRACKING,True,1
97206310243683,0.002072121002129279,0.02943255329426325,0.00016265091198624512,-1.643288124158515e-05,0.0293782929058339,0.0,0.0,0.00016347893688362092,0.02943255379796028,TRACKING,True,1
97206312328524,0.002085596992401406,0.029232418817003673,0.0002780804925361258,4.152495367702761e-05,0.02941998972580429,0.0,0.0,0.00028116381145082414,0.029232418164610863,TRACKING,True,1
97206314415332,0.002086195003357716,0.029282423704518723,6.866474437391845e-05,5.121954116243382e-05,0.029461725885774646,0.0,0.0,8.56638143886812e-05,0.029282424598932266,TRACKING,True,1
97206316512881,0.00209832499967888,0.02937779471722282,0.00034316492818869124,0.00017578446711730969,0.029503676865744854,0.0,0.0,0.0003855675458908081,0.02937779389321804,TRACKING,True,1
97206318669089,0.0021553080005105585,0.029363601322729672,2.499279159435977e-05,7.41214614531245e-05,0.029546801025714227,0.0,0.0,7.822167390258983e-05,0.0293636005371809,TRACKING,True,1
97206321543362,0.002874138008337468,0.029318392188526207,3.340078236460949e-05,0.00012408735692025298,0.029604286485673398,0.0,0.0,0.00012850401981268078,0.029318392276763916,TRACKING,True,1
97206323635230,0.002093371993396431,0.029582920291179995,0.00010019439897801891,4.95049682558587e-05,0.029646123845643687,0.0,0.0,0.00011175714462297037,0.02958291955292225,TRACKING,True,1
97206325720845,0.0020847459963988513,0.029761512906743552,-9.136766354011145e-05,2.2155621069205407e-05,0.02968783614561406,0.0,0.0,9.401553688803688e-05,0.02976151369512081,TRACKING,True,1
97206327783041,0.0020617590053007007,0.029929370578906447,-2.2469244837369377e-06,-0.00020963277123850775,0.02972908006558477,0.0,0.0,0.00020964480063412338,0.029929369688034058,TRACKING,True,1
97206329843936,0.0020605070021701977,0.029698250327285056,-0.00028704279145601053,0.00019506151991361675,0.029770297965555498,0.0,0.0,0.00034704836434684694,0.02969825081527233,TRACKING,True,1
97206331930610,0.0020878689974779263,0.02949421205570392,-0.00020385315998606098,0.00046091765501269505,0.02981203144552586,0.0,0.0,0.000503985327668488,0.029494212940335274,TRACKING,True,1
97206334031597,0.0021000550041208044,0.029851100605554848,0.00011156765852352182,0.0002116884821863196,0.029854051185496014,0.0,0.0,0.0002392892783973366,0.029851101338863373,TRACKING,True,1
97206336109970,0.0020785289962077513,0.03003442852573026,0.0006250356387928159,0.00013511929311819907,0.02989561864546649,0.0,0.0,0.0006394738447852433,0.03003442846238613,TRACKING,True,1
97206338183505,0.002073437994113192,0.03010853703457145,0.00035024582607133466,9.033814485008953e-05,0.02993708934543704,0.0,0.0,0.00036170860403217375,0.030108537524938583,TRACKING,True,1
97206340255599,0.0020720520114991814,0.03016396186214423,0.00048020306047125735,-9.780595558951412e-05,0.02997853122540761,0.0,0.0,0.0004900622298009694,0.0301639623939991,TRACKING,True,1
97206342341659,0.0020864539983449504,0.029890466165282296,0.0003189376194047283,-1.9526218233239872e-05,0.030020252425377977,0.0,0.0,0.00031953476718626916,0.02989046648144722,TRACKING,True,1
97206344427988,0.002086624997900799,0.030240816553262714,0.0003400318944769414,-0.00011842086577449475,0.030061979005348342,0.0,0.0,0.000360062753316015,0.030240816995501518,TRACKING,True,1
97206346500307,0.0020716819999506697,0.03032867826246421,0.000425310514311712,-1.8054488514535302e-05,0.030103425385318905,0.0,0.0,0.00042569354991428554,0.030328677967190742,TRACKING,True,1
97206348588173,0.0020886499987682328,0.030236988885051556,0.0004009974916029378,-6.898106706758275e-05,0.03014518270528925,0.0,0.0,0.00040688744047656655,0.03023698925971985,TRACKING,True,1
97206350661823,0.0020728370000142604,0.029918215786119015,0.0005029473375150451,-0.00026998766938279503,0.030186655705259795,0.0,0.0,0.0005708321696147323,0.029918216168880463,TRACKING,True,1
97206352748364,0.0020869470026809722,0.030003981004334466,0.0002718516273570262,-0.0002276319965185748,0.030228386525230157,0.0,0.0,0.00035456963814795017,0.030003981664776802,TRACKING,True,1
97206354822225,0.002073349998681806,0.030082529036699935,-7.899873804948643e-05,-4.593967952668307e-05,0.0302698637452007,0.0,0.0,9.138519817497581e-05,0.03008252941071987,TRACKING,True,1
97206356893142,0.002071575989248231,0.03020355046580358,-3.840717308288993e-05,0.00016852663759375392,0.030311282085171285,0.0,0.0,0.0001728477218421176,0.030203551054000854,TRACKING,True,1
97206359967219,0.003073632004088722,0.030495780828352845,0.0002210963063534683,0.0004459666329301577,0.03037276362512762,0.0,0.0,0.0004977647913619876,0.0304957814514637,TRACKING,True,1
97206362787835,0.0028205209964653477,0.030587100045034735,-0.0001299572852938964,0.0003293818068317216,0.030429175945087556,0.0,0.0,0.00035409218980930746,0.030587099492549896,TRACKING,True,1
97206365551444,0.002764514007139951,0.03058629946958107,-6.619379441992175e-05,0.00010830051652977073,0.030484448125048302,0.0,0.0,0.00012692762538790703,0.030586298555135727,TRACKING,True,1
97206367620753,0.0020682900067185983,0.030438414207509604,0.00010556590578849692,0.0002488621103180931,0.030525834305018908,0.0,0.0,0.0002703266800381243,0.030438413843512535,TRACKING,True,1
97206369706075,0.0020863099925918505,0.03031727674438021,0.00016959916731654252,0.00013421761571067548,0.03056754074498929,0.0,0.0,0.00021628278773277998,0.0303172767162323,TRACKING,True,1
97206371771592,0.0020644199976231903,0.030385626411592193,0.00023669770865697415,8.177538698594139e-05,0.030608851084959948,0.0,0.0,0.000250425684498623,0.03038562647998333,TRACKING,True,1
97206373858308,0.002087574001052417,0.030414403363617042,0.00016654900309725308,-0.0003020132144527854,0.03065058540493031,0.0,0.0,0.000344892090652138,0.0304144024848938,TRACKING,True,1
97206375938032,0.0020798040059162304,0.03044059531210468,3.201953831021142e-05,-0.00044111347520388343,0.030692179884900767,0.0,0.0,0.0004422740894369781,0.030440595000982285,TRACKING,True,1
97206378031867,0.0020935639913659543,0.030610251102800735,7.254102157229936e-05,-0.0003879305513155979,0.030734056584871026,0.0,0.0,0.0003946546639781445,0.030610250309109688,TRACKING,True,1
97206380098634,0.002066102999378927,0.030670729735782012,0.0001705256831530214,-5.550105195156735e-05,0.03077539192484167,0.0,0.0,0.00017933035269379616,0.030670730397105217,TRACKING,True,1
97206382169085,0.0020704870112240314,0.030617742850671755,0.00017281007607057675,0.0001532617571183898,0.03081680094481226,0.0,0.0,0.00023098157544154674,0.030617743730545044,TRACKING,True,1
97206384241528,0.0020725239883176982,0.030729339410313448,-2.6023708246060342e-05,-3.777830479070453e-05,0.030858249804782825,0.0,0.0,4.5874105126131326e-05,0.03072933852672577,TRACKING,True,1
97206386326821,0.0020858339994447306,0.030762786994694556,-0.00020120716564929258,0.00033896770717151066,0.030899955664753204,0.0,0.0,0.0003941870527341962,0.03076278790831566,TRACKING,True,1
97206388397422,0.0020700460008811206,0.030753991125552813,-6.032297242164464e-05,0.00025122857312842307,0.030941367684723792,0.0,0.0,0.000258369225775823,0.03075399063527584,TRACKING,True,1
97206390485412,0.0020886290003545582,0.030979954380497023,-0.00010765021895441104,-7.20612978930079e-05,0.030983127484694135,0.0,0.0,0.0001295430411119014,0.030979953706264496,TRACKING,True,1
97206392553061,0.0020670759986387566,0.0313193974272982,-8.32380287868468e-05,-2.5309286404665667e-05,0.031024480464664765,0.0,0.0,8.700074977241457e-05,0.03131939843297005,TRACKING,True,1
97206394637637,0.0020851459994446486,0.031293289538927654,0.00017328793906096142,0.00012197031506760943,0.031066171984635155,0.0,0.0,0.0002119090931955725,0.03129328787326813,TRACKING,True,1
97206396723912,0.0020861680095549673,0.03146660228495859,0.0002589825887980795,0.00010583590195293728,0.03110789748460552,0.0,0.0,0.00027977352146990597,0.03146660327911377,TRACKING,True,1
97206398829636,0.002105459992890246,0.03142765952754573,3.2579140583080334e-05,-0.0002805901060835326,0.031150011964575612,0.0,0.0,0.00028247517184354365,0.03142765909433365,TRACKING,True,1
97206400956363,0.0021267400006763637,0.0313292295540628,-0.0001719854283855151,0.00028540015491189006,0.031192546504545404,0.0,0.0,0.00033321502269245684,0.03132922947406769,TRACKING,True,1
97206403042988,0.0020874180045211688,0.031604417364492966,0.00010023899122891055,8.427476766568215e-05,0.031234279004515763,0.0,0.0,0.00013095836038701236,0.03160441666841507,TRACKING,True,1
97206405122181,0.0020781729981536046,0.031885815234962894,-0.00024210390460089362,-0.00016308474737010718,0.031275862864486234,0.0,0.0,0.00029190912027843297,0.03188581392168999,TRACKING,True,1
97206407200430,0.0020781610073754564,0.03157057201705028,-0.0003275959358437716,-8.065083335810887e-05,0.031317427844456715,0.0,0.0,0.00033737762714736164,0.03157057240605354,TRACKING,True,1
97206409267877,0.0020672969985753298,0.03155838260048901,0.00013335342627962348,0.00012779754262373698,0.03135877678442735,0.0,0.0,0.00018470341456122696,0.031558383256196976,TRACKING,True,1
97206411359983,0.0020922069961670786,0.03175025927959854,0.00016091238191837668,5.571042273268774e-05,0.03140061890439763,0.0,0.0,0.00017028342699632049,0.031750258058309555,TRACKING,True,1
97206413443349,0.0020846900006290525,0.031545294642257256,-0.00016807785557647396,-0.0001204890460683273,0.03144228622436804,0.0,0.0,0.0002068037138087675,0.03154529631137848,TRACKING,True,1
97206416291924,0.002847447991371155,0.031489141464853695,2.9408223309190665e-05,-0.0003804498244828396,0.03149925772432757,0.0,0.0,0.00038158471579663455,0.031489141285419464,TRACKING,True,1
97206418882844,0.002590568008599803,0.031294451147328886,5.8424127205579385e-05,-0.0004326245531464254,0.03155107612429077,0.0,0.0,0.00043655166518874466,0.03129445016384125,TRACKING,True,1
97206420967933,0.0020860730001004413,0.03149049038669695,-3.648265673791427e-05,-0.00041267254532683143,0.031592777904261155,0.0,0.0,0.0004142820544075221,0.03149048984050751,TRACKING,True,1
97206423035015,0.002066892004222609,0.03133102201665534,-4.0250093642298244e-05,-0.00039572253899479106,0.031634119544231794,0.0,0.0,0.0003977642336394638,0.03133102133870125,TRACKING,True,1
97206425097746,0.0020618499984266236,0.03137295829630849,-0.00014040131770186643,-0.00022029693462991766,0.03167537416420249,0.0,0.0,0.0002612341195344925,0.031372956931591034,TRACKING,True,1
97206427160244,0.0020625179895432666,0.0315514668414819,-0.000398370576325201,-0.00017033603895081706,0.0317166241241732,0.0,0.0,0.0004332591488491744,0.03155146539211273,TRACKING,True,1
97206429225372,0.0020653190003940836,0.03172568822123103,-6.890841557318953e-05,3.1460632011226584e-05,0.03175792668414386,0.0,0.0,7.575051859021187e-05,0.0317256897687912,TRACKING,True,1
97206431298020,0.0020726610091514885,0.03181831441357581,-0.0002498898103460555,-0.00011838021544062755,0.031799379644114424,0.0,0.0,0.0002765118551906198,0.031818315386772156,TRACKING,True,1
97206433390764,0.002093720991979353,0.03201954029627463,-0.0002868476858451839,0.00010850342728466501,0.031841234524084695,0.0,0.0,0.00030668318504467607,0.032019540667533875,TRACKING,True,1
97206435479385,0.0020884650002699345,0.03222827586349276,-0.00037531010205354184,0.00014877612874677763,0.03188300694405503,0.0,0.0,0.0004037227190565318,0.03222827613353729,TRACKING,True,1
97206437568570,0.002089273009914905,0.03212791995074727,0.00012362480745543527,0.00024609689875664377,0.031924790644025355,0.0,0.0,0.00027540294104255736,0.03212792053818703,TRACKING,True,1
97206439641295,0.0020718710002256557,0.032006716237047615,0.00015238917909777652,-7.209868052254526e-06,0.03196624514399591,0.0,0.0,0.00015255964535754174,0.03200671449303627,TRACKING,True,1
97206441726108,0.0020853349997196347,0.03200842966200002,0.0001344621637606639,2.213877135999095e-05,0.032007941403966296,0.0,0.0,0.00013627253065351397,0.03200842812657356,TRACKING,True,1
97206443797927,0.002071290000458248,0.03210696409597765,-7.701747811704733e-05,-0.0003191940737233611,0.03204937778393687,0.0,0.0,0.0003283543046563864,0.03210696578025818,TRACKING,True,1
97206445883872,0.0020865089900325984,0.032064520702156006,-0.00021010867973734242,-0.0003308608966298265,0.03209109668390724,0.0,0.0,0.0003919369773939252,0.032064519822597504,TRACKING,True,1
97206447957248,0.0020728009985759854,0.03250179166547201,7.41073020222063e-05,-0.0002437964766248795,0.03213256420387779,0.0,0.0,0.0002548109332565218,0.032501790672540665,TRACKING,True,1
97206450043281,0.002087972010485828,0.03215516452918134,-0.00018611186401691588,-9.158985873866714e-05,0.03217428486384816,0.0,0.0,0.00020742788910865784,0.03215516358613968,TRACKING,True,1
97206452160068,0.0021150929969735444,0.03239799542888033,-0.00017151852700532787,-3.4574588206286444e-05,0.032216620603818094,0.0,0.0,0.0001749685761751607,0.03239799663424492,TRACKING,True,1
97206455478006,0.0033181030012201518,0.03243114351366002,8.148310090764547e-05,-0.0003604728695053827,0.03228297936377096,0.0,0.0,0.000369567540474236,0.03243114426732063,TRACKING,True,1
97206458431957,0.0029533729975810274,0.03245582389960718,0.00012502848206632608,-6.0555215852390546e-05,0.03234205838372901,0.0,0.0,0.00013892103743273765,0.03245582431554794,TRACKING,True,1
97206460518652,0.0020881620002910495,0.032529805326994496,-0.00011791117683002971,-0.00014336195801685885,0.032383792283699364,0.0,0.0,0.00018562246987130493,0.0325298048555851,TRACKING,True,1
97206462610711,0.002091877002385445,0.03224691242760889,-4.111582516774296e-05,-5.749875443602569e-05,0.03242563346366965,0.0,0.0,7.068675768096e-05,0.0322469137609005,TRACKING,True,1
97206464704774,0.0020940889953635633,0.032446532008338226,-0.0002010027370830723,-0.00024205284506402332,0.03246751472363991,0.0,0.0,0.0003146294329781085,0.03244653344154358,TRACKING,True,1
97206466796343,0.002091397996991873,0.03277193632585293,-9.64195398712475e-05,0.000158578781011621,0.0325093461036102,0.0,0.0,0.00018559083400759846,0.03277193754911423,TRACKING,True,1
97206468865717,0.0020682510075857863,0.0328002472821418,-0.0003249435721635272,0.00024652250537605426,0.0325507335835808,0.0,0.0,0.00040787458419799805,0.03280024603009224,TRACKING,True,1
97206470937875,0.0020724909991258755,0.03297635523551327,-0.0002897780740801263,-0.00018802173256834254,0.03259217674355137,0.0,0.0,0.00034543234505690634,0.03297635540366173,TRACKING,True,1
97206473042295,0.002104593993863091,0.03300195513440708,-0.0002113922593857682,-7.082938571585302e-05,0.032634265143521475,0.0,0.0,0.00022294277732726187,0.03300195559859276,TRACKING,True,1
97206475113357,0.002070784001261927,0.03243043588456662,-5.3637148359090734e-05,-0.0005401995335188084,0.03267568638349206,0.0,0.0,0.0005428558215498924,0.032430436462163925,TRACKING,True,1
97206477183564,0.0020701140019809827,0.03240564876633358,0.00012471229699227408,-0.000674871297756824,0.03271709052346265,0.0,0.0,0.0006862976588308811,0.03240564838051796,TRACKING,True,1
97206479256622,0.002073127994663082,0.03222540054581634,-1.0429533362887444e-06,-0.0001370431665334731,0.03275855168343321,0.0,0.0,0.00013704714365303516,0.03222540020942688,TRACKING,True,1
97206481343567,0.0020877520000794902,0.03275042431694789,-0.00011024977270688002,9.172138153974818e-05,0.032800290583403564,0.0,0.0,0.00014341487258207053,0.03275042399764061,TRACKING,True,1
97206483418055,0.0020736200094688684,0.03291576630691679,-2.400315126053347e-05,0.00012250760459669129,0.0328417803433741,0.0,0.0,0.00012483695172704756,0.03291576728224754,TRACKING,True,1
97206485493683,0.0020759039907716215,0.032802045922961764,0.00012828969592549374,0.0002691550812471817,0.032883292903344616,0.0,0.0,0.000298165570711717,0.032802045345306396,TRACKING,True,1
97206487627484,0.0021336200006771833,0.033360485993688585,0.0002467307161669588,-0.00026881404083499677,0.03292596892331431,0.0,0.0,0.00036487949546426535,0.03336048498749733,TRACKING,True,1
97206489713614,0.002086674008751288,0.03303116899414693,0.00021751645883941707,-0.00016089306600935736,0.03296769152328467,0.0,0.0,0.00027055497048422694,0.033031169325113297,TRACKING,True,1
97206491799136,0.0020853479945799336,0.03271656369003763,0.00011351206441176957,-0.00016856749265239422,0.03300940196325505,0.0,0.0,0.00020322398631833494,0.03271656483411789,TRACKING,True,1
97206493868810,0.0020691459940280765,0.0328550261351979,4.9771984652265344e-05,5.641873186002937e-05,0.03305079544322565,0.0,0.0,7.523512613261119e-05,0.03285502642393112,TRACKING,True,1
97206495940110,0.0020714490092359483,0.03323095589180771,0.00015379962187503943,-0.00016445149472760022,0.033092221443196235,0.0,0.0,0.00022516354511026293,0.03323095664381981,TRACKING,True,1
97206498047930,0.0021083500032546,0.03306869968255578,-2.1428105747809664e-05,-0.00011657976906820858,0.03313437784316629,0.0,0.0,0.00011853272008011118,0.03306869789958,TRACKING,True,1
97206500121310,0.002072726987535134,0.033058007993446326,-7.767172125162765e-05,-0.00024158214420619238,0.03317584544313684,0.0,0.0,0.00025376136181876063,0.033058006316423416,TRACKING,True,1
97206502190620,0.002069247013423592,0.03331345003510554,0.00010232487215132812,1.580119912718335e-05,0.03321723164310745,0.0,0.0,0.00010353770630899817,0.03331344947218895,TRACKING,True,1
97206504263295,0.0020727480005007237,0.03330712105242559,0.00014656588580423343,-0.00015449417481640918,0.03325868514307801,0.0,0.0,0.00021295541955623776,0.03330712020397186,TRACKING,True,1
97206506346177,0.002083542989566922,0.03315049630595255,-4.603892353772712e-06,5.2904992936184114e-06,0.03330034278304842,0.0,0.0,7.01321641827235e-06,0.03315049782395363,TRACKING,True,1
97206508430976,0.002084897001623176,0.03322016489702662,-0.00020913331635518407,1.949362058229703e-05,0.03334203876301881,0.0,0.0,0.00021003987058065832,0.033220164477825165,TRACKING,True,1
97206510519019,0.0020877880015177652,0.03338274509029918,-0.00010555943402248363,-0.00010788973531649832,0.03338379962298915,0.0,0.0,0.00015094035188667476,0.03338274359703064,TRACKING,True,1
97206512605515,0.002086933993268758,0.033437685969016674,-0.00014415545502753332,-0.00012826727921151946,0.03342552954295951,0.0,0.0,0.00019295929814688861,0.033437684178352356,TRACKING,True,1
97206514674669,0.00206817701109685,0.033460111063013165,4.2431122732344416e-05,0.000245496050527789,0.033466912622930126,0.0,0.0,0.0002491359191481024,0.0334601104259491,TRACKING,True,1
97206516742001,0.002067340989015065,0.03378575740868756,0.00013975867699642748,8.524398415355095e-05,0.033508259262900755,0.0,0.0,0.0001637040841160342,0.033785756677389145,TRACKING,True,1
97206518826046,0.0020846480038017035,0.033673955235528796,4.148827782110551e-05,0.0002616197076898958,0.033549940162871154,0.0,0.0,0.00026488894945941865,0.033673956990242004,TRACKING,True,1
97206520911838,0.0020860490039922297,0.03317560263523642,7.280524598392624e-05,-0.00019050856700098418,0.03359165600284153,0.0,0.0,0.0002039463579421863,0.03317560255527496,TRACKING,True,1
97206522998726,0.002086702996166423,0.033367343896871765,0.00028473952222918774,-0.00028615672316236417,0.03363339376281189,0.0,0.0,0.0004036858445033431,0.0333673432469368,TRACKING,True,1
97206525063467,0.002064082000288181,0.03309534178648668,0.0004158136494553252,8.707899763218886e-05,0.03367468858278256,0.0,0.0,0.0004248337645549327,0.0330953411757946,TRACKING,True,1
97206527131641,0.0020681349997175857,0.03343580117640818,0.0004924016390689506,-8.851324130567544e-05,0.03371605206275318,0.0,0.0,0.0005002938560210168,0.03343580290675163,TRACKING,True,1
97206529206473,0.002075147000141442,0.033790365164767945,0.0006216398049859994,5.824270066791776e-05,0.03375754870272371,0.0,0.0,0.0006243623211048543,0.03379036486148834,TRACKING,True,1
97206531279409,0.002072914008749649,0.03387242133196375,0.000629524667057743,0.00024085788938092497,0.03379900742269427,0.0,0.0,0.0006740280659869313,0.03387242183089256,TRACKING,True,1
97206533353066,0.0020734429999720305,0.033754725798142884,0.0006483832137498971,0.00028839433574025415,0.03384048056266481,0.0,0.0,0.0007096281624399126,0.03375472500920296,TRACKING,True,1
97206535439802,0.0020873819885309786,0.03385734659463787,0.0006503579234170916,0.00035141921334691273,0.03388221528263517,0.0,0.0,0.000739229959435761,0.03385734558105469,TRACKING,True,1
97206537530574,0.0020907470025122166,0.03404378442805987,0.0003258455075549437,0.00037532323425515916,0.033924030722605476,0.0,0.0,0.000497033994179219,0.03404378518462181,TRACKING,True,1
97206539603454,0.0020724589994642884,0.0338447880468228,0.00018618045621266965,-6.372537265890958e-05,0.03396548832257603,0.0,0.0,0.00019678437092807144,0.03384478762745857,TRACKING,True,1
97206541674816,0.002071260998491198,0.03362476490264547,0.0001989668879883325,-5.5724922872879256e-05,0.034006915562546605,0.0,0.0,0.00020662305178120732,0.033624764531850815,TRACKING,True,1
97206543747821,0.0020729350071633235,0.0338201629995842,0.00023394803017930604,2.7095058863847042e-05,0.034048375662517165,0.0,0.0,0.00023551183403469622,0.03382016345858574,TRACKING,True,1
97206545835637,0.002088501991238445,0.03378587343935657,0.00016315076806344575,5.244675766409277e-06,0.034090131982487504,0.0,0.0,0.00016323503223247826,0.0337858721613884,TRACKING,True,1
97206547922470,0.002086752007016912,0.03384471108681436,8.211437673292824e-05,-6.242918578820872e-05,0.03413186864245787,0.0,0.0,0.00010315122199244797,0.033844709396362305,TRACKING,True,1
97206550029060,0.0021060519939055666,0.033874338567307344,-7.60231763421533e-06,2.112230573928463e-06,0.034174000442427944,0.0,0.0,7.890294909884688e-06,0.03387434035539627,TRACKING,True,1
97206552102678,0.002073734998703003,0.03439596665020881,-0.00015198460920935947,9.513076792792517e-05,0.03421547280239849,0.0,0.0,0.00017930193280335516,0.0343959666788578,TRACKING,True,1
97206554191158,0.00208902801387012,0.03411185520299698,0.0001882128693095983,1.0169018928407836e-06,0.034257242402368826,0.0,0.0,0.00018821560661308467,0.03411185368895531,TRACKING,True,1
97206556264252,0.0020725109934573993,0.03423214511249355,0.0003503148082684832,0.00017818519482400643,0.03429870428233937,0.0,0.0,0.00039302726509049535,0.03423214331269264,TRACKING,True,1
97206558354956,0.0020904870034428313,0.034031062639577885,0.00032446360557514796,7.337518576141235e-05,0.03434051836230968,0.0,0.0,0.0003326568112242967,0.034031063318252563,TRACKING,True,1
97206560443314,0.0020891559979645535,0.034296597905652475,0.00023543653094827924,0.0001793677246879049,0.034382285522280016,0.0,0.0,0.0002959782723337412,0.03429659828543663,TRACKING,True,1
97206562534028,0.002090768000925891,0.03442314524968263,0.0001257510774637242,0.0003266806597113319,0.03442409980225032,0.0,0.0,0.00035004797973670065,0.03442314639687538,TRACKING,True,1
97206564619978,0.002085782994981855,0.03418913233581262,2.634848192322695e-06,3.771731434876657e-05,0.03446581880222069,0.0,0.0,3.780923361773603e-05,0.0341891311109066,TRACKING,True,1
97206566692145,0.0020715190039481968,0.0343055931502041,-7.581262996521016e-05,-2.500891637758574e-06,0.034507262142191256,0.0,0.0,7.585387356812134e-05,0.034305594861507416,TRACKING,True,1
97206568766267,0.0020741869957419112,0.03433286646325911,-0.00013328592802444702,-0.0002973340861423737,0.0345487445821618,0.0,0.0,0.00032584150903858244,0.034332867711782455,TRACKING,True,1
97206570851951,0.002086205000523478,0.034446730918712365,-3.0279196791041497e-05,-0.00029813328755123403,0.03459045826213217,0.0,0.0,0.00029966695001348853,0.034446731209754944,TRACKING,True,1
97206572939440,0.002087496002786793,0.03442339491512735,-0.0001355298458447987,0.00011053397859277854,0.03463220804210252,0.0,0.0,0.00017488881712779403,0.03442339599132538,TRACKING,True,1
97206575038849,0.0020988280011806637,0.034575405868681755,-1.7433578535731576e-05,1.683243591164881e-05,0.0346741962220727,0.0,0.0,2.423345904389862e-05,0.03457540646195412,TRACKING,True,1
97206577111866,0.002072981995297596,0.034564092838427325,-0.00016936493248171587,0.00028803848587783776,0.03471565656204325,0.0,0.0,0.0003341416595503688,0.03456409275531769,TRACKING,True,1
97206579180766,0.00206881899794098,0.03435577380344177,-5.49291202869877e-05,0.00018044161591888636,0.034757034562013865,0.0,0.0,0.0001886170357465744,0.0343557745218277,TRACKING,True,1
97206581247596,0.002066795001155697,0.0344967091677477,-0.0003171154350805457,-0.00010637523242090053,0.03479837116198451,0.0,0.0,0.00033448150497861207,0.03449670970439911,TRACKING,True,1
97206583311547,0.0020639370050048456,0.0348244355378819,-0.0003284391610383624,8.973928827506463e-05,0.034839650181955194,0.0,0.0,0.0003404782328289002,0.0348244346678257,TRACKING,True,1
97206585397133,0.0020864079997409135,0.034993596325100136,-0.00010676474199005829,0.0001944447947976345,0.03488136190192557,0.0,0.0,0.0002218276058556512,0.034993596374988556,TRACKING,True,1
97206587483614,0.0020864599937340245,0.03477902757103022,-0.0001539435387910889,0.00024673207125313034,0.03492309152189593,0.0,0.0,0.0002908183669205755,0.03477902710437775,TRACKING,True,1
97206589570918,0.00208731900784187,0.034646915391830804,0.00020036720838968662,5.761885779099655e-05,0.034964837601866285,0.0,0.0,0.0002084872976411134,0.03464691713452339,TRACKING,True,1
97206591641499,0.0020699259912362322,0.03479240745119682,-5.593968270569235e-05,0.00010267666310393414,0.03500624922183687,0.0,0.0,0.00011692623957060277,0.03479240834712982,TRACKING,True,1
97206593727852,0.0020870670123258606,0.0347803295427909,-7.968565236658e-05,-0.00013896117165131084,0.03504797628180724,0.0,0.0,0.0001601874246262014,0.03478033095598221,TRACKING,True,1
97206595815254,0.0020872299937764183,0.03513379764239026,-0.00034490306446355047,-8.135343833511185e-06,0.035089724321777586,0.0,0.0,0.0003449989890214056,0.03513379767537117,TRACKING,True,1
97206597902316,0.002087187996949069,0.03520390628922279,-0.00014278784103013094,-0.00018884028219999567,0.03513146556174794,0.0,0.0,0.0002367467386648059,0.03520390763878822,TRACKING,True,1
97206599990445,0.002088059001835063,0.03540711718782567,8.161169939729883e-05,-9.256979179150918e-05,0.035173228141718284,0.0,0.0,0.00012340841931290925,0.03540711849927902,TRACKING,True,1
97206602034628,0.0020441950036911294,0.03542249974794768,2.390035675618934e-05,5.615072728710617e-05,0.03521411180168924,0.0,0.0,6.1025657487334684e-05,0.03542250022292137,TRACKING,True,1
97206604100230,0.00206480199994985,0.03524327169613937,0.00011493863425455151,0.00010902177934846039,0.0352554238416599,0.0,0.0,0.00015841917775105685,0.03524327278137207,TRACKING,True,1
97206606165813,0.00206564599648118,0.03503716497426076,-0.00039828215436767437,4.88030531435353e-05,0.035296735501630566,0.0,0.0,0.0004012610297650099,0.03503716364502907,TRACKING,True,1
97206608235588,0.0020698529988294467,0.035144229938181226,-3.673333706097679e-05,4.1596371903083314e-05,0.035338131001601165,0.0,0.0,5.5494110711151734e-05,0.03514422848820686,TRACKING,True,1
97206610307109,0.002071968003292568,0.035167314083175916,-0.00026827078556881706,1.074246602168494e-05,0.03537956142157174,0.0,0.0,0.00026848577545024455,0.03516731411218643,TRACKING,True,1
97206612391079,0.002084249004838057,0.03518158544444663,-0.0003706274756517146,-1.48394077372172e-05,0.03542124082154214,0.0,0.0,0.00037092441925778985,0.03518158569931984,TRACKING,True,1
97206614463079,0.0020713659905595705,0.035500645512630186,-0.0002213370081192031,-0.0001982480315934288,0.03546268082151271,0.0,0.0,0.00029714027186855674,0.03550064563751221,TRACKING,True,1
97206616551800,0.002089569010422565,0.03558914237980283,-0.00033966892158613456,-0.0004110047770169567,0.03550445524148304,0.0,0.0,0.0005331978318281472,0.03558914363384247,TRACKING,True,1
97206618638329,0.002086415988742374,0.035690908250288284,-0.0003171138968343689,-6.359037348813417e-05,0.035546185821453406,0.0,0.0,0.00032342690974473953,0.03569090738892555,TRACKING,True,1
97206620705832,0.0020667110075009987,0.03573807612433563,-0.0003486851330134312,-1.4496038809780522e-06,0.035587535881424034,0.0,0.0,0.0003486881614662707,0.03573807701468468,TRACKING,True,1
97206622791605,0.0020867729908786714,0.03596032047041124,-0.0002578668838387108,-0.00019182203203718835,0.035629251341394406,0.0,0.0,0.0003213892050553113,0.03596032038331032,TRACKING,True,1
97206624879578,0.002087887012748979,0.03576599336473213,-0.0003118554942321924,-0.00033554366779100603,0.03567101080136475,0.0,0.0,0.00045808666618540883,0.03576599434018135,TRACKING,True,1
97206626966538,0.0020869969885097817,0.0355427637805323,-0.0001243417628491418,-1.5902784381736522e-05,0.03571275000133511,0.0,0.0,0.00012535459245555103,0.03554276376962662,TRACKING,True,1
97206629034205,0.0020672850077971816,0.03558166279288689,6.148530581687249e-05,0.00015303278472738617,0.035754103341305736,0.0,0.0,0.0001649226323934272,0.03558166325092316,TRACKING,True,1
97206631103468,0.002068799003609456,0.03598933573539116,5.784398867419763e-06,3.529943628951683e-05,0.03579548860127635,0.0,0.0,3.5770230169873685e-05,0.03598933666944504,TRACKING,True,1
97206633177299,0.0020737589948112145,0.03603874803412576,2.1094959326898486e-05,7.689044121373862e-05,0.03583696522124689,0.0,0.0,7.973166066221893e-05,0.03603874891996384,TRACKING,True,1
97206635248383,0.0020711989927804098,0.03624269280396916,-6.381756952033423e-05,8.820645211530246e-05,0.035878386901217474,0.0,0.0,0.00010887176176765934,0.03624269366264343,TRACKING,True,1
97206637336170,0.002088262001052499,0.03597893239840743,-6.978695003502312e-05,-6.454460555444347e-05,0.03592014264118781,0.0,0.0,9.505905472906306e-05,0.035978931933641434,TRACKING,True,1
97206639422192,0.002086038002744317,0.03586483575708988,-8.445640021408968e-05,-0.00012179523442441857,0.03596186308115819,0.0,0.0,0.00014821256627328694,0.03586483746767044,TRACKING,True,1
97206641511688,0.0020898240036331117,0.036009622741487876,9.018522432743222e-05,-0.0003465922742833974,0.036003653001128504,0.0,0.0,0.0003581334894988686,0.03600962460041046,TRACKING,True,1
97206643601168,0.002089193993015215,0.03623111378499446,-0.0003426294518599599,-0.00017799868895695194,0.03604544260109883,0.0,0.0,0.0003861068107653409,0.03623111546039581,TRACKING,True,1
97206645674406,0.0020727140072267503,0.03633540561378468,-0.0003370502857276023,-0.00015549838664502978,0.03608690736106938,0.0,0.0,0.00037119086482562125,0.036335404962301254,TRACKING,True,1
97206647747525,0.0020731389959109947,0.036148881279100716,-5.556395797440034e-05,-0.0006702795544128754,0.03612836974103993,0.0,0.0,0.0006725786370225251,0.036148879677057266,TRACKING,True,1
97206649820547,0.0020731980039272457,0.03600996754496237,-0.00038412487691846987,-0.00039633825244981066,0.036169830181010484,0.0,0.0,0.0005519383121281862,0.03600996732711792,TRACKING,True,1
97206651905690,0.0020853710011579096,0.03634402472499046,-3.239713652034189e-05,-0.00013426905754100252,0.03621153304098087,0.0,0.0,0.0001381222391501069,0.036344025284051895,TRACKING,True,1
97206653992608,0.0020869839936494827,0.03638436378539731,-0.0001586997360395414,0.000132859040070186,0.03625327140095123,0.0,0.0,0.00020697133732028306,0.03638436272740364,TRACKING,True,1
97206656040011,0.0020478110091062263,0.036492364269367195,-0.000253821998302897,-0.00014489771483148877,0.03629421946092214,0.0,0.0,0.00029226861079223454,0.03649236261844635,TRACKING,True,1
97206658112544,0.002071651993901469,0.0363513875623815,3.148716543023431e-05,0.0001318726683616978,0.036335670120892706,0.0,0.0,0.0001355796557618305,0.036351386457681656,TRACKING,True,1
97206660185008,0.002072460003546439,0.036679360436058794,-0.00011938342403288674,1.9850492999632567e-05,0.036377119400863266,0.0,0.0,0.00012102249456802383,0.03667936101555824,TRACKING,True,1
97206662256394,0.0020712819969048724,0.036862757001548396,-3.7197432233870986e-05,0.00015009104787271012,0.036418547120833845,0.0,0.0,0.00015463172167073935,0.03686275705695152,TRACKING,True,1
97206664340037,0.0020844249957008287,0.03650921025262907,-9.044815257694255e-05,9.34114526880719e-05,0.036460219980804245,0.0,0.0,0.0001300252479268238,0.03650921210646629,TRACKING,True,1
97206666427414,0.002086997003061697,0.03647116807963099,-0.00013259350523102376,-0.00023364662492510885,0.0365019675207746,0.0,0.0,0.0002686480584088713,0.0364711694419384,TRACKING,True,1
97206668513952,0.002086624997900799,0.03681864380062677,-5.8452956034440445e-05,-0.00041133829231232975,0.03654369828074496,0.0,0.0,0.00041547074215486646,0.03681864216923714,TRACKING,True,1
97206670585523,0.002070902002742514,0.03695750907848237,-2.4638806342970927e-05,-0.00013388348910325427,0.036585129700715535,0.0,0.0,0.00013613176997750998,0.0369575098156929,TRACKING,True,1
97206672672895,0.002088320004986599,0.03683412333936205,-0.0001549557610872471,-0.00022037116497335032,0.03662687714068589,0.0,0.0,0.0002693969872780144,0.036834124475717545,TRACKING,True,1
97206674759393,0.0020865379919996485,0.03686702435515912,4.2137850683500835e-05,-5.0836871944859075e-05,0.036668607100656246,0.0,0.0,6.603018846362829e-05,0.03686702251434326,TRACKING,True,1
97206676846608,0.002087225002469495,0.036957893713494,0.0002462519575638919,2.2267492149513914e-05,0.036710351400626604,0.0,0.0,0.0002472566848155111,0.03695789352059364,TRACKING,True,1
97206678934865,0.0020880899974144995,0.03709649582112579,0.0003609770323486177,7.115862034778155e-05,0.03675211654059694,0.0,0.0,0.0003679238725453615,0.03709649667143822,TRACKING,True,1
97206681031654,0.0020962410053471103,0.03700731860796782,0.00015833600134018935,-0.0001654203600256112,0.03679405232056716,0.0,0.0,0.00022898512543179095,0.03700731694698334,TRACKING,True,1
97206683099364,0.002067510999040678,0.036699462881496524,0.0003434189063795389,-0.00010245257131163811,0.03683540652053779,0.0,0.0,0.0003583756333682686,0.03669946268200874,TRACKING,True,1
97206685316748,0.0022178840008564293,0.036699941299429856,0.0005105103012478171,0.00011568504555734567,0.03687975420050629,0.0,0.0,0.0005234537529759109,0.036699939519166946,TRACKING,True,1
97206687407964,0.0020911309984512627,0.036825318613021005,0.000515632180397365,4.759076346584523e-05,0.03692157852047659,0.0,0.0,0.0005178236751817167,0.03682531788945198,TRACKING,True,1
97206689527213,0.0021191130072111264,0.03697572760647249,0.000666487510669103,0.00022945049755572865,0.036963963500446485,0.0,0.0,0.000704878126271069,0.03697572648525238,TRACKING,True,1
97206691605764,0.0020784399966942146,0.03697422436219255,0.0005614349134381964,0.0003691182565696694,0.03700553452041696,0.0,0.0,0.0006719058146700263,0.0369742251932621,TRACKING,True,1
97206693716051,0.002110186993377283,0.03701734636123051,0.00029517148690783783,0.0005846520027407233,0.037047740260386985,0.0,0.0,0.0006549382815137506,0.0370173454284668,TRACKING,True,1
97206695789474,0.0020734499994432554,0.0370291137762032,-3.635341421115689e-05,0.0004132707777482759,0.037089208720357536,0.0,0.0,0.00041486663394607604,0.03702911362051964,TRACKING,True,1
97206697883954,0.0020954909996362403,0.037518643837994525,0.00010418957292591906,0.00045287387771343195,0.037131098320327786,0.0,0.0,0.0004647044406738132,0.03751864284276962,TRACKING,True,1
97206699974737,0.002090433001285419,0.03704972008049901,-1.4871628134178162e-05,0.0005264462552024789,0.03717291398029809,0.0,0.0,0.000526656280271709,0.03704972192645073,TRACKING,True,1
97206702046431,0.002071745999273844,0.03708420835383599,0.00024776080455085354,0.00044487338676193057,0.03721434786026866,0.0,0.0,0.0005092128412798047,0.03708420693874359,TRACKING,True,1
97206704119944,0.0020728670060634613,0.03726713746881593,0.00048351395066959993,0.00021773220835317631,0.037255818120239204,0.0,0.0,0.0005302763893269002,0.037267137318849564,TRACKING,True,1
97206706193883,0.002073880998068489,0.03724508002245572,0.0003528180313868253,0.00020281167684896398,0.03729729690020975,0.0,0.0,0.0004069559508934617,0.03724507987499237,TRACKING,True,1
97206708266562,0.002072827992378734,0.03702547208457455,0.00047139156047525197,0.00019532219248036015,0.03733875048018031,0.0,0.0,0.0005102555733174086,0.03702547028660774,TRACKING,True,1
97206710351906,0.002085618005366996,0.0371751566689218,0.0004383535538784115,7.841880800437537e-05,0.037380457360150686,0.0,0.0,0.00044531264575198293,0.03717515617609024,TRACKING,True,1
97206712437602,0.002085970001644455,0.037533375778546464,0.0003173670627727466,0.0002045233245232651,0.03742217128012106,0.0,0.0,0.0003775601217057556,0.03753337636590004,TRACKING,True,1
97206714527403,0.0020899130031466484,0.037401856076140716,0.00017805331009178218,0.000222441619410917,0.037463967300091376,0.0,0.0,0.00028492676210589707,0.03740185499191284,TRACKING,True,1
97206716614211,0.002086537002469413,0.03732140565609221,1.9496229890536896e-05,0.0001570988944099113,0.03750570346006173,0.0,0.0,0.00015830402844585478,0.03732140734791756,TRACKING,True,1
97206718700644,0.0020862940000370145,0.03765420463077343,0.00017271820445262568,0.00028670106441350566,0.0375474321200321,0.0,0.0,0.00033470746711827815,0.03765420615673065,TRACKING,True,1
97206720787937,0.0020878809882560745,0.037736857921307224,0.0002959927335769313,0.00048396711587021823,0.03758917798000245,0.0,0.0,0.0005673057748936117,0.037736859172582626,TRACKING,True,1
97206722859040,0.002070129005005583,0.03778006378929634,0.0002908835831750931,0.00043818642272786413,0.03763060003997303,0.0,0.0,0.0005259473109617829,0.03778006508946419,TRACKING,True,1
97206724944569,0.00208607800595928,0.03743223866061471,0.00019103614925883783,0.00037852367361254006,0.03767231061994341,0.0,0.0,0.000423998775659129,0.0374322384595871,TRACKING,True,1
97206727040285,0.0020957929955329746,0.03771902846864897,8.664597489495481e-05,0.00043995772649776477,0.037714224939913644,0.0,0.0,0.00044840865302830935,0.03771902993321419,TRACKING,True,1
97206729107779,0.0020668640063377097,0.037666742845882006,4.515000386449177e-05,0.0006060480021275226,0.03775557481988427,0.0,0.0,0.0006077274447306991,0.037666741758584976,TRACKING,True,1
97206731172495,0.00206455698935315,0.037519612607805335,3.520795090912623e-05,0.0003824945821784139,0.037796869139854944,0.0,0.0,0.00038411159766837955,0.03751961141824722,TRACKING,True,1
97206733240360,0.0020679989975178614,0.037665420804696745,-5.405116520910842e-05,0.0003812192404249311,0.037838226439825574,0.0,0.0,0.0003850319772027433,0.03766541928052902,TRACKING,True,1
97206735308599,0.0020680210000136867,0.03759658338049638,-0.00025398890615253524,0.00034879808767335126,0.0378795912197962,0.0,0.0,0.0004314747639000416,0.03759658336639404,TRACKING,True,1
97206737374903,0.002066465007374063,0.037544129166451605,-7.867939143638001e-05,0.0002443901769600782,0.03792091729976685,0.0,0.0,0.00025674307835288346,0.0375441275537014,TRACKING,True,1
97206739468654,0.0020949360041413456,0.037615417511545984,-9.652758513258807e-05,0.00015470569589043492,0.03796279231973711,0.0,0.0,0.00018234972958453,0.037615418434143066,TRACKING,True,1
97206741606083,0.002136495997547172,0.037879299790341964,-0.00016074285114463894,7.59994778498287e-05,0.038005540899706744,0.0,0.0,0.00017780379857867956,0.037879299372434616,TRACKING,True,1
97206744326611,0.002720410004258156,0.037728871141236374,-0.00013893353755981702,-0.00028275859332013026,0.038059951459668104,0.0,0.0,0.00031504753860644996,0.037728872150182724,TRACKING,True,1
97206747692971,0.003366232995176688,0.03790426394963777,-0.0001588482071264365,0.0002063469796579698,0.03812727865962028,0.0,0.0,0.00026040704688057303,0.03790426254272461,TRACKING,True,1
97206749758691,0.002065880995360203,0.038269344652213495,-0.00011808625393679388,0.00031327554490345825,0.038168593059590944,0.0,0.0,0.00033479236299172044,0.038269344717264175,TRACKING,True,1
97206751840544,0.0020827859989367425,0.038337429791412546,-0.0002723850063732406,-0.00022531257511219048,0.03821023011956137,0.0,0.0,0.0003534959105309099,0.038337428122758865,TRACKING,True,1
97206753927806,0.0020869290019618347,0.038543071606027865,-9.642523227711874e-05,-0.00048781370225995345,0.038251975359531724,0.0,0.0,0.0004972525057382882,0.03854307159781456,TRACKING,True,1
97206756027818,0.002099232006003149,0.03860427136695192,0.00010968006226208357,-0.00042862645332174834,0.038293975599501894,0.0,0.0,0.00044243683805689216,0.03860427066683769,TRACKING,True,1
97206758113595,0.0020862609962932765,0.03868518347747019,-0.0002320310634423937,-0.0003078690606833273,0.038335691139472265,0.0,0.0,0.00038551492616534233,0.038685183972120285,TRACKING,True,1
97206760180739,0.0020666100026573986,0.038615667337468323,-2.229994151623513e-06,-0.00011994216975742556,0.0383770340194429,0.0,0.0,0.0001199628968606703,0.03861566632986069,TRACKING,True,1
97206762251921,0.0020712620025733486,0.038619054854147065,0.00010411214700824443,-0.00018889011566983503,0.038418457659413485,0.0,0.0,0.00021568221563939005,0.03861905634403229,TRACKING,True,1
97206764332558,0.0020811110007343814,0.03886151021997653,1.093112786103504e-05,2.6753965267475833e-05,0.038460070399383935,0.0,0.0,2.8900938559672795e-05,0.038861509412527084,TRACKING,True,1
97206766399852,0.0020666739874286577,0.03876516853597397,-3.223462861490929e-05,0.0001274070056345897,0.03850141627935457,0.0,0.0,0.00013142151874490082,0.03876516968011856,TRACKING,True,1
97206768485535,0.002086495005642064,0.03879892997324516,0.00022552618089041878,0.000279639364681918,0.03854312993932494,0.0,0.0,0.00035924953408539295,0.03879892826080322,TRACKING,True,1
97206770571685,0.0020859710057266057,0.03865319439578507,0.00023951805916468444,0.00020261581098293295,0.03858485293929531,0.0,0.0,0.00031372293597087264,0.03865319490432739,TRACKING,True,1
97206772657126,0.0020853549940511584,0.03853360074920932,-3.940545157566028e-05,0.0001805213719289675,0.03862656175926569,0.0,0.0,0.000184772172360681,0.03853360190987587,TRACKING,True,1
97206774745580,0.002089663001243025,0.038518550321497765,-0.00027001571823651033,0.00010338168865336698,0.03866833083923602,0.0,0.0,0.0002891301701311022,0.038518551737070084,TRACKING,True,1
97206776835786,0.002089297995553352,0.038659585978172414,-0.00015105096068552864,-0.00014585926676519755,0.03871013495920633,0.0,0.0,0.00020997932006139308,0.03865958750247955,TRACKING,True,1
97206778920192,0.0020842719968641177,0.038620854251971655,0.00015320535046947203,-0.0002278907494881984,0.038751823079176725,0.0,0.0,0.000274601683486253,0.038620855659246445,TRACKING,True,1
97206781020439,0.0020997360115870833,0.03865623735259542,0.0005164510296832151,-7.986038791895101e-05,0.038793828019146895,0.0,0.0,0.0005225890781730413,0.038656238466501236,TRACKING,True,1
97206783091544,0.002071035996777937,0.0386619173516533,-1.4685644098472216e-05,7.544549346503909e-06,0.038835250119117475,0.0,0.0,1.6510250134160742e-05,0.03866191580891609,TRACKING,True,1
97206785162576,0.002071194991003722,0.038520434476937815,-1.108944447837702e-05,-0.0001481728517907208,0.03887667075908806,0.0,0.0,0.00014858724898658693,0.03852043300867081,TRACKING,True,1
97206787233814,0.002071108014206402,0.0383928166803594,0.00029234409684865154,-0.00011195221499208188,0.038918095519058636,0.0,0.0,0.00031304691219702363,0.0383928157389164,TRACKING,True,1
97206789304036,0.002070110000204295,0.038791293311102266,0.00032229145691214494,-0.00020140133240282923,0.03895949995902923,0.0,0.0,0.0003800450940616429,0.038791295140981674,TRACKING,True,1
97206791372262,0.0020681679889094085,0.03891213087687705,0.0001440740509515391,4.5488327400679507e-05,0.03900086447899986,0.0,0.0,0.0001510844740550965,0.03891213238239288,TRACKING,True,1
97206793459109,0.0020875750051345676,0.03906569467885419,2.9823033324171238e-05,0.00032847006452631764,0.039042601418970216,0.0,0.0,0.00032982113771140575,0.03906569629907608,TRACKING,True,1
97206795548351,0.0020891099993605167,0.0391947994500273,0.00010302447814688886,7.09089439935371e-05,0.039084386258940534,0.0,0.0,0.00012506845814641565,0.039194799959659576,TRACKING,True,1
97206797645023,0.002096989002893679,0.039272458925931716,-0.0001965442084399423,0.0001292967434189331,0.039126319698910755,0.0,0.0,0.00023526001314166933,0.039272457361221313,TRACKING,True,1
97206799730447,0.002085143991280347,0.039095696195163426,-9.260763356370214e-05,3.3678284984670924e-05,0.03916802817888113,0.0,0.0,9.854136442299932e-05,0.039095696061849594,TRACKING,True,1
97206801833870,0.0021037250116933137,0.03920642460398507,5.240945722736841e-06,1.1603785336045778e-05,0.039210096638851256,0.0,0.0,1.2732452887576073e-05,0.03920642286539078,TRACKING,True,1
97206803920522,0.0020862769888481125,0.03924099434140233,-0.00026412184552091834,-0.0003338857576757865,0.03925182967882162,0.0,0.0,0.0004257229738868773,0.039240993559360504,TRACKING,True,1
97206806021684,0.0021008900075685233,0.039514829952622864,-6.644008537452645e-05,-0.0004803020734489978,0.03929385291879177,0.0,0.0,0.00048487563617527485,0.039514828473329544,TRACKING,True,1
97206808093836,0.002072085000691004,0.039821849669630933,-0.00017123743443044168,-0.00021642807928019884,0.03933529595876234,0.0,0.0,0.00027597713051363826,0.03982184827327728,TRACKING,True,1
97206810167908,0.002074124990031123,0.03976690645239068,-9.051789311703878e-05,-2.9556561956943842e-05,0.03937677739873288,0.0,0.0,9.522121399641037e-05,0.039766907691955566,TRACKING,True,1
97206812235713,0.002067577006528154,0.03942296191560566,-6.47336499035894e-05,-6.472011704548819e-05,0.03941813349870351,0.0,0.0,9.153763676295057e-05,0.03942296281456947,TRACKING,True,1
97206814306109,0.0020704640046460554,0.039479853359513255,-9.09865991407526e-05,-0.00015705162605200176,0.039459541418674096,0.0,0.0,0.00018150420510210097,0.039479851722717285,TRACKING,True,1
97206816391546,0.0020860919903498143,0.03938409111204721,0.00010053409074167658,-0.00025333258714195663,0.039501250158644474,0.0,0.0,0.0002725518133956939,0.03938408941030502,TRACKING,True,1
97206818464595,0.0020725540089188144,0.03953412717380855,0.00012728187321844748,-0.00018024690404715016,0.03954271113861503,0.0,0.0,0.00022065725352149457,0.03953412547707558,TRACKING,True,1
97206820551560,0.002087569999275729,0.03965631409149258,0.00017900650044625933,-0.00021142558308433234,0.03958445043858539,0.0,0.0,0.0002770272549241781,0.03965631499886513,TRACKING,True,1
97206822624160,0.002071886003250256,0.03973389381837398,0.00045735757871285393,-0.0003283039179927713,0.039625902438555946,0.0,0.0,0.0005629915394820273,0.0397338941693306,TRACKING,True,1
97206824695375,0.0020711510005639866,0.03968369856748681,0.00015546089366996464,0.00014616016105121576,0.03966732673852653,0.0,0.0,0.00021337966609280556,0.03968369960784912,TRACKING,True,1
97206826784997,0.0020909459999529645,0.03946860336275048,0.00010089270667710062,0.00026079182576347915,0.03970911917849684,0.0,0.0,0.00027962782769463956,0.03946860507130623,TRACKING,True,1
97206828875165,0.00208982199546881,0.0394416641012612,4.014490566122662e-05,3.9276661360156806e-05,0.039750922538467154,0.0,0.0,5.616288399323821e-05,0.03944166377186775,TRACKING,True,1
97206830955231,0.0020790499984286726,0.03935436941820017,1.2842847721606853e-05,0.00011381507983842604,0.03979252385843761,0.0,0.0,0.00011453737533884123,0.039354369044303894,TRACKING,True,1
97206833036173,0.002081704995362088,0.03948263553218225,3.7425206811153924e-05,0.00019565055816283736,0.03983414269840806,0.0,0.0,0.000199197864276357,0.039482634514570236,TRACKING,True,1
97206835108027,0.002071370996418409,0.03986582486521811,-0.00019810722484452803,0.0002353933234398948,0.03987557977837863,0.0,0.0,0.000307662965497002,0.039865825325250626,TRACKING,True,1
97206837180149,0.0020721920009236783,0.03980047760519013,-0.0004660444941094054,1.1107596248260726e-05,0.03991702221834919,0.0,0.0,0.00046617683256044984,0.03980047628283501,TRACKING,True,1
97206839250837,0.0020704740018118173,0.04000013939756132,-0.0002441563700652222,-0.0001901110444371456,0.03995843597831978,0.0,0.0,0.00030944228637963533,0.04000014066696167,TRACKING,True,1
97206841317059,0.0020662580063799396,0.040316453075673386,-8.45549695635519e-05,-0.00013450334253902558,0.03999976041829043,0.0,0.0,0.0001588731975061819,0.04031645134091377,TRACKING,True,1
97206843388876,0.002071820999844931,0.040148398383359825,2.0481648666736193e-05,-0.00015610478257916462,0.040041196758261004,0.0,0.0,0.00015744270058348775,0.04014839977025986,TRACKING,True,1
97206845476541,0.0020882730023004115,0.040356556498163026,6.92100075092259e-05,1.0087025494257787e-05,0.04008295005823135,0.0,0.0,6.994121213210747e-05,0.040356557816267014,TRACKING,True,1
97206847575651,0.0020986629970138893,0.0402465915077858,-0.000220933319386304,0.00010097967845804164,0.04012493225820153,0.0,0.0,0.00024291650333907455,0.040246590971946716,TRACKING,True,1
97206849662749,0.002087562999804504,0.04006486206389933,-0.00016101689300065115,6.218707911188632e-05,0.04016667421817189,0.0,0.0,0.00017260844470001757,0.04006486386060715,TRACKING,True,1
97206851750737,0.0020884389959974214,0.040004212155604756,5.594707785875835e-05,-0.00021628637527348893,0.04020843397814223,0.0,0.0,0.00022340517898555845,0.04000421240925789,TRACKING,True,1
97206853839437,0.0020884530094917864,0.04038762160086633,-7.013861087270683e-05,3.379835770538016e-05,0.04025020797811256,0.0,0.0,7.785726484144107e-05,0.04038762301206589,TRACKING,True,1
97206856084804,0.0022450789983849972,0.04061413483766695,-0.00019966449670237986,-0.00011020999763338809,0.040295115318080665,0.0,0.0,0.00022806174820289016,0.040614135563373566,TRACKING,True,1
97206858156130,0.0020706819923361763,0.04071102045929629,-9.485291278020056e-05,-5.604305983174266e-05,0.04033654183805124,0.0,0.0,0.00011017213546438143,0.040711019188165665,TRACKING,True,1
97206860234332,0.002078361008898355,0.040292149192417616,-0.0003550827979176555,6.0122294805476144e-05,0.04037810587802172,0.0,0.0,0.000360136735253036,0.04029214754700661,TRACKING,True,1
97206862318064,0.002083814993966371,0.04062265716360577,-0.00035490621329356314,-0.00011628941799107911,0.04041978051799213,0.0,0.0,0.00037347243051044643,0.04062265530228615,TRACKING,True,1
97206864408791,0.002090922003844753,0.04063037106579016,-0.0001448459697545552,2.5930021579033513e-05,0.04046159505796243,0.0,0.0,0.00014714863209519535,0.04063037037849426,TRACKING,True,1
97206866513479,0.002104967992636375,0.040534214307752475,-0.0004409914623494822,0.0002773371729483129,0.04050368881793254,0.0,0.0,0.0005209504743106663,0.040534213185310364,TRACKING,True,1
97206868613075,0.002099201999953948,0.04047751092236176,-5.847956213238492e-05,-0.00017788606775667916,0.04054568073790271,0.0,0.0,0.00018725199333857745,0.040477510541677475,TRACKING,True,1
97206870724940,0.002111894005793147,0.04061140022578033,-0.00012700589394625255,-0.0003081652014098372,0.04058791803787271,0.0,0.0,0.0003333110944367945,0.040611401200294495,TRACKING,True,1
97206872822969,0.002098031996865757,0.040819464149563826,0.0001491047270214516,-0.0003025398073194568,0.04062987861784292,0.0,0.0,0.0003372870560269803,0.04081946238875389,TRACKING,True,1
97206874914844,0.0020925370045006275,0.040910074808959696,-9.63885914763061e-05,-0.00030465057189359314,0.0406717161178132,0.0,0.0,0.00031953517463989556,0.04091007634997368,TRACKING,True,1
97206877019479,0.0021038389968452975,0.040823924574458985,-0.00012402167954920278,-8.152646048883367e-05,0.040713808817783304,0.0,0.0,0.00014841812662780285,0.04082392528653145,TRACKING,True,1
97206879094659,0.0020752039999933913,0.04061184659317655,9.317131322428171e-05,0.00012019806312358355,0.040755312417753826,0.0,0.0,0.00015208046534098685,0.04061184823513031,TRACKING,True,1
97206881162082,0.002067057997919619,0.04066715910239581,-0.00015171566262215804,-0.0003473377947350843,0.04079666087772446,0.0,0.0,0.00037902663461863995,0.040667157620191574,TRACKING,True,1
97206883226087,0.0020639830036088824,0.04074505218950909,-0.00022529732068173234,-0.00020468356176292802,0.04083794097769514,0.0,0.0,0.0003043915785383433,0.04074505344033241,TRACKING,True,1
97206885291610,0.0020655739936046302,0.04063278138348681,-0.00014423676245220476,-0.0001423935742424497,0.040879251437665805,0.0,0.0,0.0002026824513450265,0.04063278064131737,TRACKING,True,1
97206887377616,0.002086919004796073,0.040765988164009684,-4.1758537801612165e-05,-3.9398510107698694e-05,0.040920971557636174,0.0,0.0,5.741095810662955e-05,0.04076598957180977,TRACKING,True,1
97206889465291,0.0020875329937553033,0.04103737458186547,-0.00016649641784533141,0.00010303845810064672,0.04096272505760652,0.0,0.0,0.00019580087973736227,0.04103737324476242,TRACKING,True,1
97206891553027,0.002087797998683527,0.0410822155234872,-0.00018129508652530278,-0.00011119066400034827,0.04100447977757687,0.0,0.0,0.00021267644478939474,0.04108221456408501,TRACKING,True,1
97206893642493,0.00208960501186084,0.041357194710493234,-7.362778296515803e-05,-0.00016309207672953493,0.04104626909754719,0.0,0.0,0.00017894154007080942,0.041357193142175674,TRACKING,True,1
97206895728978,0.002086432999931276,0.0413019638963489,-4.6162396983663074e-05,-0.00019740094466128943,0.04108799879751755,0.0,0.0,0.00020272666006349027,0.04130196571350098,TRACKING,True,1
97206897816422,0.0020872780005447567,0.04102319336477374,-2.0750177956481775e-06,-0.00015526488830331357,0.0411297476774879,0.0,0.0,0.00015527875802945346,0.041023194789886475,TRACKING,True,1
97206899900931,0.0020846889965469018,0.0410545567912086,0.000174229109589391,-0.00033261144452956075,0.0411714378574583,0.0,0.0,0.00037548120599240065,0.041054558008909225,TRACKING,True,1
97206901963679,0.0020616620022337884,0.0409699928058149,0.0001408349012745336,-6.469273784917107e-05,0.041212692817428995,0.0,0.0,0.00015498264110647142,0.04096999391913414,TRACKING,True,1
97206904034010,0.0020709980017272756,0.041209052608480255,0.00022022250378771443,-0.00043196719602170126,0.041254099437399584,0.0,0.0,0.0004848645185120404,0.04120905324816704,TRACKING,True,1
97206906100104,0.002065503998892382,0.04135684444700798,0.0002160407805570859,-0.00015508917910659096,0.04129542131737024,0.0,0.0,0.00026594410883262753,0.04135684296488762,TRACKING,True,1
97206908187027,0.0020870989974355325,0.041256265603377876,0.0002299467491259933,7.94685949718163e-05,0.04133715977734059,0.0,0.0,0.0002432915207464248,0.041256263852119446,TRACKING,True,1
97206910259622,0.002072714996756986,0.04161429188413393,0.0001934915535430717,-0.00018425345649111048,0.041378611677311154,0.0,0.0,0.00026718591107055545,0.041614290326833725,TRACKING,True,1
97206912331231,0.0020714050042442977,0.0415835338546119,0.00023979541573938896,-2.582115603329423e-05,0.04142004385728173,0.0,0.0,0.00024118160945363343,0.04158353433012962,TRACKING,True,1
97206914416689,0.002086096996208653,0.04190929969366621,0.00011946715956886677,-0.00019609586592697566,0.041461753017252106,0.0,0.0,0.00022962139337323606,0.04190929979085922,TRACKING,True,1
97206916502263,0.002085750995320268,0.04168023563595805,0.0001947131544858017,-0.0002667730047550438,0.04150346449722248,0.0,0.0,0.00033027419704012573,0.0416802354156971,TRACKING,True,1
97206918572745,0.0020697200088761747,0.04147607499961373,-2.2182620167595756e-05,4.510519376673463e-05,0.04154487413719308,0.0,0.0,5.0264767196495086e-05,0.04147607460618019,TRACKING,True,1
97206920658472,0.002086480992147699,0.04158746356497877,-7.245632156006507e-05,0.00018148905596650542,0.04158658867716345,0.0,0.0,0.0001954180042957887,0.0415874645113945,TRACKING,True,1
97206922730823,0.0020717450097436085,0.041753725077333166,-0.00021800097987290665,0.0002658675308881424,0.04162803569713401,0.0,0.0,0.0003438167623244226,0.041753724217414856,TRACKING,True,1
97206924835690,0.002104746992699802,0.041796814027748576,-0.0005044226808689966,-3.8232037845659084e-05,0.041670133037104116,0.0,0.0,0.000505869509652257,0.041796814650297165,TRACKING,True,1
97206926923083,0.0020878200011793524,0.041842641081344854,-0.0002354152464922647,-7.347721185308194e-05,0.04171188089707446,0.0,0.0,0.0002466155565343797,0.041842639446258545,TRACKING,True,1
97206929021287,0.0020985680021112785,0.04166356303476642,-0.00010486752775908816,-0.0003699783464961743,0.041753844977044666,0.0,0.0,0.00038455319008789957,0.04166356474161148,TRACKING,True,1
97206931091700,0.002069538997602649,0.04183990107898729,-9.177165136090452e-05,-0.00023978354813323612,0.04179525323701525,0.0,0.0,0.00025674537755548954,0.041839901357889175,TRACKING,True,1
97206933156598,0.002064838001388125,0.0417534840770027,9.105550028822207e-05,-0.0005650947090339823,0.04183655119698592,0.0,0.0,0.0005723836948163807,0.041753485798835754,TRACKING,True,1
97206935416735,0.0022607739956583828,0.04167608632763474,0.00016412063331677253,-0.000484574688789486,0.04188175393695382,0.0,0.0,0.000511613383423537,0.04167608544230461,TRACKING,True,1
97206938542486,0.00312521900923457,0.04206305692164375,0.00018408869636365083,-0.00044313944164915816,0.041944268956909427,0.0,0.0,0.000479855400044471,0.04206305742263794,TRACKING,True,1
97206941104130,0.0025618179934099317,0.042267608981125075,0.00010595495976842353,-0.00017639081185237673,0.04199550183687304,0.0,0.0,0.00020576728275045753,0.042267609387636185,TRACKING,True,1
97206943167547,0.002063325999188237,0.04210829510171747,-3.3568460871142317e-05,1.840392187991532e-05,0.04203677017684373,0.0,0.0,3.828244734904729e-05,0.04210829362273216,TRACKING,True,1
97206945274681,0.002107103995513171,0.04214936328720209,-0.00014997654357222712,-0.00013816243055892718,0.0420789128568138,0.0,0.0,0.00020391622092574835,0.042149364948272705,TRACKING,True,1
97206947356414,0.002081638012896292,0.0422888399692197,0.00022305163943294777,-0.00023063282711882258,0.04212054751678423,0.0,0.0,0.00032084816484712064,0.04228883981704712,TRACKING,True,1
97206949533779,0.00217730799340643,0.04240001515281562,-0.00036594495557482716,-0.0003867381909888947,0.042164094816753296,0.0,0.0,0.000532430422026664,0.04240001365542412,TRACKING,True,1
97206951593025,0.002059133999864571,0.04248601509572206,5.511641898429666e-05,-0.0002290372332829939,0.04220527973672405,0.0,0.0,0.00023557562963105738,0.04248601570725441,TRACKING,True,1
97206953707318,0.002115958006470464,0.042533598861100315,8.963987517420668e-05,4.052025778012946e-05,0.042247565596694014,0.0,0.0,9.837275138124824e-05,0.042533598840236664,TRACKING,True,1
97206955806977,0.002098259996273555,0.042290161333645875,0.0001789600860730837,-4.244037878511073e-05,0.042289558776664196,0.0,0.0,0.00018392360652796924,0.04229016229510307,TRACKING,True,1
97206958285178,0.002478098002029583,0.04228416772196447,0.0001226690548425775,-5.493046927327845e-05,0.04233912279662899,0.0,0.0,0.00013440630573313683,0.04228416830301285,TRACKING,True,1
97206960369466,0.0020853229943895712,0.042219184044621716,4.212899751229577e-05,-0.00019436343276638818,0.04238080855659939,0.0,0.0,0.000198876834474504,0.04221918433904648,TRACKING,True,1
97206962459283,0.0020901840034639463,0.042591972916018135,0.0001601964761285649,-0.00018913752566428814,0.0424226048965697,0.0,0.0,0.0002478626847732812,0.04259197413921356,TRACKING,True,1
97206964551707,0.002090979993226938,0.042865741452659104,0.0003401975742632464,-2.5588959242862767e-05,0.04246445337653998,0.0,0.0,0.0003411585930734873,0.04286574199795723,TRACKING,True,1
97206966613778,0.0020620630093617365,0.04267896549171971,0.0002732774328343821,9.446928668033096e-05,0.042505694796510694,0.0,0.0,0.0002891453041229397,0.042678967118263245,TRACKING,True,1
97206968718558,0.002105085994116962,0.042916054218291144,0.00015261669524251946,-3.0633130717151434e-05,0.042547790396480795,0.0,0.0,0.00015566065849270672,0.042916055768728256,TRACKING,True,1
97206970814438,0.0020956630032742396,0.043243663402881896,0.00035371244886934724,4.5283840333393995e-05,0.04258970799645102,0.0,0.0,0.00035659936838783324,0.043243665248155594,TRACKING,True,1
97206972886236,0.002071823997539468,0.04289812795283709,0.00032288053467298676,0.0002371155553213422,0.0426311439564216,0.0,0.0,0.00040059411549009383,0.04289812967181206,TRACKING,True,1
97206974983447,0.0020975429943064228,0.042988986925832945,0.00036296120327982106,0.00016928396134753746,0.04267308817639181,0.0,0.0,0.0004004970542155206,0.042988985776901245,TRACKING,True,1
97206977039814,0.0020565080048982054,0.043130023865132774,0.00013499837555761495,3.978846304759337e-05,0.0427142155163626,0.0,0.0,0.00014073977945372462,0.04313002526760101,TRACKING,True,1
97206979106757,0.002066321001620963,0.04294420025124682,-1.891263634120412e-05,0.0003812243638303295,0.04275555437633324,0.0,0.0,0.0003816931857727468,0.042944200336933136,TRACKING,True,1
97206981175155,0.002068521993351169,0.042627286743961816,3.8792371866744534e-05,7.828848371990309e-05,0.04279692233630386,0.0,0.0,8.737239113543183e-05,0.04262728616595268,TRACKING,True,1
97206983243289,0.002068067013169639,0.04251838257034011,5.1291256530914614e-05,-0.00021991187314867211,0.042838285016274485,0.0,0.0,0.00022581413213629276,0.04251838102936745,TRACKING,True,1
97206985310920,0.00206764398899395,0.04266787059565255,0.0004491934169581732,-0.0001529272596503491,0.04287963763624512,0.0,0.0,0.0004745118203572929,0.04266786947846413,TRACKING,True,1
97206987424430,0.0021145619975868613,0.04287614951877653,0.00014472476297072435,-4.634828459378705e-06,0.04292190783621509,0.0,0.0,0.00014479896344710141,0.04287615045905113,TRACKING,True,1
97206989510937,0.002086407010210678,0.04267738054938338,0.00013404425091416013,-1.869261105226485e-05,0.04296363797618546,0.0,0.0,0.00013534132449422032,0.0426773801445961,TRACKING,True,1
97206991596652,0.002085756990709342,0.04321589209894302,7.637242367523455e-05,-7.124687386396379e-05,0.04300535227615583,0.0,0.0,0.00010444550571264699,0.04321589320898056,TRACKING,True,1
97206993778579,0.0021817930100951344,0.04308920621757559,-0.00016025779165202157,9.583034575452604e-05,0.04304899081612484,0.0,0.0,0.00018672444275580347,0.043089207261800766,TRACKING,True,1
97206997371398,0.0035923149989685044,0.04339125224684091,-0.00016540278272327092,0.00019199262221797922,0.04312084719607381,0.0,0.0,0.0002534151717554778,0.04339125379920006,TRACKING,True,1
97206999410963,0.0020392029982758686,0.04327720889564341,-3.1017553310277524e-05,0.0002084511840367738,0.04316163849604484,0.0,0.0,0.0002107462496496737,0.043277207762002945,TRACKING,True,1
97207001479539,0.0020689420052804053,0.043025921047036085,-0.0001549536075000948,0.00030388724024232514,0.04320301001601545,0.0,0.0,0.0003411129873711616,0.043025922030210495,TRACKING,True,1
97207003558350,0.0020790499984286726,0.04279427360999597,-9.564502412111637e-05,0.00013601783136278644,0.04324458623598593,0.0,0.0,0.0001662793365539983,0.04279427230358124,TRACKING,True,1
97207005645511,0.002087624990963377,0.04283485028259377,-5.024387145840728e-05,0.0001445813885027936,0.04328632945595628,0.0,0.0,0.00015306280693039298,0.04283485189080238,TRACKING,True,1
97207007732466,0.002086766005959362,0.0431381062565716,-0.0005011493965121519,0.00039545818981506157,0.043328068555926635,0.0,0.0,0.0006383869331330061,0.04313810542225838,TRACKING,True,1
97207009819374,0.0020867599960183725,0.043165548137992664,-0.00013311142198556595,0.00023380544174386158,0.04336980671589699,0.0,0.0,0.00026904206606559455,0.043165549635887146,TRACKING,True,1
97207011889836,0.0020700140012195334,0.04317906916826807,-9.537605341538643e-05,0.0007201295610552136,0.04341121595586758,0.0,0.0,0.0007264180458150804,0.043179068714380264,TRACKING,True,1
97207013979960,0.002090011999825947,0.043587422617245304,-0.00012203586814671641,0.0005042624266564997,0.043453018435837897,0.0,0.0,0.0005188192008063197,0.043587423861026764,TRACKING,True,1
97207016058009,0.0020786370005225763,0.04378479194871997,2.709694154529011e-05,0.00033994258229449727,0.04349457941580838,0.0,0.0,0.0003410208155401051,0.043784793466329575,TRACKING,True,1
97207018130841,0.002072130999295041,0.04369103570114849,-0.00017477929593019364,0.0003540267244345719,0.04353603605577894,0.0,0.0,0.00039481985731981695,0.043691035360097885,TRACKING,True,1
97207020202296,0.0020715330028906465,0.04387719042748648,0.0002893335085132887,0.00013002546794987614,0.04357746515574951,0.0,0.0,0.0003172073629684746,0.043877191841602325,TRACKING,True,1
97207022293080,0.0020912100007990375,0.04393044953060677,0.0001806164135762668,0.0003099243797887465,0.043619280835719816,0.0,0.0,0.00035871355794370174,0.04393044859170914,TRACKING,True,1
97207024390175,0.00209683200228028,0.04384496215290824,1.9081234771926728e-07,-0.00010402628893434543,0.04366122273569003,0.0,0.0,0.00010402646148577332,0.04384496062994003,TRACKING,True,1
97207026513585,0.0021236669999780133,0.04395141421721336,2.9585920958007696e-05,0.0001358516993053968,0.043703690935659865,0.0,0.0,0.00013903601211495697,0.04395141452550888,TRACKING,True,1
97207028591076,0.0020771559939021245,0.04380720387325858,0.00048564936238818613,-3.941183876532856e-05,0.043745240755630355,0.0,0.0,0.00048724591033533216,0.04380720481276512,TRACKING,True,1
97207030862808,0.0022717620013281703,0.04392209684905384,0.0003868330209082807,0.00017375352144552946,0.04379067539559809,0.0,0.0,0.0004240637645125389,0.043922096490859985,TRACKING,True,1
97207039869888,0.009007291999296285,0.04393860070386752,8.398552988829634e-05,-6.551786937878713e-05,0.043970816995470154,0.0,0.0,0.00010651835327735171,0.04393859952688217,TRACKING,True,1
97207044066572,0.004196533001959324,0.044155244895279354,7.309696171980441e-05,2.014478808726976e-05,0.044054750675410544,0.0,0.0,7.582201942568645e-05,0.044155243784189224,TRACKING,True,1
97207046319591,0.002252841994049959,0.044017382792297485,7.21751449404904e-05,5.226638751453716e-05,0.04409981105537854,0.0,0.0,8.911243639886379e-05,0.044017381966114044,TRACKING,True,1
97207048400750,0.0020814590097870678,0.04420081210947253,-0.0002165896100885359,-0.00010444669240373703,0.04414143423534898,0.0,0.0,0.00024045826285146177,0.04420081153512001,TRACKING,True,1
97207050489950,0.0020907430007355288,0.044533518364172214,-0.00020976337916315646,-8.216843227658987e-05,0.0441832182353193,0.0,0.0,0.00022528278350364417,0.044533517211675644,TRACKING,True,1
97207052582685,0.002092538998113014,0.044379497044091984,-0.00040383096394477804,-0.0002461880690386068,0.04422507293528958,0.0,0.0,0.0004729566571768373,0.044379498809576035,TRACKING,True,1
97207054685733,0.0021036489924881607,0.044433997338280115,-0.00038010728293827423,0.00020642347967394722,0.04426713389525971,0.0,0.0,0.00043254156480543315,0.044433996081352234,TRACKING,True,1
97207056781000,0.0020944810094079003,0.04414797166624102,-0.0005932658498428303,6.194676230570511e-05,0.04430903923522994,0.0,0.0,0.000596491270698607,0.04414797201752663,TRACKING,True,1
97207058850306,0.0020678099972428754,0.04403113558007358,-0.00013260511104786404,-3.692871792055967e-05,0.04435042535520055,0.0,0.0,0.00013765117910224944,0.044031135737895966,TRACKING,True,1
97207060917378,0.002067038993118331,0.044281269387414876,-0.00034025569262545084,9.503915930393572e-05,0.04439176679517119,0.0,0.0,0.0003532794944476336,0.04428127035498619,TRACKING,True,1
97207063018904,0.0021017530089011416,0.04447792271878963,3.2820527719865556e-06,9.925168841032654e-05,0.04443379731514134,0.0,0.0,9.930593660101295e-05,0.0444779209792614,TRACKING,True,1
97207065088901,0.002069969996227883,0.04459664949858714,3.066647309566303e-05,0.00022844320707890737,0.04447519725511193,0.0,0.0,0.0002304923691553995,0.04459664970636368,TRACKING,True,1
97207067166552,0.0020777649915544316,0.04452046465705831,0.00011597321791033809,4.2652842390297774e-05,0.04451675027508242,0.0,0.0,0.00012356801016721874,0.04452046379446983,TRACKING,True,1
97207069237662,0.002070729009574279,0.04468747492989694,2.2840465114693442e-05,-9.119066265403918e-05,0.044558172475053004,0.0,0.0,9.400756971444935e-05,0.04468747600913048,TRACKING,True,1
97207071306597,0.0020690289966296405,0.04456033015015673,0.0002772671271408264,-0.00034047538493648923,0.04459955117502362,0.0,0.0,0.00043909059604629874,0.04456033185124397,TRACKING,True,1
97207073376267,0.0020696190040325746,0.04434889843052755,0.00029053253073031113,-0.0003994548187915061,0.04464094457499422,0.0,0.0,0.0004939365317113698,0.04434889927506447,TRACKING,True,1
97207075466696,0.0020918230002280325,0.04441092131365361,9.575138420996217e-05,0.00015160830955102106,0.044682753154964526,0.0,0.0,0.00017931371985469013,0.04441092163324356,TRACKING,True,1
97207077564525,0.0020967769960407168,0.04442856341361011,-7.033549705204312e-05,2.544907112553857e-05,0.04472470973493473,0.0,0.0,7.479797204723582e-05,0.044428564608097076,TRACKING,True,1
97207079651698,0.002087215005303733,0.04461758903630748,4.3092619455776726e-05,-0.00024981206316847384,0.04476645319490508,0.0,0.0,0.00025350155192427337,0.04461758956313133,TRACKING,True,1
97207081744398,0.0020931990002281964,0.044792831351337735,0.0003774496969086028,-0.0004829104733934596,0.04480830719487536,0.0,0.0,0.0006129199173301458,0.04479283094406128,TRACKING,True,1
97207083832295,0.002087464992655441,0.04494382631102835,0.0003793619816206619,-0.0002831951256667568,0.0448500651348457,0.0,0.0,0.0004734078247565776,0.044943828135728836,TRACKING,True,1
97207085927971,0.002096117998007685,0.04491708161567695,-0.00018112091754036416,3.2940622392213905e-05,0.04489197865481594,0.0,0.0,0.00018409201584290713,0.04491708055138588,TRACKING,True,1
97207088032642,0.0021044400054961443,0.04489190228583392,-0.00015442372684833206,0.0002407720836273079,0.04493407207478604,0.0,0.0,0.0002860382664948702,0.044891901314258575,TRACKING,True,1
97207090110519,0.00207757500174921,0.044528163618169095,-0.00011248362071787907,0.00026062242868052463,0.04497562961475653,0.0,0.0,0.00028386019403114915,0.044528163969516754,TRACKING,True,1
97207092194515,0.002084417996229604,0.04485991564262144,3.624203592488738e-05,0.0005329516732001085,0.04501730953472692,0.0,0.0,0.0005341825308278203,0.04485991597175598,TRACKING,True,1
97207094285571,0.0020907410071231425,0.04500946250094761,0.00020544491010550378,0.0004800782198678767,0.04505913065469722,0.0,0.0,0.0005221902974881232,0.045009464025497437,TRACKING,True,1
97207096362335,0.0020765689987456426,0.044803267314059154,-6.93074157258897e-06,0.0006821005205844923,0.04510066593466772,0.0,0.0,0.0006821357528679073,0.04480326548218727,TRACKING,True,1
97207098468428,0.0021063909953227267,0.04490369710173158,-1.681983868403049e-05,0.0002006313739227454,0.045142787794637804,0.0,0.0,0.00020133517682552338,0.044903695583343506,TRACKING,True,1
97207100585920,0.0021172830020077527,0.044970683058061886,-0.0002472089376420499,1.903378007224552e-05,0.04518513763460773,0.0,0.0,0.0002479405957274139,0.04497068375349045,TRACKING,True,1
97207102685452,0.0021005849994253367,0.04518997781960591,-0.00030833742855858787,-9.851069035859159e-05,0.04522712827457791,0.0,0.0,0.0003236916963942349,0.04518997669219971,TRACKING,True,1
97207104765571,0.002078927995171398,0.045486649080932834,-0.0001135526804527439,2.937581989240337e-05,0.04526873065454836,0.0,0.0,0.00011729088146239519,0.04548664763569832,TRACKING,True,1
97207106857289,0.0020924660057062283,0.04563028026786713,-0.00017220806455150157,-5.153105536131767e-05,0.04531056501451865,0.0,0.0,0.00017975279479287565,0.045630279928445816,TRACKING,True,1
97207108946758,0.002089970002998598,0.045188505999205035,2.1111520155262865e-05,-7.050020986486745e-05,0.045352354394488974,0.0,0.0,7.359331357292831e-05,0.045188505202531815,TRACKING,True,1
97207112223035,0.0032747809891588986,0.045297841404579854,-0.0001826709900010554,6.601354418373252e-05,0.045417879934442434,0.0,0.0,0.00019423305639065802,0.04529784247279167,TRACKING,True,1
97207114340016,0.002117598007316701,0.045496595960769985,-8.482282106754794e-05,-0.00024351205400454672,0.045460219554412366,0.0,0.0,0.00025786241167224944,0.04549659416079521,TRACKING,True,1
97207119531105,0.005190800991840661,0.04539731701377354,-6.085601688144016e-05,-0.0003069358379023341,0.045564041334338626,0.0,0.0,0.00031291061895899475,0.0453973151743412,TRACKING,True,1
97207121611905,0.0020810890127904713,0.04556940645842841,0.00014160823581568316,-0.0003329241231625594,0.045605657334309074,0.0,0.0,0.0003617891052272171,0.04556940495967865,TRACKING,True,1
97207123824557,0.0022129709977889434,0.045593722989554705,-3.250252081894104e-05,-2.8359193600633454e-05,0.045649910374277645,0.0,0.0,4.313534373068251e-05,0.04559372365474701,TRACKING,True,1
97207125918412,0.0020943039999110624,0.04581819056748602,0.0004575624804848968,-1.6967954146861207e-05,0.0456917874742479,0.0,0.0,0.00045787697308696806,0.04581819102168083,TRACKING,True,1
97207128025818,0.0021062219893792644,0.04564822130825375,0.0003671738503423112,-5.271872061920263e-05,0.04573393559421797,0.0,0.0,0.00037093920400366187,0.04564822092652321,TRACKING,True,1
97207130091278,0.0020652600069297478,0.04575624878551727,0.0004591862366084069,-8.504253510114557e-05,0.04577524479418863,0.0,0.0,0.00046699491213075817,0.045756250619888306,TRACKING,True,1
97207132165702,0.0020742799970321357,0.045936093766654924,-8.586428847472778e-05,0.0001358104748065516,0.045816733274159166,0.0,0.0,0.00016067719843704253,0.04593609273433685,TRACKING,True,1
97207134226759,0.002061114995740354,0.045960639602252516,-9.791419227094405e-05,-2.4192414315871028e-06,0.04585795441412989,0.0,0.0,9.794407378649339e-05,0.04596063867211342,TRACKING,True,1
97207136296987,0.0020705850038211793,0.04622199452273208,-0.00015341678475328782,0.00022705857784555868,0.04589935897410048,0.0,0.0,0.00027402976411394775,0.04622199386358261,TRACKING,True,1
97207138389405,0.002092754002660513,0.04605915446892325,-8.936669062103035e-05,0.00021057181874900482,0.04594120733407076,0.0,0.0,0.00022875072318129241,0.046059153974056244,TRACKING,True,1
97207140460518,0.00207075200160034,0.04642502759743616,-1.1328306599803201e-05,0.00017907828494166626,0.04598262959404134,0.0,0.0,0.00017943623242899776,0.046425025910139084,TRACKING,True,1
97207142540174,0.0020799409976461902,0.04629909684312757,-5.986871829538208e-05,7.663920954951986e-06,0.046024222714011805,0.0,0.0,6.0357262555044144e-05,0.04629909619688988,TRACKING,True,1
97207144631388,0.0020918070076731965,0.04657075821349592,0.000227744298977421,-0.00011662883411671592,0.0460660469939821,0.0,0.0,0.00025587057461962104,0.046570759266614914,TRACKING,True,1
97207146722208,0.0020905739947920665,0.04646413725175239,-6.325691569222068e-05,9.668323736152082e-05,0.046107863393952404,0.0,0.0,0.00011553824151633307,0.046464137732982635,TRACKING,True,1
97207148803321,0.002080602993373759,0.04650548336461344,-1.7940633477244667e-05,-8.054939043598331e-05,0.04614948565392284,0.0,0.0,8.252315456047654e-05,0.046505484730005264,TRACKING,True,1
97207150892512,0.0020898220100207254,0.04656133966305693,0.00010198435971555981,-8.126371743361783e-05,0.04619126947389317,0.0,0.0,0.00013040169142186642,0.046561338007450104,TRACKING,True,1
97207152966264,0.002073083000141196,0.0466070051442708,-0.00017357261236934125,-0.00015711287388733733,0.04623274451386371,0.0,0.0,0.00023411943402606994,0.04660700634121895,TRACKING,True,1
97207155028287,0.0020623419986804947,0.04634746090767084,-8.834723073226595e-05,0.00020162470786753162,0.04627398497383442,0.0,0.0,0.00022013121633790433,0.04634746164083481,TRACKING,True,1
97207157111832,0.0020834799943258986,0.046375477044887745,0.00015019579222352636,0.00012618958518858706,0.046315655873804824,0.0,0.0,0.0001961697853403166,0.04637547582387924,TRACKING,True,1
97207159189336,0.0020772919961018488,0.046326427717267936,0.0002807857005125351,0.0001807737832277368,0.046357205953775314,0.0,0.0,0.0003339457616675645,0.04632642865180969,TRACKING,True,1
97207161266899,0.0020776070014107972,0.046637754929410906,0.00035734345897175013,-2.8080485474155358e-05,0.046398757213745805,0.0,0.0,0.0003584450751077384,0.04663775488734245,TRACKING,True,1
97207163369777,0.002103815000737086,0.046139200175981,0.00025576600687581734,-0.00022779971995383528,0.046440814773715935,0.0,0.0,0.0003425039758440107,0.046139199286699295,TRACKING,True,1
97207165447618,0.002076913006021641,0.046038557584648615,-0.00010058148884162162,-0.0002599502458913054,0.04648237159368642,0.0,0.0,0.0002787306148093194,0.04603855684399605,TRACKING,True,1
97207167519174,0.0020713929989142343,0.046206041813302616,-6.225013146890482e-05,0.0002021216112723802,0.046523802713657,0.0,0.0,0.00021149047825019807,0.0462060421705246,TRACKING,True,1
97207169611197,0.002092811992042698,0.046146336545866924,-4.064913714173201e-05,-9.276086121161537e-05,0.04656564317362728,0.0,0.0,0.00010127650602953508,0.04614633694291115,TRACKING,True,1
97207171688083,0.0020761420018970966,0.046161780501283896,-1.3050083311224136e-05,1.6782196626466604e-05,0.046607180893597784,0.0,0.0,2.125904029526282e-05,0.04616178199648857,TRACKING,True,1
97207173778523,0.0020910540042677894,0.04613436006893053,0.0001982183151039302,-0.00015551325072151516,0.04664898969356809,0.0,0.0,0.00025194219779223204,0.04613436013460159,TRACKING,True,1
97207175869994,0.0020916729990858585,0.0465350341269896,0.00011863579584286426,6.394167264865721e-05,0.04669081911353838,0.0,0.0,0.0001347701472695917,0.046535033732652664,TRACKING,True,1
97207177959041,0.0020886450074613094,0.0467366165733503,2.534036604361439e-05,0.00012773618495336944,0.04673260005350871,0.0,0.0,0.00013022545317653567,0.046736616641283035,TRACKING,True,1
97207180040298,0.0020811589929508045,0.046537536036795654,-0.00021687480168165537,1.8597571284869506e-05,0.046774225193479145,0.0,0.0,0.0002176707494072616,0.04653753712773323,TRACKING,True,1
97207182111942,0.0020710700046038255,0.046912665151210446,-0.0002729428918257366,-9.513005063515643e-05,0.04681565807344972,0.0,0.0,0.00028904591454192996,0.04691266641020775,TRACKING,True,1
97207184437639,0.0023263659968506545,0.04722255594557322,-0.00016691836956330376,-6.0422792735391266e-05,0.046862172013416685,0.0,0.0,0.00017751804261934012,0.0472225546836853,TRACKING,True,1
97207188739629,0.0043016459967475384,0.04696413681253186,-9.581108233549244e-05,6.835034276554163e-05,0.04694821181335558,0.0,0.0,0.00011769253615057096,0.0469641350209713,TRACKING,True,1
97207191375685,0.002635969009133987,0.04699588156467603,7.631746024722088e-05,0.00010338993403290715,0.04700093293331813,0.0,0.0,0.00012850615894421935,0.04699588194489479,TRACKING,True,1
97207193661597,0.002286565999384038,0.047231476114501826,0.00019792892736464606,4.2756519528587375e-05,0.047046651173285665,0.0,0.0,0.0002024943969445303,0.04723147675395012,TRACKING,True,1
97207195754524,0.002093265997245908,0.04736515632699305,0.0004518617290285767,8.24371146945981e-05,0.04708850971325594,0.0,0.0,0.00045932005741633475,0.047365155071020126,TRACKING,True,1
97207197836521,0.0020812669972656295,0.047090062119514234,0.0003246197891597959,1.740012929165563e-05,0.047130149653226365,0.0,0.0,0.0003250857989769429,0.047090061008930206,TRACKING,True,1
97207199925709,0.002089960005832836,0.047613731261136404,0.0003441339885627742,-0.00018777467023112362,0.04717193341319669,0.0,0.0,0.00039203002233989537,0.047613732516765594,TRACKING,True,1
97207202032826,0.0021062609885120764,0.04746476547465618,0.000483343098470625,-0.000329745951817197,0.04721407575316676,0.0,0.0,0.0005851093446835876,0.0474647656083107,TRACKING,True,1
97207204118868,0.002086319000227377,0.047329092059036536,0.00030962811789437617,-0.00023915685112539155,0.04725579659313713,0.0,0.0,0.00039123595342971385,0.04732909053564072,TRACKING,True,1
97207206195887,0.00207652201061137,0.04723821082495297,0.00022099787474426982,-0.00040852358006524675,0.047297336973107625,0.0,0.0,0.0004644691071007401,0.04723821207880974,TRACKING,True,1
97207208286354,0.002090539986966178,0.04719692062548086,3.2397860377455866e-05,-0.00031822355561768594,0.04733914631307793,0.0,0.0,0.00031986850081011653,0.047196920961141586,TRACKING,True,1
97207210361004,0.002074707008432597,0.04723504387857,1.7916042847416556e-05,-0.0002692938612125391,0.047380639313048464,0.0,0.0,0.0002698891912586987,0.047235045582056046,TRACKING,True,1
97207212434183,0.0020732080010930076,0.047252411526588566,7.3457169520291e-05,-1.4079125679220244e-05,0.047422102893019014,0.0,0.0,7.479423948097974e-05,0.047252412885427475,TRACKING,True,1
97207214527608,0.0020933019986841828,0.047526117406722135,-0.00016335461928551878,3.201977026488453e-05,0.04746397139298928,0.0,0.0,0.0001664632000029087,0.04752611741423607,TRACKING,True,1
97207216603949,0.002076460004900582,0.04767768642214617,-0.0001563889866511475,0.00010093833560697685,0.04750549821295979,0.0,0.0,0.0001861345226643607,0.04767768457531929,TRACKING,True,1
97207218696945,0.002096426993375644,0.04761594483360116,-3.641853144356845e-05,-0.00021278414411432997,0.04754735813293006,0.0,0.0,0.0002158782008336857,0.04761594533920288,TRACKING,True,1
97207220787791,0.0020877670031040907,0.047713560525994465,-0.00011401791991598294,-0.0002727075228855669,0.04758917505290036,0.0,0.0,0.0002955832751467824,0.04771355912089348,TRACKING,True,1
97207222981724,0.002193533000536263,0.04765501328028671,9.997020309348205e-05,-9.592232267230838e-06,0.047633053712869196,0.0,0.0,0.00010042933718068525,0.04765501245856285,TRACKING,True,1
97207225147560,0.0021657890029018745,0.04773129596004746,0.0002151968375206243,-8.360667647083415e-05,0.047676370432838434,0.0,0.0,0.00023086740111466497,0.047731295228004456,TRACKING,True,1
97207227214912,0.0020670949888881296,0.047526453729659864,-0.00020173433434581768,-6.374102018061395e-05,0.04771771747280907,0.0,0.0,0.00021156479488126934,0.04752645269036293,TRACKING,True,1
97207229281609,0.002066742003080435,0.04760704204444814,-0.00012762521976447577,-3.340081507931424e-05,0.04775905141277971,0.0,0.0,0.00013192350161261857,0.04760704189538956,TRACKING,True,1
97207231345737,0.002064144005998969,0.04791875764351769,-0.00025210470763638754,-0.000165323793171857,0.047800333972750395,0.0,0.0,0.00030147761572152376,0.047918759286403656,TRACKING,True,1
97207233456902,0.0021114019909873605,0.04825935484276067,-2.846170996084651e-05,-0.00016519708505614882,0.0478425572727204,0.0,0.0,0.00016763097664806992,0.04825935512781143,TRACKING,True,1
97207235552798,0.0020969540055375546,0.04778184032514027,-0.00017625539939285042,-0.00017587136504657947,0.04788447519269064,0.0,0.0,0.0002489913604222238,0.04778183996677399,TRACKING,True,1
97207237644825,0.00209207899752073,0.0478413602277248,-8.44198187176186e-05,-0.00015920127970295848,0.04792631573266092,0.0,0.0,0.00018019921844825149,0.04784135892987251,TRACKING,True,1
97207239716398,0.0020702879992313683,0.04811532863670339,-0.0002731996658766969,-0.00015894601978161694,0.04796774719263149,0.0,0.0,0.0003160726046189666,0.0481153279542923,TRACKING,True,1
97207241805916,0.002090396999847144,0.04797757577535034,-4.2251611514844254e-05,-7.627617128698073e-05,0.048009537552601816,0.0,0.0,8.719663310330361e-05,0.04797757416963577,TRACKING,True,1
97207243894725,0.0020884940022369847,0.04816775567081154,-1.9461531535242503e-05,0.0006193900676108542,0.04805131373257215,0.0,0.0,0.0006196956965140998,0.04816775396466255,TRACKING,True,1
97207245968237,0.0020734419958898798,0.04829238406672301,-0.0001540468466452757,0.00039031527712787535,0.04809278397254269,0.0,0.0,0.00041961466195061803,0.048292383551597595,TRACKING,True,1
97207248039463,0.002070902002742514,0.04818552381286071,3.121751951322833e-05,0.00041899734843958144,0.04813420849251327,0.0,0.0,0.0004201586707495153,0.048185523599386215,TRACKING,True,1
97207250107260,0.002067580004222691,0.048273099228881906,-1.7892732585519012e-05,0.00014352100577574644,0.0481755644324839,0.0,0.0,0.00014463203842751682,0.04827309772372246,TRACKING,True,1
97207252177759,0.0020705740025732666,0.04856443574019038,0.0001845097864877512,-0.000439056652302179,0.04821697441245449,0.0,0.0,0.00047625057050026953,0.04856443405151367,TRACKING,True,1
97207254248978,0.0020710690005216748,0.04849070516157946,-3.6679144306473854e-05,-0.0003532693254648283,0.04825839879242507,0.0,0.0,0.00035516839125193655,0.04849070683121681,TRACKING,True,1
97207256328881,0.002080746999126859,0.04875111827200891,-0.000230924063577733,-0.00041720477615942824,0.04829999685239553,0.0,0.0,0.0004768498183693737,0.048751119524240494,TRACKING,True,1
97207258416059,0.0020871000015176833,0.04907058427069346,-0.00023660796809560933,-0.0003126983848003861,0.04834174041236588,0.0,0.0,0.0003921270545106381,0.049070585519075394,TRACKING,True,1
97207260499972,0.0020837769989157096,0.04905580667365628,-0.0002454917485409634,-0.00019587252616715104,0.04838341867233628,0.0,0.0,0.00031405771733261645,0.049055807292461395,TRACKING,True,1
97207262584609,0.002084344989270903,0.048900698854184035,9.44647625487455e-05,-0.0004171897172764502,0.04842511141230667,0.0,0.0,0.0004277509287931025,0.04890069738030434,TRACKING,True,1
97207264674839,0.0020903660042677075,0.04862265220954552,3.6825186852897725e-05,-0.00010451876061216489,0.048466916012276984,0.0,0.0,0.00011081636330345646,0.048622652888298035,TRACKING,True,1
97207266743274,0.002067880006507039,0.04849391540722026,0.00010648090243395726,-0.00015955087010093683,0.0485082847122476,0.0,0.0,0.00019181934476364404,0.04849391430616379,TRACKING,True,1
97207268828253,0.0020856389892287552,0.04847102021866892,0.0002972933401985845,-0.00014483241998354795,0.04854998429221798,0.0,0.0,0.0003306958533357829,0.04847101867198944,TRACKING,True,1
97207270914093,0.0020858870120719075,0.04907473243231609,0.0002552789507580061,0.00010943205353369028,0.048591701092188355,0.0,0.0,0.00027774577029049397,0.04907473176717758,TRACKING,True,1
97207272999580,0.0020974109938833863,0.04907805604801691,-0.00011601887233652562,-0.00020671347451850936,0.04863341083215873,0.0,0.0,0.0002370460715610534,0.04907805472612381,TRACKING,True,1
97207275077073,0.002064875006908551,0.049049250061174464,-0.00027335652137464473,-0.0002311546217505999,0.048674960692129225,0.0,0.0,0.0003579891927074641,0.0490492507815361,TRACKING,True,1
97207277143493,0.002066379995085299,0.048897479199482674,-0.0003403738216329129,6.435926838325987e-05,0.04871628909209987,0.0,0.0,0.00034640502417460084,0.048897478729486465,TRACKING,True,1
97207279208019,0.0020646570046665147,0.04901543246822145,-0.0001871053816077047,0.00014216769105170648,0.04875757961207055,0.0,0.0,0.00023498952214140445,0.049015432596206665,TRACKING,True,1
97207281275465,0.0020673759863711894,0.04880284430361707,3.7038613359306006e-05,-6.172822202152293e-05,0.04879892853204118,0.0,0.0,7.198772073024884e-05,0.04880284518003464,TRACKING,True,1
97207283341756,0.002066237007966265,0.049124889063854864,-9.63997846640865e-05,-0.00013939176074669686,0.04884025435201183,0.0,0.0,0.00016947856056503952,0.04912488907575607,TRACKING,True,1
97207285427376,0.0020864599937340245,0.04927525914912914,5.4767064523211467e-05,-0.00026115216882344585,0.048881966751982205,0.0,0.0,0.000266833056230098,0.04927526041865349,TRACKING,True,1
97207287513866,0.0020866679988102987,0.049285860642486676,3.493961612063476e-05,-0.0001643215344633239,0.04892369655195257,0.0,0.0,0.00016799506556708366,0.04928585886955261,TRACKING,True,1
97207289597446,0.002083444007439539,0.049310516265955104,0.00013340289100798606,7.799973024062395e-05,0.048965368151922976,0.0,0.0,0.00015453249216079712,0.04931051656603813,TRACKING,True,1
97207291685838,0.002088120992993936,0.04931693033575671,0.00014468840899068962,3.2299425442947565e-05,0.04900713599189331,0.0,0.0,0.00014824974641669542,0.04931693151593208,TRACKING,True,1
97207293783698,0.002097918011713773,0.04951853591989968,-4.6841330669809725e-05,0.00036499817462863995,0.04904909319186351,0.0,0.0,0.0003679915389511734,0.049518536776304245,TRACKING,True,1
97207295850591,0.002066281987936236,0.04978620831020846,0.0003605004065857691,0.00021021750733759631,0.04909043105183415,0.0,0.0,0.0004173151683062315,0.04978621006011963,TRACKING,True,1
97207297936514,0.002086533000692725,0.04995922092602858,0.00043878519288133956,0.00032880892823765166,0.04913214951180452,0.0,0.0,0.0005483135464601219,0.0499592199921608,TRACKING,True,1
97207300031285,0.002094186012982391,0.050299314957623596,0.0003184440267174253,0.0003154580054877386,0.04917404493177477,0.0,0.0,0.0004482413933146745,0.05029931664466858,TRACKING,True,1
97207302101378,0.0020702829933725297,0.04971445200586962,-0.00019362807776012212,0.0002560823400417179,0.04921544679174537,0.0,0.0,0.0003210451686754823,0.049714453518390656,TRACKING,True,1
97207304172147,0.0020706689974758774,0.049657560233741016,4.433110021258654e-06,0.00022093505469699412,0.04925686217171595,0.0,0.0,0.00022097952023614198,0.049657560884952545,TRACKING,True,1
97207306239308,0.0020670640078606084,0.04920055873598117,7.209606999253386e-05,0.0003455713078983801,0.04929820539168659,0.0,0.0,0.0003530118556227535,0.04920055717229843,TRACKING,True,1
97207308309097,0.0020697219879366457,0.04956302032839317,-0.00012261169143161157,6.306369730285682e-05,0.04933960117165719,0.0,0.0,0.0001378791348543018,0.04956302046775818,TRACKING,True,1
97207310394283,0.002085872009047307,0.04940255997045118,-0.00019234366198727832,-0.0002497989299889796,0.04938130489162757,0.0,0.0,0.00031527067767456174,0.04940256103873253,TRACKING,True,1
97207312481279,0.0020872259919997305,0.049315824807026,0.00016231562325734513,-0.00035018062955473724,0.04942304481159793,0.0,0.0,0.0003859699936583638,0.04931582510471344,TRACKING,True,1
97207314567634,0.002086225009406917,0.049061326433519736,5.470339779070544e-05,-0.00031557300043587164,0.04946477191156829,0.0,0.0,0.0003202792431693524,0.049061328172683716,TRACKING,True,1
97207316654707,0.002086969994707033,0.0493711660828947,-9.866292413748855e-05,-0.00023523518290231786,0.04950651337153865,0.0,0.0,0.0002550881472416222,0.04937116429209709,TRACKING,True,1
97207318740617,0.002085896994685754,0.04931121805588876,-0.00023882660727505309,-8.475840083100981e-05,0.04954823157150902,0.0,0.0,0.0002534208761062473,0.04931121692061424,TRACKING,True,1
97207320827446,0.0020870700100203976,0.04946064595602938,-0.00016352641906219848,3.827937502113302e-05,0.049589968151479376,0.0,0.0,0.0001679470151429996,0.04946064576506615,TRACKING,True,1
97207322917093,0.002089667003019713,0.04940064120659145,-0.00010212383739352518,6.0720969883807356e-05,0.0496317610914497,0.0,0.0,0.00011881209502462298,0.04940064251422882,TRACKING,True,1
97207325017101,0.002099286997690797,0.04973861669367345,-0.0004071011454525838,-2.5257396549895587e-05,0.04967376125141987,0.0,0.0,0.00040788392652757466,0.04973861575126648,TRACKING,True,1
97207327087422,0.002070350994472392,0.04983811541246309,-0.000366277128222008,-7.590793207731967e-07,0.04971516767139046,0.0,0.0,0.00036627790541388094,0.0498381145298481,TRACKING,True,1
97207329154187,0.0020666560012614354,0.049959404513389954,-0.00014976815438559396,-0.000312193716866875,0.049756502971361104,0.0,0.0,0.0003462591557763517,0.04995940625667572,TRACKING,True,1
97207331219127,0.0020648070058086887,0.049711150903363914,-0.0006056797375123156,-8.38295404482329e-05,0.04979780177133177,0.0,0.0,0.0006114534917287529,0.04971114918589592,TRACKING,True,1
97207333283989,0.002064973989035934,0.049821856830564094,-0.0001473328743065657,-4.557317965166242e-05,0.04983909901130244,0.0,0.0,0.00015422026626765728,0.04982185736298561,TRACKING,True,1
97207335348274,0.0020641160081140697,0.0496635712408428,9.748928795881917e-05,-0.0002682459945959004,0.049880384711273124,0.0,0.0,0.00028541209758259356,0.049663569778203964,TRACKING,True,1
97207337430755,0.002083464991301298,0.04978242765937034,2.397283230817314e-05,-3.331790367615904e-05,0.049922034331243544,0.0,0.0,4.104606341570616e-05,0.04978242889046669,TRACKING,True,1
97207339518465,0.002087675005896017,0.05003828777041673,-6.22394521378531e-05,-0.000154667586101005,0.04996378853121389,0.0,0.0,0.0001667207689024508,0.05003828927874565,TRACKING,True,1
97207341593968,0.002074831005302258,0.050044292278608474,-0.00014540056504209917,7.107022210577283e-05,0.050005298591184404,0.0,0.0,0.00016184036212507635,0.05004429072141647,TRACKING,True,1
97207343664389,0.002070305999950506,0.050140157858986484,0.00015711091964741095,0.0005154068518081598,0.050046707011154996,0.0,0.0,0.0005388209829106927,0.05014015734195709,TRACKING,True,1
97207345751964,0.0020881839882349595,0.049992365265655855,-8.823607122844274e-06,0.00041614018217851274,0.050088458511125346,0.0,0.0,0.0004162337281741202,0.04999236389994621,TRACKING,True,1
97207347824696,0.0020721790060633793,0.05014115443803025,-6.913136544195232e-05,-4.366141632147969e-05,0.050129913151095905,0.0,0.0,8.176469418685883e-05,0.05014115571975708,TRACKING,True,1
97207349910222,0.0020861829980276525,0.05063814035310531,-3.0164751340058547e-05,-0.00024004589960132793,0.05017162367106628,0.0,0.0,0.00024193376884795725,0.05063813924789429,TRACKING,True,1
97207351999405,0.002100280995364301,0.050079346352853445,0.00023278505910091633,-9.542166394285192e-05,0.0502134073310366,0.0,0.0,0.0002515833475627005,0.050079345703125,TRACKING,True,1
97207354082766,0.002071623006486334,0.050169936254542316,-3.939535793191638e-05,-8.099733772091262e-05,0.050255074551007015,0.0,0.0,9.006977052194998e-05,0.050169937312603,TRACKING,True,1
97207356153314,0.002070447997539304,0.05017175561435114,-0.0004780577885898745,0.0004308056169055527,0.0502964855109776,0.0,0.0,0.0006435314426198602,0.050171755254268646,TRACKING,True,1
97207358225055,0.00207181200676132,0.05033759160241749,-0.00037005552355818074,0.00010033222550164146,0.05033792033094817,0.0,0.0,0.00038341578328981996,0.05033759027719498,TRACKING,True,1
97207360297359,0.0020723639900097623,0.050269731310134146,0.00019990519076002177,0.00013452915243895538,0.05037936641091874,0.0,0.0,0.0002409567969152704,0.050269730389118195,TRACKING,True,1
97207362383605,0.002086840002448298,0.050108890809214025,0.00028806533089232705,0.00017505271896832498,0.05042109133088911,0.0,0.0,0.0003370832127984613,0.0501088909804821,TRACKING,True,1
97207364468060,0.0020843670063186437,0.05035753267946816,0.0001594263362581243,8.011015997375151e-05,0.0504627804308595,0.0,0.0,0.00017842194938566536,0.05035753175616264,TRACKING,True,1
97207366553223,0.0020851110020885244,0.05047536687817035,6.256892876619358e-05,-0.00020596127183116088,0.05050448369082988,0.0,0.0,0.00021525546617340297,0.05047536641359329,TRACKING,True,1
97207368640328,0.0020872820023214445,0.050345465343671424,3.990457069189984e-05,-0.00042402863494394216,0.05054622579080023,0.0,0.0,0.0004259021661709994,0.050345465540885925,TRACKING,True,1
97207370727575,0.0020874179899692535,0.05043399654847066,-3.3996040710341224e-05,-0.00014108865429864975,0.050587970730770586,0.0,0.0,0.00014512662892229855,0.05043399706482887,TRACKING,True,1
97207372814800,0.0020868709980277345,0.050559424893921324,-7.785057175125744e-05,-0.0001461778688038775,0.05062971523074094,0.0,0.0,0.00016561606025788933,0.05055942386388779,TRACKING,True,1
97207374903208,0.0020886109996354207,0.05070382205431334,0.00011817861682608112,-0.0002903988867466647,0.05067148339071127,0.0,0.0,0.0003135246515739709,0.05070382356643677,TRACKING,True,1
97207376994110,0.0020910060120513663,0.05045515153118381,-6.145854117007518e-05,-0.0006073436605976525,0.050713301430681576,0.0,0.0,0.0006104453350417316,0.05045515298843384,TRACKING,True,1
97207379034748,0.0020401689980644733,0.050445641444240796,0.00010954155435383656,-0.0002138478748220106,0.050754114190652594,0.0,0.0,0.00024027122708503157,0.050445642322301865,TRACKING,True,1
97207381099504,0.002064250991679728,0.05087556052182598,8.031029887100411e-05,-0.00011094227772845239,0.05079540931062326,0.0,0.0,0.00013695961388293654,0.05087555944919586,TRACKING,True,1
97207383162260,0.002062697007204406,0.05078026450215726,-4.5325660184641916e-05,-2.0965827024039e-05,0.05083666443059396,0.0,0.0,4.993977927369997e-05,0.05078026279807091,TRACKING,True,1
97207385228934,0.002066754997940734,0.051006424874852456,4.659176949872948e-05,-0.0003835591363292943,0.050877997910564604,0.0,0.0,0.0003863785823341459,0.05100642517209053,TRACKING,True,1
97207387309691,0.0020809309935430065,0.05109085323012267,2.8117469285058718e-05,-0.0003559141666403165,0.05091961305053505,0.0,0.0,0.0003570230910554528,0.05109085142612457,TRACKING,True,1
97207389398755,0.002089628003886901,0.051095487762817283,0.00017842723780413382,-0.00020546155783595878,0.05096139433050538,0.0,0.0,0.0002721226483117789,0.05109548941254616,TRACKING,True,1
97207391484476,0.0020856320043094456,0.050956102645602255,0.0007197739617754403,-0.0002494560320935386,0.05100310875047575,0.0,0.0,0.0007617761730216444,0.05095610395073891,TRACKING,True,1
97207393572664,0.002088527995510958,0.051096978956548376,0.0006873492929934776,-0.0003195702731564056,0.05104487251044609,0.0,0.0,0.0007580067031085491,0.05109697952866554,TRACKING,True,1
97207395659160,0.002086449007038027,0.05121770414043537,0.00028377555816087776,-0.00025657629571565764,0.051086602430416454,0.0,0.0,0.00038257020059973,0.0512177050113678,TRACKING,True,1
97207397746578,0.0020874179899692535,0.051072553302529335,0.0004980605667679538,-0.0004177124422472428,0.0511283507903868,0.0,0.0,0.000650036905426532,0.05107255280017853,TRACKING,True,1
97207399841186,0.0020939070091117173,0.05122560432174752,0.0003226412865721866,-0.0006311183077014763,0.051170242950357055,0.0,0.0,0.0007088072597980499,0.05122560262680054,TRACKING,True,1
97207401929362,0.002088993991492316,0.05155960153872826,0.00010025121979568159,-0.00045601640632712197,0.05121200647032739,0.0,0.0,0.00046690605813637376,0.05155960097908974,TRACKING,True,1
97207404031252,0.0021010380005463958,0.05151378094843522,-0.00010381653858859612,-0.00043686782600974136,0.05125404427029753,0.0,0.0,0.00044903380330652,0.051513779908418655,TRACKING,True,1
97207406101608,0.002070329006528482,0.05145306134682556,-0.00022987908802448088,-0.00026622262290302255,0.05129545139026813,0.0,0.0,0.0003517369623295963,0.051453061401844025,TRACKING,True,1
97207408170594,0.0020690749952336773,0.05166535092688754,-0.0003352682364909452,-0.00046174545372745237,0.05133683111023874,0.0,0.0,0.0005706256488338113,0.051665350794792175,TRACKING,True,1
97207410239047,0.0020682830072473735,0.05156257375307018,-0.00014623970308117162,-0.00017864860813563972,0.05137820017020936,0.0,0.0,0.000230870908126235,0.05156257376074791,TRACKING,True,1
97207412304608,0.002065459993900731,0.05133663360676503,-0.0005247345255334733,4.077370036999797e-05,0.05141951139018002,0.0,0.0,0.0005263162893243134,0.051336634904146194,TRACKING,True,1
97207414388626,0.0020847069972660393,0.05153432641503484,-6.673122456388089e-05,-0.00015256571916597397,0.05146119175015042,0.0,0.0,0.00016652133490424603,0.05153432488441467,TRACKING,True,1
97207416472184,0.0020837769989157096,0.05164899073210781,0.000135635401948808,-0.00043471736368694595,0.05150286291012082,0.0,0.0,0.0004553857143037021,0.05164898931980133,TRACKING,True,1
97207418556650,0.0020844289974775165,0.0518266918125317,0.00034193593425081785,-0.00017787672849212452,0.05154455223009121,0.0,0.0,0.00038543521077372134,0.05182669311761856,TRACKING,True,1
97207420642297,0.0020855190086876974,0.051862009096183284,0.0003496139945584409,-0.00016524845162796227,0.05158626517006159,0.0,0.0,0.0003867001214530319,0.05186200886964798,TRACKING,True,1
97207422727579,0.002085316999000497,0.05154179640130918,5.299932197476984e-05,-0.00014229089518261997,0.05162797081003197,0.0,0.0,0.00015184079529717565,0.05154179781675339,TRACKING,True,1
97207424815940,0.002088705005007796,0.05145792556605926,0.00021525634908063206,-0.0001692886739664635,0.051669738030002306,0.0,0.0,0.0002738502516876906,0.051457926630973816,TRACKING,True,1
97207426903077,0.0020867929997621104,0.05155209253862948,-0.000186036886464606,-4.117696793485309e-05,0.05171148076997266,0.0,0.0,0.00019053940195590258,0.05155209079384804,TRACKING,True,1
97207428990115,0.0020870209991699085,0.05152054069152637,0.00014908785927221136,-0.00034174485734242573,0.051753221529943015,0.0,0.0,0.0003728494921233505,0.051520541310310364,TRACKING,True,1
97207431041439,0.0020513039926299825,0.05170082457492941,1.8181669971834583e-05,-0.00028897080824635726,0.051794248009913876,0.0,0.0,0.00028954222216270864,0.05170082300901413,TRACKING,True,1
97207433115565,0.002073955998639576,0.05208016133243276,0.00018051295864521564,-0.0003433419270590435,0.05183573052988442,0.0,0.0,0.0003879028372466564,0.05208016186952591,TRACKING,True,1
97207435186364,0.002070372996968217,0.05228287123018151,-6.084063538115908e-06,-8.081951479933287e-05,0.051877146509855004,0.0,0.0,8.104820153675973e-05,0.052282869815826416,TRACKING,True,1
97207437253675,0.0020672490063589066,0.05186264642361389,-6.634534546873079e-05,-0.00010832976281281985,0.05191849272982564,0.0,0.0,0.00012703165702987462,0.05186264589428902,TRACKING,True,1
97207439337175,0.0020840929937548935,0.051861874173174345,-0.00033361752172585905,-0.0004156492621808244,0.05196016272979604,0.0,0.0,0.0005329774576239288,0.051861874759197235,TRACKING,True,1
97207441423614,0.0020867429993813857,0.05193270258100333,-0.00010881005759491244,-0.0002646474651056246,0.052001891509766404,0.0,0.0,0.00028614315669983625,0.05193270370364189,TRACKING,True,1
97207443507672,0.0020837670017499477,0.051934744073644984,-0.0003455234780748865,-0.00022236151994680606,0.052043572669736804,0.0,0.0,0.00041089061414822936,0.05193474516272545,TRACKING,True,1
97207445606517,0.0020983819995308295,0.05191224504029897,-0.00035536894422782717,-0.00011458893237205068,0.05208554956970699,0.0,0.0,0.0003733868070412427,0.05191224440932274,TRACKING,True,1
97207447677749,0.002071270006126724,0.0520442737624069,-0.0001596408143513751,-0.0001235545796106677,0.05212697420967757,0.0,0.0,0.00020186857727821916,0.05204427242279053,TRACKING,True,1
97207449755723,0.002077958997688256,0.05196267082849037,-0.0001419458611190795,-0.00013916798864467618,0.05216853368964806,0.0,0.0,0.00019878720922861248,0.05196266993880272,TRACKING,True,1
97207451826483,0.0020706649956991896,0.05177946980036988,-0.00015797629850265965,-0.0003925261539204515,0.05220994888961864,0.0,0.0,0.00042312327423132956,0.05177947133779526,TRACKING,True,1
97207453910685,0.002084940002532676,0.0516170016460183,-0.000253941921703638,-0.0003720095481080894,0.05225163292958904,0.0,0.0,0.00045041937846690416,0.05161700025200844,TRACKING,True,1
97207456019914,0.002108594009769149,0.05200822678396155,-0.0002231382929351412,-0.00014785965188299064,0.052293817509559075,0.0,0.0,0.00026768111274577677,0.05200822651386261,TRACKING,True,1
97207458092801,0.0020728139934362844,0.05240845762904719,-0.0001260991615175024,-3.098841742361546e-05,0.052335275249529634,0.0,0.0,0.0001298509887419641,0.052408456802368164,TRACKING,True,1
97207460165470,0.0020727230003103614,0.05229602462793166,6.22804843200541e-05,-1.3870982825936112e-05,0.05237672862950019,0.0,0.0,6.380645208992064e-05,0.052296023815870285,TRACKING,True,1
97207462235691,0.002070211005047895,0.05237481292473262,-0.0001675192117735057,-0.0001818114175315132,0.05241813304947079,0.0,0.0,0.0002472207124810666,0.052374813705682755,TRACKING,True,1
97207464323259,0.002088117995299399,0.052307417969617555,-9.346684302128496e-05,7.490982756526153e-05,0.05245988440944114,0.0,0.0,0.00011978118709521368,0.05230741947889328,TRACKING,True,1
97207466409985,0.0020866370032308623,0.052127731492083315,-0.00013051016337359484,-1.2346779665707206e-05,0.0525016189294115,0.0,0.0,0.00013109289284329861,0.05212773010134697,TRACKING,True,1
97207468506455,0.002096423995681107,0.05270932355377211,-0.00012464203846166796,-0.00010942084533526498,0.05254354832938172,0.0,0.0,0.00016585703997407109,0.052709322422742844,TRACKING,True,1
97207470590451,0.0020838070049649104,0.05282172661024737,-0.00028460740102366727,2.2069318303655143e-05,0.05258522824935211,0.0,0.0,0.0002854617778211832,0.052821725606918335,TRACKING,True,1
97207472678707,0.0020885429985355586,0.052473384821262715,0.00017600477710828924,8.0158164280974e-07,0.05262699336932245,0.0,0.0,0.0001760066079441458,0.05247338488698006,TRACKING,True,1
97207474764985,0.0020863719983026385,0.0524889589845092,-0.00012875702147061924,-3.197438502271205e-05,0.05266871892929282,0.0,0.0,0.00013266774476505816,0.052488960325717926,TRACKING,True,1
97207476832330,0.002066593006020412,0.05260559892734738,-0.0002193690808044829,0.0001886377604252675,0.05271006582926346,0.0,0.0,0.0002893216151278466,0.05260559916496277,TRACKING,True,1
97207478915467,0.0020837839983869344,0.05262140726254519,-0.00012916478833592394,0.00016712421395713147,0.052751728569233866,0.0,0.0,0.00021122038015164435,0.05262140557169914,TRACKING,True,1
97207481027413,0.002111618989147246,0.05295061650690153,-0.00015661656802898482,0.000115033708038802,0.05279396748920387,0.0,0.0,0.00019432319095358253,0.05295061692595482,TRACKING,True,1
97207483099766,0.0020721300097648054,0.05298522915556607,5.119124168595669e-06,-0.0002606795594515435,0.05283541454917443,0.0,0.0,0.0002607298083603382,0.05298522859811783,TRACKING,True,1
97207485170750,0.002070982998702675,0.05317663538692605,-2.297106111324012e-05,-0.0003012778606474513,0.05287683422914501,0.0,0.0,0.00030215230071917176,0.0531766340136528,TRACKING,True,1
97207487242965,0.00207221599703189,0.05310234805085342,-0.0003643594937892984,-0.0003352072696454667,0.05291827852911558,0.0,0.0,0.0004950977163389325,0.05310234799981117,TRACKING,True,1
97207489325819,0.002083683997625485,0.05310914650125182,6.8914468580179e-06,-0.00023343111243335498,0.052959935609086,0.0,0.0,0.00023353281721938401,0.053109146654605865,TRACKING,True,1
97207491411194,0.0020849110005656257,0.05316621428362024,-5.184872154528889e-05,1.9526517144438833e-06,0.053001643109056376,0.0,0.0,5.188547584111802e-05,0.053166214376688004,TRACKING,True,1
97207493494066,0.0020831650035688654,0.05307497559308473,4.642672129421172e-05,-6.1973010986229e-05,0.05304330054902679,0.0,0.0,7.743445166852325e-05,0.053074974566698074,TRACKING,True,1
97207495604411,0.002109487002599053,0.05292951608198794,-0.00015180009158482716,-0.00015861884959807168,0.05308550744899681,0.0,0.0,0.000219552282942459,0.05292951688170433,TRACKING,True,1
97207497669375,0.002065287990262732,0.05323381271314403,0.00047393708326096476,-0.0001405489372412712,0.05312680672896748,0.0,0.0,0.0004943383391946554,0.05323381349444389,TRACKING,True,1
97207499739992,0.002070554008241743,0.05310288908864293,0.0003974053996181358,-4.530873865669834e-06,0.05316821906893807,0.0,0.0,0.00039743122761137784,0.05310288816690445,TRACKING,True,1
97207501828561,0.0020891820022370666,0.053071479967364214,0.0005984563980046262,0.00015283350134543585,0.0532099904489084,0.0,0.0,0.000617663492448628,0.05307148024439812,TRACKING,True,1
97207503895985,0.0020666490017902106,0.05333183858959388,0.00039429160041612693,0.00012043344776686913,0.05325133892887904,0.0,0.0,0.0004122742684558034,0.05333183705806732,TRACKING,True,1
97207505973558,0.002077525990898721,0.05351985082907503,1.5763047781280144e-06,-6.838656313774324e-05,0.053292890388849525,0.0,0.0,6.840473361080512e-05,0.053519852459430695,TRACKING,True,1
97207508036237,0.002063438994809985,0.05349642615746012,-0.0002630069059405029,0.0002514376008149963,0.053334143968820226,0.0,0.0,0.0003638591733761132,0.053496427834033966,TRACKING,True,1
97207510106635,0.002069817011943087,0.05336847846665283,-0.00024631419889571037,0.00021955924706339527,0.05337555192879082,0.0,0.0,0.0003299650561530143,0.05336847901344299,TRACKING,True,1
97207512177667,0.0020710499957203865,0.05368482845695944,-0.00016590572423317952,2.7477408478036153e-06,0.053416972568761406,0.0,0.0,0.00016592847532592714,0.05368482694029808,TRACKING,True,1
97207514247773,0.002070269998512231,0.0534634923002866,-6.472418773728264e-05,-0.00010252104485635462,0.053458374688732,0.0,0.0,0.00012124267232138664,0.053463492542505264,TRACKING,True,1
97207516327879,0.002080478996504098,0.053931229717162875,0.00018476091135282238,-0.0006355093072021342,0.05349997680870245,0.0,0.0,0.0006618222687393427,0.05393122881650925,TRACKING,True,1
97207518413667,0.0020856000046478584,0.053652249460220916,0.00018200105820191553,8.324015380818239e-06,0.053541692568672826,0.0,0.0,0.00018219130288343877,0.05365224927663803,TRACKING,True,1
97207520499356,0.002086021995637566,0.05329226709678652,3.7089102140331807e-05,0.00022200862734917092,0.0535834063486432,0.0,0.0,0.00022508538677357137,0.05329226702451706,TRACKING,True,1
97207522585087,0.0020855800103163347,0.05331456211202736,3.656393547197078e-05,5.2496003213993355e-05,0.05362512096861358,0.0,0.0,6.397461402229965e-05,0.053314562886953354,TRACKING,True,1
97207524667687,0.0020825539977522567,0.0535892000737144,-0.00017422536062428295,3.782012407368397e-05,0.05366677296858399,0.0,0.0,0.00017828303680289537,0.05358919873833656,TRACKING,True,1
97207526749630,0.0020817869954044,0.053398030837710525,6.378049228340812e-05,0.00013308743001653653,0.05370841182855442,0.0,0.0,0.00014758121687918901,0.05339803174138069,TRACKING,True,1
97207528819335,0.0020693709957413375,0.05354522839113223,4.75066095055446e-05,9.032899368963837e-05,0.05374980592852502,0.0,0.0,0.00010205980652244762,0.05354522913694382,TRACKING,True,1
97207530907442,0.0020890690066153184,0.05359480221811765,5.8640838119437575e-05,0.0001239235250882404,0.05379156806849536,0.0,0.0,0.00013709772611036897,0.05359480157494545,TRACKING,True,1
97207532998573,0.0020907309954054654,0.05369562712603015,-6.932754570046684e-05,6.436473578391364e-06,0.05383339068846566,0.0,0.0,6.96256902301684e-05,0.05369562655687332,TRACKING,True,1
97207535076195,0.002077117998851463,0.053705152471213,3.7087298402856995e-05,3.190535114466689e-05,0.053874943128436145,0.0,0.0,4.89225858473219e-05,0.05370515212416649,TRACKING,True,1
97207537149069,0.0020730320102302358,0.054163246453547656,-7.416502234201423e-06,3.403725258259789e-05,0.0539164006084067,0.0,0.0,3.483588807284832e-05,0.05416324734687805,TRACKING,True,1
97207539218754,0.0020693119877250865,0.05400422989735379,1.3361295019641464e-05,-5.809952700313625e-05,0.053957794308377306,0.0,0.0,5.961609713267535e-05,0.054004229605197906,TRACKING,True,1
97207541285679,0.0020668640063377097,0.053875657114192683,3.754643508433318e-05,0.00024879271065594556,0.05399913280834795,0.0,0.0,0.00025160989025607705,0.05387565866112709,TRACKING,True,1
97207543356147,0.0020704700000351295,0.053806858793192976,-9.307759134765596e-05,0.00015252990727941505,0.05404054216831854,0.0,0.0,0.00017868634313344955,0.053806859999895096,TRACKING,True,1
97207545453362,0.0020974100043531507,0.05397886185932455,0.00017391187112960563,-1.8696002583755325e-05,0.05408248646828875,0.0,0.0,0.00017491391918156296,0.05397886037826538,TRACKING,True,1
97207547541994,0.002089069996145554,0.05403334248461443,-3.2021202317855635e-05,-0.0001702344780041671,0.05412425910825908,0.0,0.0,0.00017321990162599832,0.054033342748880386,TRACKING,True,1
97207549613266,0.0020707340008812025,0.05402225429598302,-0.00022268078119333932,-3.072644829763441e-05,0.05416568454822966,0.0,0.0,0.00022479066683445126,0.054022252559661865,TRACKING,True,1
97207551685546,0.0020726729999296367,0.05430318860125539,-0.00023832165640613767,-0.00014886374641532774,0.05420713014820022,0.0,0.0,0.00028099401970393956,0.054303187876939774,TRACKING,True,1
97207553759378,0.0020734720019390807,0.05454612215913206,-0.000195004847317751,0.0001679157420147916,0.05424860678817077,0.0,0.0,0.0002573374949861318,0.05454612150788307,TRACKING,True,1
97207555846219,0.0020874390029348433,0.05395797816726345,-0.00015898435382849085,-7.93544874626328e-05,0.054290343608141126,0.0,0.0,0.00017768838733900338,0.0539579764008522,TRACKING,True,1
97207557935138,0.0020889079896733165,0.05401949665134426,3.8516794533866646e-05,0.00013904992182504683,0.05433212198811146,0.0,0.0,0.00014428590657189488,0.054019495844841,TRACKING,True,1
97207560022194,0.002086616004817188,0.05413838718253223,0.0001884096700193279,-0.00011681566124371857,0.05437386310808181,0.0,0.0,0.0002216846914961934,0.054138388484716415,TRACKING,True,1
97207562095253,0.0020729209936689585,0.05430937856150586,8.831042707718868e-05,-0.0003854991387741108,0.05441532428805236,0.0,0.0,0.0003954849380534142,0.05430937930941582,TRACKING,True,1
97207564166185,0.0020709360105684027,0.05454728593199482,-6.898751637450233e-05,-0.00017431453849044544,0.054456742928022946,0.0,0.0,0.00018746955902315676,0.05454728752374649,TRACKING,True,1
97207566236890,0.0020707049989141524,0.05441510625353401,-1.744572812900786e-05,-6.113536415862115e-06,0.054498157027993537,0.0,0.0,1.8485905457055196e-05,0.054415106773376465,TRACKING,True,1
97207568317837,0.0020813459996134043,0.0544824990963178,-0.00010145617843480628,0.00010058806640138269,0.05453977596796398,0.0,0.0,0.00014286817167885602,0.05448249727487564,TRACKING,True,1
97207570407027,0.0020894749904982746,0.054579547324976184,-0.00014477079419006979,6.847908333170305e-05,0.0545815597679343,0.0,0.0,0.0001601498224772513,0.05457954853773117,TRACKING,True,1
97207572491621,0.002084611012833193,0.05460438983244796,-0.0001579039520409797,0.00020245330620852708,0.05462325164790469,0.0,0.0,0.0002567508490756154,0.054604388773441315,TRACKING,True,1
97207574576883,0.0020852299930993468,0.054962786407552026,-0.0001966014857815828,0.00010539524194939092,0.05466495688787507,0.0,0.0,0.000223070164793171,0.05496278777718544,TRACKING,True,1
97207576666015,0.0020895119960187003,0.05472661667730142,-0.00036860484317211576,0.0002684664404069658,0.0547067395278454,0.0,0.0,0.00045600850717164576,0.05472661554813385,TRACKING,True,1
97207578751756,0.0020853250025538728,0.05463852560019154,-0.0001785073474367081,-7.415209165237695e-05,0.05474845434781577,0.0,0.0,0.00019329616043251008,0.05463852733373642,TRACKING,True,1
97207580822555,0.00207010300073307,0.05460273088781392,-3.2447844543425654e-05,3.4846260261771944e-05,0.05478987032778636,0.0,0.0,4.761433228850365e-05,0.0546027310192585,TRACKING,True,1
97207582907352,0.002085437998175621,0.05475159391230334,4.960918134141504e-05,5.851156244786737e-05,0.054831566267756746,0.0,0.0,7.671162893529981e-05,0.05475159361958504,TRACKING,True,1
97207585016851,0.002108971995767206,0.05500039785037273,0.00033417673304983735,0.00013597130680207762,0.05487375624772678,0.0,0.0,0.0003607801045291126,0.05500039830803871,TRACKING,True,1
97207587089229,0.002072366012725979,0.054974557842858304,2.677494002921633e-05,-3.0628702841334603e-06,0.05491520380769734,0.0,0.0,2.6949555831379257e-05,0.05497455969452858,TRACKING,True,1
97207589161686,0.002072438001050614,0.054934647107988024,0.00027294032892614706,-0.0002831443450667758,0.054956652947667904,0.0,0.0,0.00039327744161710143,0.05493464693427086,TRACKING,True,1
97207591234815,0.0020731429976876825,0.054838835082653636,-1.325539204266612e-05,-2.924859375198161e-05,0.05499811552763846,0.0,0.0,3.211207877029665e-05,0.05483883619308472,TRACKING,True,1
97207593322094,0.0020881749951513484,0.0548101947202243,-0.000341971254513679,-0.00039170386570587317,0.05503986110760881,0.0,0.0,0.0005199771840125322,0.05481019616127014,TRACKING,True,1
97207595390056,0.002066928005660884,0.054986343741259755,-0.0005172871065232119,-5.825769581660093e-05,0.05508122034757944,0.0,0.0,0.0005205572815611959,0.054986342787742615,TRACKING,True,1
97207597474784,0.002085209998767823,0.05524915599776191,-0.0005409515472807873,-0.00010379686589295279,0.05512291490754983,0.0,0.0,0.0005508197355084121,0.055249154567718506,TRACKING,True,1
97207599601968,0.002126849998603575,0.055244976251671296,-0.0006216642204718133,-0.0002947919658568649,0.05516545858751961,0.0,0.0,0.0006880179862491786,0.05524497479200363,TRACKING,True,1
97207601689490,0.002087843997287564,0.05513855715333752,-0.00041262621644342463,-0.00014710012510877978,0.05520720902748996,0.0,0.0,0.000438062590546906,0.05513855814933777,TRACKING,True,1
97207603774049,0.002084684994770214,0.05486077145197456,-0.0002293844195444912,-0.00012288619528107771,0.05524890020746035,0.0,0.0,0.00026022724341601133,0.05486077070236206,TRACKING,True,1
97207605839205,0.0020644169999286532,0.05498671086349863,-0.0002381415723639535,9.775836579599653e-05,0.055290203327431016,0.0,0.0,0.00025742591242305934,0.05498671159148216,TRACKING,True,1
97207607921744,0.0020832459995290264,0.055410628768658675,-0.00024342062567808445,2.37684183963622e-05,0.055331854107401435,0.0,0.0,0.00024457828840240836,0.05541062727570534,TRACKING,True,1
97207609991715,0.0020695179991889745,0.055131157707433424,-0.00023711376188188308,0.0001304114406121118,0.05537325352737203,0.0,0.0,0.00027061058790422976,0.055131155997514725,TRACKING,True,1
97207612097534,0.0021058450074633583,0.055234100573650684,-9.630864654583594e-05,5.599072290920888e-05,0.055415369907342124,0.0,0.0,0.00011140159767819569,0.05523410066962242,TRACKING,True,1
97207614168675,0.002071106995572336,0.0553516444420013,5.0751100345088225e-05,0.0001667848876274853,0.0554567927273127,0.0,0.0,0.00017433550965506583,0.05535164475440979,TRACKING,True,1
97207616255614,0.0020876040071016178,0.055075752068926356,-1.1899216743112684e-05,-0.0004208633702190233,0.05549853150728306,0.0,0.0,0.00042103155283257365,0.055075753480196,TRACKING,True,1
97207618341074,0.002085464002448134,0.05526786992806431,-0.0001097677026251474,-0.00038028063322985363,0.055540240707253434,0.0,0.0,0.0003958058950956911,0.05526787042617798,TRACKING,True,1
97207620425372,0.0020840699871769175,0.055685015310074804,-9.105045205909913e-06,-4.333633684606015e-05,0.05558192666722383,0.0,0.0,4.428250394994393e-05,0.05568501353263855,TRACKING,True,1
97207622509650,0.0020844750106334686,0.05580105435184594,0.0002951332541734818,-7.348863585592501e-05,0.055623612227194225,0.0,0.0,0.0003041450399905443,0.05580105260014534,TRACKING,True,1
97207624596282,0.0020867109997197986,0.05573313657694507,0.00017168533352684265,0.00039191103290163313,0.05566534486716459,0.0,0.0,0.00042786693666130304,0.05573313683271408,TRACKING,True,1
97207626683819,0.002087275992380455,0.05567222768849373,0.00011419501515139777,0.0004979821002300041,0.05570709560713494,0.0,0.0,0.0005109076737426221,0.05567222833633423,TRACKING,True,1
97207628755593,0.002071313007036224,0.05589265782452193,-1.628292712564926e-05,0.0006328200342332327,0.05574853108710551,0.0,0.0,0.0006330294418148696,0.05589265748858452,TRACKING,True,1
97207630827476,0.0020719110034406185,0.05596970100949789,0.000249499572682952,0.0005149087138904119,0.05578996874707608,0.0,0.0,0.0005721721681766212,0.05596970021724701,TRACKING,True,1
97207632925475,0.0020990829943912104,0.05608777660117653,2.6570550115432087e-05,0.0005854069207866565,0.05583192872704628,0.0,0.0,0.0005860095843672752,0.05608777701854706,TRACKING,True,1
97207635039027,0.002112453992594965,0.05591287359977886,3.0814930516008295e-05,0.0005711358649049823,0.055874199767016255,0.0,0.0,0.0005719665205106139,0.05591287463903427,TRACKING,True,1
97207637103265,0.0020639730064431205,0.055880420523538386,4.118320572689692e-05,0.000368006868862455,0.055915484526986935,0.0,0.0,0.00037030407111160457,0.05588041990995407,TRACKING,True,1
97207639168081,0.0020651600061682984,0.055963580949599384,0.00013249763842138762,-3.3165446019254175e-05,0.055956780846957606,0.0,0.0,0.00013658539683092386,0.055963579565286636,TRACKING,True,1
97207641234983,0.00206679999246262,0.05590934779551207,0.0004562908380066518,-0.00037251284895178173,0.055998118886928246,0.0,0.0,0.0005890391767024994,0.05590934678912163,TRACKING,True,1
97207643306872,0.002072532006422989,0.055869115470397246,0.0004363061520279894,-0.000570033317319466,0.05603955666689882,0.0,0.0,0.0007178447558544576,0.05586911365389824,TRACKING,True,1
97207645378533,0.0020710099925054237,0.055817715443521695,0.00013547544911583873,-8.405578640777487e-05,0.056080989886869395,0.0,0.0,0.0001594332861714065,0.05581771582365036,TRACKING,True,1
97207647464063,0.0020861800003331155,0.05579842670519022,0.00020050887955471485,-0.00016718108166010736,0.05612270048683977,0.0,0.0,0.00026106191216968,0.055798426270484924,TRACKING,True,1
97207649534212,0.0020695400016848,0.05595893055277117,-7.50518719286376e-05,-0.00037177715557054695,0.05616410346681036,0.0,0.0,0.00037927698576822877,0.055958930402994156,TRACKING,True,1
97207651622170,0.0020886290003545582,0.05599079372885773,-0.0002956267615904274,-0.0002703071865738622,0.056205862626780706,0.0,0.0,0.0004005760420113802,0.0559907928109169,TRACKING,True,1
97207653707338,0.002085027997964062,0.05613166376655175,-0.00011628562508975794,0.00010107091332795627,0.05624756598675109,0.0,0.0,0.00015407036698888987,0.05613166466355324,TRACKING,True,1
97207655779874,0.0020723189954878762,0.056470627988726554,-0.0002731892321112118,-6.99658365356814e-05,0.05628901670672165,0.0,0.0,0.0002820063382387161,0.05647062882781029,TRACKING,True,1
97207657851992,0.002071864000754431,0.05675169920515491,-0.000185316466043943,-0.00011438865672009805,0.056330459066692214,0.0,0.0,0.00021777732763439417,0.05675169825553894,TRACKING,True,1
97207659936962,0.002085644009639509,0.05683573662673247,-0.00023143752907966672,9.427133046926943e-05,0.0563721584666626,0.0,0.0,0.0002499007969163358,0.05683573707938194,TRACKING,True,1
97207662029445,0.0020925849967170507,0.05665781407258279,8.401876505338237e-05,3.4196035905248666e-05,0.05641400812663288,0.0,0.0,9.071119711734354e-05,0.0566578134894371,TRACKING,True,1
97207664101896,0.002071559996693395,0.05676013522373723,0.00024406969026291345,0.0003122635927691279,0.056455457146603445,0.0,0.0,0.0003963313647545874,0.05676013603806496,TRACKING,True,1
97207666171995,0.002070168004138395,0.05655005882483004,8.74457392412888e-05,-5.450855809739207e-05,0.05649685912657404,0.0,0.0,0.00010304339230060577,0.05655005946755409,TRACKING,True,1
97207668237388,0.002065263004624285,0.05626349743508442,-3.346507745508032e-05,-6.44794127210607e-06,0.0565381669865447,0.0,0.0,3.4080600016750395e-05,0.05626349896192551,TRACKING,True,1
97207670305896,0.0020686889911303297,0.056629454455088546,-9.64857602056143e-05,0.00033923044304143773,0.05657953714651532,0.0,0.0,0.00035268510691821575,0.05662945285439491,TRACKING,True,1
97207672391554,0.0020861509983660653,0.056686665969431,9.621692763872503e-05,0.00017142747419341542,0.056621250306485696,0.0,0.0,0.0001965835108421743,0.05668666586279869,TRACKING,True,1
97207674478415,0.0020867310086032376,0.05647939139909877,0.00034614338056092764,5.746236149243444e-05,0.05666298752645605,0.0,0.0,0.00035088055301457644,0.05647939071059227,TRACKING,True,1
97207676565367,0.002086859996779822,0.05678724834347634,0.0001551674153854744,0.00014186917608674898,0.05670472656642641,0.0,0.0,0.00021024698799010366,0.05678724870085716,TRACKING,True,1
97207678648407,0.002083251005387865,0.05677099222954369,3.659278009249686e-05,6.355317731852773e-05,0.05674638736639682,0.0,0.0,7.333510438911617e-05,0.056770991533994675,TRACKING,True,1
97207680735179,0.002086804001010023,0.05692661981728115,-0.00019459701415094546,-0.00013519213685214102,0.05678812280636718,0.0,0.0,0.0002369491703575477,0.05692661926150322,TRACKING,True,1
97207682818650,0.0020833659946219996,0.057095377144340764,-0.0002580761162995695,-5.4927045482585876e-05,0.056829792226337585,0.0,0.0,0.0002638565201777965,0.05709537863731384,TRACKING,True,1
97207684903897,0.002085236003040336,0.056798996300822545,-0.00020594301960904252,0.00016076399053207186,0.05687149716630797,0.0,0.0,0.00026126153534278274,0.05679899454116821,TRACKING,True,1
97207686990652,0.0020867169951088727,0.05688099622923727,-9.653948284078169e-05,3.053354351851268e-05,0.05691323226627833,0.0,0.0,0.00010125299741048366,0.05688099563121796,TRACKING,True,1
97207689035712,0.002045368994004093,0.056950505398082024,-0.0003847167200343077,-0.00027673779308845086,0.05695413346624928,0.0,0.0,0.00047391006955876946,0.05695050582289696,TRACKING,True,1
97207691101791,0.0020652380044339225,0.05706523852067843,-0.0005674102950366038,5.441908861019925e-05,0.05699545504621993,0.0,0.0,0.0005700139445252717,0.05706523731350899,TRACKING,True,1
97207693169654,0.0020679099980043247,0.05723209313043276,-0.0005837962426568344,-0.00036100381378902877,0.05703681230619056,0.0,0.0,0.0006863977177999914,0.0572320930659771,TRACKING,True,1
97207695242390,0.002072679009870626,0.056765418714642996,-0.00032280032342311336,-0.0002524817571382692,0.05707826702616112,0.0,0.0,0.00040981348138302565,0.056765418499708176,TRACKING,True,1
97207697314489,0.002072531991871074,0.05715838230673721,-0.00012635310198711607,0.00011427020988421686,0.05711970900613168,0.0,0.0,0.00017036075587384403,0.05715838074684143,TRACKING,True,1
97207699398761,0.0020843520032940432,0.05734060259095502,-0.0002553758822958942,3.5771745771911694e-05,0.057161394446102076,0.0,0.0,0.00025786907644942403,0.057340603321790695,TRACKING,True,1
97207701483472,0.0020848300046054646,0.057162587713670596,-0.00022516957576042195,-7.447290769253587e-05,0.05720308866607247,0.0,0.0,0.00023716565920040011,0.057162586599588394,TRACKING,True,1
97207703602391,0.0021182239870540798,0.05717328696347549,9.485491018881517e-05,-0.00015210361333461384,0.057245467046042366,0.0,0.0,0.0001792567054508254,0.05717328563332558,TRACKING,True,1
97207705681672,0.0020801730133825913,0.05702163620866889,-5.789192881020844e-05,-0.0001885944506073374,0.05728705266601283,0.0,0.0,0.00019727986364159733,0.05702163651585579,TRACKING,True,1
97207707763975,0.002082069986499846,0.05704938389762953,-7.261103100230763e-05,-0.0002033177169730058,0.05732869872598326,0.0,0.0,0.00021589454263448715,0.057049382477998734,TRACKING,True,1
97207709848646,0.0020853200112469494,0.05738749501522256,0.00011298251217936986,-0.00027197161922482536,0.057370392145953644,0.0,0.0,0.00029450570582412183,0.057387493550777435,TRACKING,True,1
97207711919553,0.0020698369917226955,0.05759673800251693,0.0003204306343171695,-0.00017734008490120752,0.05741181028592423,0.0,0.0,0.00036623122286982834,0.05759673938155174,TRACKING,True,1
97207714019660,0.002100145007716492,0.057417927996106954,0.0002807691816498943,-0.0001311129959387037,0.0574538124258944,0.0,0.0,0.0003098740999121219,0.05741792917251587,TRACKING,True,1
97207716090459,0.002070846996502951,0.057530944282002706,-1.3400667768245864e-05,0.00029045560270783124,0.05749522840586499,0.0,0.0,0.00029076458304189146,0.05753094330430031,TRACKING,True,1
97207718171294,0.0020804689993383363,0.05752290816899006,8.460838538619132e-05,7.747108008687202e-05,0.05753684510583543,0.0,0.0,0.00011471856123534963,0.057522907853126526,TRACKING,True,1
97207720243465,0.0020726509974338114,0.05759670359738634,-0.00035945028858783384,-0.00018546433439359087,0.057578288525805994,0.0,0.0,0.00040447685751132667,0.05759670212864876,TRACKING,True,1
97207722318605,0.002075658005196601,0.057187068533637586,-5.361015283299571e-05,-0.00036907128833182673,0.05761979132577652,0.0,0.0,0.00037294457433745265,0.057187069207429886,TRACKING,True,1
97207724404481,0.0020856519986409694,0.057104243583358,0.00016853327637778566,-0.0003246921545479967,0.057661508845746896,0.0,0.0,0.00036582571920007467,0.05710424482822418,TRACKING,True,1
97207726490159,0.0020853040041401982,0.05731714999281012,0.0003022739373429803,-0.00011881623116485418,0.057703222405717264,0.0,0.0,0.00032478736829943955,0.05731714889407158,TRACKING,True,1
97207728574885,0.0020848239946644753,0.05755576762763003,0.00031348324785519273,-0.00042465935498810415,0.05774491692568766,0.0,0.0,0.0005278326570987701,0.05755576863884926,TRACKING,True,1
97207730657506,0.0020830900029977784,0.05790072423795324,0.00044244288705234366,6.245440059837173e-05,0.057786569345658075,0.0,0.0,0.0004468291299417615,0.057900723069906235,TRACKING,True,1
97207732740802,0.002083293002215214,0.05752800287852679,0.0001337532981075904,-5.8144879981952437e-05,0.05782823526562848,0.0,0.0,0.00014584502787329257,0.05752800405025482,TRACKING,True,1
97207734804449,0.0020626969926524907,0.057987911072976586,0.0001909340978209175,0.0002853758634612079,0.05786950820559917,0.0,0.0,0.0003433587262406945,0.05798790976405144,TRACKING,True,1
97207736889750,0.0020863270037807524,0.05807301971714335,1.119094233060315e-05,-4.638005102976326e-05,0.05791121422556955,0.0,0.0,4.771106978296302e-05,0.0580730214715004,TRACKING,True,1
97207738974308,0.0020842779922531918,0.05795913521471393,0.00026310969495381827,-0.00017856887624646882,0.05795290538553994,0.0,0.0,0.0003179835621267557,0.05795913562178612,TRACKING,True,1
97207741032631,0.002058436002698727,0.05768349402133505,0.00022399057117570935,0.0001367687989993577,0.057994071845510704,0.0,0.0,0.0002624451881274581,0.057683493942022324,TRACKING,True,1
97207743098489,0.002065011009108275,0.05827996102806827,0.0003734780369619061,0.00026708824468443793,0.05803538900548136,0.0,0.0,0.0004591535544022918,0.058279961347579956,TRACKING,True,1
97207745168978,0.0020706679933937266,0.057918156557575595,0.00017650969384113284,0.00010816024573884241,0.05807679878545195,0.0,0.0,0.00020701282483059913,0.057918157428503036,TRACKING,True,1
97207747235751,0.002066590008325875,0.058046526322195535,-4.964161368758375e-05,0.00021660747853318154,0.058118134245422594,0.0,0.0,0.0002222230687038973,0.058046527206897736,TRACKING,True,1
97207749300075,0.0020642989984480664,0.05834447198395085,-7.874471088426433e-06,9.083968637024249e-05,0.05815942072539327,0.0,0.0,9.118034358834848e-05,0.05834447219967842,TRACKING,True,1
97207751382688,0.0020832229929510504,0.058358825825938834,6.720525385858081e-05,0.00020490308792800623,0.058201072985363686,0.0,0.0,0.00021564280905295163,0.058358825743198395,TRACKING,True,1
97207753467753,0.002085383006487973,0.05819337017981041,0.0003069383637545912,0.00014112205454098992,0.05824277428533407,0.0,0.0,0.0003378262626938522,0.05819337069988251,TRACKING,True,1
97207755549416,0.0020815469906665385,0.05822537830617586,0.00032443458225927185,-3.235926085353545e-05,0.0582844075453045,0.0,0.0,0.0003260443336330354,0.05822537839412689,TRACKING,True,1
97207757619624,0.0020696319988928735,0.05844962371476006,0.0005974274921565904,6.04162155810262e-05,0.058325811705275094,0.0,0.0,0.0006004745955578983,0.05844962224364281,TRACKING,True,1
97207759691433,0.0020718910091090947,0.05848722681982245,0.0002997930409448626,0.0003101458767829421,0.05836724788524567,0.0,0.0,0.00043135404121130705,0.05848722532391548,TRACKING,True,1
97207761762893,0.0020714190031867474,0.05869281296192758,-7.832322930422685e-05,0.00037623916379144655,0.05840867708521625,0.0,0.0,0.0003843051381409168,0.0586928129196167,TRACKING,True,1
97207763847000,0.0020847729902016,0.05851444413411599,-0.0002613519467137833,0.00022883862542328828,0.05845035922518664,0.0,0.0,0.0003473787219263613,0.058514442294836044,TRACKING,True,1
97207765932626,0.002085555999656208,0.058414836638680356,4.1583280184349176e-05,-8.036615237879449e-05,0.05849207174515702,0.0,0.0,9.04869448277168e-05,0.05841483548283577,TRACKING,True,1
97207768029147,0.002095960997394286,0.05825267611373499,-0.00014436975026156445,-7.730160207204337e-05,0.05853400216512724,0.0,0.0,0.0001637625100556761,0.05825267732143402,TRACKING,True,1
97207770100365,0.0020711380057036877,0.058501673668057766,-0.00028940067303971997,-0.00018074077114597895,0.05857542652509782,0.0,0.0,0.0003412037040106952,0.05850167199969292,TRACKING,True,1
97207772166817,0.0020662409951910377,0.058287080952130664,-0.0002223918058103726,-0.00030123296295375647,0.058616755565068464,0.0,0.0,0.0003744321293197572,0.05828708037734032,TRACKING,True,1
97207774230295,0.0020634850079659373,0.058837040330630454,0.00020267782230919994,-0.00036236648143117756,0.058658025125039155,0.0,0.0,0.0004151960602030158,0.05883704125881195,TRACKING,True,1
97207776293848,0.0020637449924834073,0.05883855899920655,0.00020409222256955622,-0.00033237013872848716,0.058699296185009846,0.0,0.0,0.00039003018173389137,0.058838557451963425,TRACKING,True,1
97207778391031,0.0020971370104234666,0.05875913068982438,0.00024433005314117957,-0.00026388978807480963,0.05874123984498006,0.0,0.0,0.00035963175469078124,0.05875913053750992,TRACKING,True,1
97207780478531,0.0020882179960608482,0.05873916140879238,0.0001493850303586089,5.0963007632946744e-05,0.0587829898449504,0.0,0.0,0.00015783889102749527,0.05873916298151016,TRACKING,True,1
97207782565913,0.0020873280009254813,0.0587484647229187,0.0001636021217600236,7.374213203626862e-05,0.05882473748492076,0.0,0.0,0.0001794534910004586,0.05874846503138542,TRACKING,True,1
97207784652821,0.0020869809959549457,0.05894493300799829,6.81133794640732e-05,-4.3013307502884284e-05,0.058866475644891114,0.0,0.0,8.055791113292798e-05,0.058944933116436005,TRACKING,True,1
97207786738457,0.002085504005663097,0.05883364728270629,8.458202220655417e-05,-4.311315620193616e-06,0.05890818836486149,0.0,0.0,8.469183376291767e-05,0.05883364751935005,TRACKING,True,1
97207788826780,0.002088618988636881,0.05885482538004139,9.241143897587231e-05,0.00042082552498855707,0.05894995482483183,0.0,0.0,0.00043085264042019844,0.05885482579469681,TRACKING,True,1
97207790898033,0.0020703000045614317,0.059071332287040826,-0.0002723754714696988,0.0005025978870856363,0.05899137988480241,0.0,0.0,0.0005716581363230944,0.05907133221626282,TRACKING,True,1
97207792984196,0.002087020009639673,0.05910936525106488,-0.0003591901935190566,0.0005626551461700292,0.059033103144772774,0.0,0.0,0.0006675315671600401,0.059109363704919815,TRACKING,True,1
97207795041573,0.002057391990092583,0.05910851621957155,-4.9151068277706125e-05,0.00024928760480685,0.05907425068474355,0.0,0.0,0.0002540868881624192,0.059108518064022064,TRACKING,True,1
97207797107619,0.002065168009721674,0.05932711099269717,-8.375924598926339e-05,0.00033061805706515086,0.0591155716047142,0.0,0.0,0.00034106289967894554,0.05932711064815521,TRACKING,True,1
97207799173867,0.002066163986455649,0.059439444594172185,-0.00026237143389625666,0.0002768410391837989,0.059156896564684855,0.0,0.0,0.0003814180672634393,0.05943944305181503,TRACKING,True,1
97207801241067,0.0020674780098488554,0.059463630708534304,-0.00018062444179133263,-0.00014410509938367935,0.05919824056465549,0.0,0.0,0.00023106593289412558,0.059463631361722946,TRACKING,True,1
97207803316360,0.0020758119935635477,0.05945989314030014,-0.0001750096170970786,0.0001209147116132338,0.05923974642462601,0.0,0.0,0.00021271748119033873,0.05945989489555359,TRACKING,True,1
97207805388043,0.0020709550008177757,0.05923042559393423,6.270884139166619e-05,0.00010057833611330381,0.05928118008459659,0.0,0.0,0.00011852594616357237,0.05923042446374893,TRACKING,True,1
97207807472014,0.0020846150000579655,0.05974657628878548,-0.00014260016061282325,0.00023476966123356342,0.059322859504566984,0.0,0.0,0.00027468454209156334,0.059746574610471725,TRACKING,True,1
97207809558057,0.002086205000523478,0.05953942564122676,-0.00026380070154636984,0.0003424392117501007,0.05936458036453735,0.0,0.0,0.00043226778507232666,0.05953942611813545,TRACKING,True,1
97207811644679,0.002086697000777349,0.05962601639430474,1.7538611838372603e-05,-7.122169681233971e-05,0.05940631280450771,0.0,0.0,7.334938709391281e-05,0.0596260167658329,TRACKING,True,1
97207813734883,0.0020907010039081797,0.05937268284495648,0.00011553094604680543,-0.00019946918705037093,0.05944811688447803,0.0,0.0,0.00023051106836646795,0.0593726821243763,TRACKING,True,1
97207815807866,0.0020720390020869672,0.0596780955306769,0.00037284291313611345,-0.00015187350774526506,0.05948957654444858,0.0,0.0,0.0004025883972644806,0.0596780963242054,TRACKING,True,1
97207817875418,0.0020673629915108904,0.05965814596674683,0.00024379629223119522,-0.0001501353197567912,0.05953092758441921,0.0,0.0,0.00028631670284084976,0.059658147394657135,TRACKING,True,1
97207819959493,0.0020845929975621402,0.05964816764136761,0.00011450525253710832,-1.9407404254005934e-05,0.05957260908438961,0.0,0.0,0.00011613827518885955,0.059648167341947556,TRACKING,True,1
97207822035524,0.0020753710123244673,0.05960348567295552,-2.027650030209777e-05,-6.639824334408408e-05,0.05961412970436012,0.0,0.0,6.942523759789765e-05,0.0596034862101078,TRACKING,True,1
97207824125828,0.002090301990392618,0.059539674552999224,-2.7557112822102267e-05,5.432239063185965e-05,0.05965593578433043,0.0,0.0,6.091236718930304e-05,0.05953967571258545,TRACKING,True,1
97207826204267,0.0020785480010090396,0.059993329401265935,-0.0003105423439704466,-0.0002128741451666616,0.05969750456430091,0.0,0.0,0.00037649960722774267,0.059993330389261246,TRACKING,True,1
97207828275075,0.002070736009045504,0.05991735452093866,-0.00019366254943776866,-0.00014468508818246917,0.0597389207242715,0.0,0.0,0.00024174150894396007,0.059917353093624115,TRACKING,True,1
97207830344915,0.002069743990432471,0.06023229907218927,-0.00045255384291492337,-0.00012073204952604508,0.059780317524242094,0.0,0.0,0.0004683814768213779,0.06023230031132698,TRACKING,True,1
97207832427615,0.002083297003991902,0.05988397997613903,-0.00034485365375713957,1.5054132141216055e-05,0.05982197152421251,0.0,0.0,0.0003451820812188089,0.059883978217840195,TRACKING,True,1
97207834508179,0.002080984995700419,0.05964461245659337,-3.730505415065397e-05,-0.00014244495024676724,0.05986358280418296,0.0,0.0,0.00014724886568728834,0.05964461341500282,TRACKING,True,1
97207836592529,0.002083783008856699,0.059577025038401704,-0.00031986409212687915,-0.00021721019335035148,0.05990526980415335,0.0,0.0,0.00038664366002194583,0.05957702547311783,TRACKING,True,1
97207838678693,0.002086480992147699,0.05960362605615547,-5.6378571136220235e-05,-0.00042019761587591426,0.05994699308412372,0.0,0.0,0.0004239629488438368,0.059603627771139145,TRACKING,True,1
97207840763574,0.0020848499989369884,0.05980733879476928,0.00011501635506225444,-0.0003149542095124587,0.05998869070409411,0.0,0.0,0.0003352982457727194,0.05980733782052994,TRACKING,True,1
97207842852065,0.002088708002702333,0.06005287274421469,-5.082829714319358e-05,-0.00012765948879743424,0.06003046052406444,0.0,0.0,0.00013740618305746466,0.06005287170410156,TRACKING,True,1
97207844938741,0.002086549997329712,0.06002723561537156,0.0003554468896486224,-0.00013296142123277136,0.0600721940440348,0.0,0.0,0.0003795012889895588,0.06002723425626755,TRACKING,True,1
97207847040218,0.002101261998177506,0.06003204998350237,0.00030065673321365337,-0.00018040526502558608,0.06011422358400495,0.0,0.0,0.00035062877577729523,0.06003205105662346,TRACKING,True,1
97207849110124,0.002069556008791551,0.06006853064059264,0.00025373417988566564,4.157132884093407e-05,0.06015562170397555,0.0,0.0,0.0002571171207819134,0.060068529099226,TRACKING,True,1
97207851181315,0.002071009002975188,0.06003490228756186,0.0001736979823579885,-4.063390658358945e-06,0.06019704552394613,0.0,0.0,0.00017374548770021647,0.06003490090370178,TRACKING,True,1
97207853252107,0.0020707569929072633,0.06026070238032547,0.000259101553752033,7.001587571840827e-05,0.060238461363916716,0.0,0.0,0.0002683949423953891,0.060260701924562454,TRACKING,True,1
97207855334486,0.0020827410044148564,0.06034297529841374,0.0004884046473161167,-0.00011179349002755795,0.060280108943887134,0.0,0.0,0.0005010358290746808,0.060342974960803986,TRACKING,True,1
97207857405059,0.002070223999908194,0.060657136581739234,0.0004102186658159283,-0.00034724854280176174,0.06032152040385773,0.0,0.0,0.0005374578176997602,0.060657136142253876,TRACKING,True,1
97207859622421,0.0022183050023159012,0.06060362243056827,9.039797685843017e-06,-0.0002448713821395358,0.06036586764382623,0.0,0.0,0.00024503818713128567,0.06060362234711647,TRACKING,True,1
97207861738078,0.002115386989316903,0.06019641861058513,0.00013702661322483956,-0.0002988619449446402,0.06040818078379618,0.0,0.0,0.0003287776780780405,0.060196418315172195,TRACKING,True,1
97207863837400,0.002099475997965783,0.06061190217515237,-4.204347708606319e-05,-0.00018168538945509134,0.06045016722376636,0.0,0.0,0.00018648656259756535,0.06061190366744995,TRACKING,True,1
97207865928927,0.0020912950130878016,0.06035264576728552,-4.979349437460617e-05,-0.0001083349748312537,0.060491997763736656,0.0,0.0,0.00011923028068849817,0.06035264581441879,TRACKING,True,1
97207868005268,0.0020758579921675846,0.06053636768611609,0.00041271278255937285,0.00022730424496210475,0.06053352458370716,0.0,0.0,0.0004711677320301533,0.06053636595606804,TRACKING,True,1
97207870073762,0.0020683970069512725,0.06071927783831345,0.0002072493801728577,9.60849049995299e-05,0.06057489446367778,0.0,0.0,0.00022843951592221856,0.06071927770972252,TRACKING,True,1
97207872141937,0.0020681979949586093,0.060656074420427385,-1.8632129169595356e-05,0.00018456905813356213,0.060616257963648404,0.0,0.0,0.00018550711683928967,0.060656074434518814,TRACKING,True,1
97207874212761,0.002070860005915165,0.06067659265774319,8.580098267764077e-05,7.724764013367454e-05,0.060657674443618984,0.0,0.0,0.00011545131565071642,0.06067659333348274,TRACKING,True,1
97207876285700,0.002073121999274008,0.060782821804892556,0.0003753112654429688,0.00011738296091228133,0.060699133223589545,0.0,0.0,0.00039323949022218585,0.060782819986343384,TRACKING,True,1
97207878377015,0.002091787988319993,0.06096692957852838,9.399298143267812e-05,5.486077579515835e-05,0.06074095952355984,0.0,0.0,0.00010883191134780645,0.06096693128347397,TRACKING,True,1
97207880451086,0.0020736279984703287,0.060866713505928254,0.00015765917822558077,9.619747885907719e-05,0.06078244094353038,0.0,0.0,0.0001846899394877255,0.060866713523864746,TRACKING,True,1
97207882542096,0.0020914590131724253,0.06076617117131143,0.00017314637624820279,9.373387879738103e-05,0.060824261143500674,0.0,0.0,0.00019689009059220552,0.06076617166399956,TRACKING,True,1
97207884628045,0.0020858179923379794,0.06055820822198697,0.00011664266302955503,0.00028525502015998045,0.060865980123471046,0.0,0.0,0.0003081816539634019,0.06055820733308792,TRACKING,True,1
97207886712489,0.00208456399559509,0.06056327712515179,0.00028388823612323933,0.00032177675194353117,0.06090766900344144,0.0,0.0,0.00042910699266940355,0.06056327745318413,TRACKING,True,1
97207888798475,0.0020861210068687797,0.06077550473289322,0.00027655636844252656,7.676465256510297e-05,0.06095421121123156,0.0,0.0,0.0002870126045309007,0.060775503516197205,DRAINING,True,1
97207890884867,0.002086063992464915,0.06103645502068518,-6.25152867755861e-05,-0.00013668417303895966,0.06103020440831386,0.0,0.0,0.00015030211943667382,0.06103645637631416,DRAINING,True,1
97207892970178,0.002085262007312849,0.06120173711807009,-0.00022198870898728447,0.00029010934176090504,0.06110537020591942,0.0,0.0,0.0003652977175079286,0.06120173633098602,DRAINING,True,1
97207895040380,0.002070371003355831,0.06129901398191382,3.780333153091369e-05,0.0003782545330050342,0.061179220178875456,0.0,0.0,0.0003801389248110354,0.06129901483654976,DRAINING,True,1
97207897107178,0.002066089989966713,0.06125722584508075,4.707879700533696e-05,0.0003466145459468573,0.06125219011269338,0.0,0.0,0.0003497971629258245,0.06125722452998161,DRAINING,True,1
97207899170357,0.0020629979990189895,0.06132876604798561,0.00033250603948422117,0.00042765706373071994,0.061324284051923576,0.0,0.0,0.0005417110514827073,0.061328765004873276,DRAINING,True,1
97207901235990,0.002065814012894407,0.0614394589125817,0.0004609588926880549,0.0003073523158299827,0.06139572253340656,0.0,0.0,0.0005540293641388416,0.06143945828080177,DRAINING,True,1
97207903303850,0.0020678809960372746,0.06163677447014956,0.0003451143374951504,0.00016918863778595254,0.06146650281807026,0.0,0.0,0.00038435490569099784,0.061636775732040405,DRAINING,True,1
97207905377947,0.0020743200002470985,0.06147974930704609,0.00011179108833324157,0.00013680473058193943,0.06153676524956059,0.0,0.0,0.0001766713976394385,0.06147975102066994,DRAINING,True,1
97207907466656,0.002089323999825865,0.061648533880364044,-0.00029368101206957874,3.127961525798651e-05,0.06160679012869884,0.0,0.0,0.00029534209170378745,0.06164853274822235,DRAINING,True,1
97207909541106,0.002073661991744302,0.061807247471190735,-0.0002010334180356901,-0.00016275607153888995,0.061675616881785945,0.0,0.0,0.00025865802308544517,0.06180724874138832,DRAINING,True,1
97207911638784,0.0020978370012016967,0.06164561622143213,0.00018827611933070376,-0.00037667328843575044,0.06174449215702645,0.0,0.0,0.0004211064660921693,0.061645615845918655,DRAINING,True,1
97207913712104,0.0020731820113724098,0.061687115996748636,0.000282879433092514,-0.0005874376851552931,0.06181186148443455,0.0,0.0,0.0006519998423755169,0.06168711557984352,DRAINING,True,1
97207915801286,0.0020897979993605986,0.06191779581123888,-8.532440529833088e-05,-0.0001831664372721375,0.06187904346463278,0.0,0.0,0.00020206483895890415,0.06191779673099518,DRAINING,True,1
97207917889629,0.0020882719982182607,0.06244708343066407,-0.00026758234835246725,-0.00011761015952171893,0.061945500760259974,0.0,0.0,0.00029228831408545375,0.06244708225131035,DRAINING,True,1
97207919978200,0.0020883339893771335,0.06239700617620556,-0.00026226016640504334,3.4746935363006215e-05,0.062011274880915644,0.0,0.0,0.0002645519853103906,0.06239700689911842,DRAINING,True,1
97207922036050,0.0020580570126185194,0.06219362864924436,-0.00025812426179755877,-0.00011265361785509661,0.06207541319577459,0.0,0.0,0.0002816362539306283,0.062193628400564194,DRAINING,True,1
97207924108808,0.0020721589971799403,0.062204658212107196,-6.877597856785924e-05,0.00011415754415313374,0.06213935247074586,0.0,0.0,0.00013327445776667446,0.06220465898513794,DRAINING,True,1
97207926179897,0.00207125699671451,0.0622239270403338,-0.0002253954821429501,-2.4043910382448206e-06,0.062202581824277625,0.0,0.0,0.00022540830832440406,0.062223926186561584,DRAINING,True,1
97207928251118,0.002071013004751876,0.062185208370757916,-0.00020407481406327073,0.00011412572666177568,0.06226516375601609,0.0,0.0,0.0002338187478017062,0.06218520924448967,DRAINING,True,1
97207930336143,0.002085610991343856,0.062249805559925854,-0.00010383647075622122,9.25770538706007e-05,0.06232751156980395,0.0,0.0,0.00013911334099248052,0.062249805778265,DRAINING,True,1
97207932423870,0.0020876990020042285,0.06232157617556048,-0.00014197837530716283,0.00019998386062468733,0.0623892923186425,0.0,0.0,0.00024525783373974264,0.06232157722115517,DRAINING,True,1
97207934511189,0.002087137007038109,0.06238897939129838,-0.0001024560444476317,-6.457945409899733e-05,0.06245041962902472,0.0,0.0,0.00012111048272345215,0.06238897889852524,DRAINING,True,1
97207936609992,0.002098750992445275,0.062342615748603974,-0.00016563404353457347,6.822314343802749e-05,0.06251124337093177,0.0,0.0,0.00017913412011694163,0.06234261393547058,DRAINING,True,1
97207938696625,0.0020869750005658716,0.06214453335953967,3.158725592630556e-05,7.210242802162717e-05,0.06257108497513368,0.0,0.0,7.871794514358044e-05,0.062144532799720764,DRAINING,True,1
97207940788433,0.002091903006657958,0.062224781789664944,-0.00012742783414528184,0.00014295793615160042,0.0626304515920244,0.0,0.0,0.00019150672596879303,0.06222478300333023,DRAINING,True,1
97207942876799,0.002088417997583747,0.06246304822727574,-0.0004330201540296025,-2.7426849305088352e-05,0.06268910436132687,0.0,0.0,0.0004338878788985312,0.062463048845529556,DRAINING,True,1
97207944964595,0.0020875850023003295,0.062433135226036995,-0.00028605938514011096,-0.00012722647353713738,0.06274713211490242,0.0,0.0,0.00031307595781981945,0.06243313476443291,DRAINING,True,1
97207947036979,0.0020726369984913617,0.06268149069260974,-0.000272723240811337,-0.0001265895062633615,0.06280413555169058,0.0,0.0,0.0003006707120221108,0.06268148869276047,DRAINING,True,1
97207949104617,0.0020667689968831837,0.06300152346672322,-0.00021363196918893184,-0.0001661716602329279,0.06286042284100726,0.0,0.0,0.00027065040194429457,0.06300152093172073,DRAINING,True,1
97207951172320,0.0020676760032074526,0.06301035278248876,-0.0003661215564856429,-0.0003894456308753149,0.06291613296149283,0.0,0.0,0.0005345211829990149,0.06301034986972809,DRAINING,True,1
97207953244930,0.0020728689996758476,0.06302310695914556,-0.0003375375015188165,-0.0005036659039255433,0.0629714002617784,0.0,0.0,0.0006063092150725424,0.06302310526371002,DRAINING,True,1
97207955317166,0.0020722729968838394,0.06322130126975288,-9.148089643397107e-05,-0.00028123705541488063,0.06302608796264064,0.0,0.0,0.00029574151267297566,0.06322129815816879,DRAINING,True,1
97207957410616,0.002093346993206069,0.0631049272667019,-9.334919946169798e-05,-0.0002828259282400599,0.06308076314595139,0.0,0.0,0.0002978331467602402,0.06310492753982544,DRAINING,True,1
97207959497430,0.00208718900103122,0.06329913658650166,-0.000317677979591758,-0.00013228450897951924,0.06313469839895054,0.0,0.0,0.0003441198787186295,0.06329913437366486,DRAINING,True,1
97207961563734,0.0020657370041590184,0.06329098314397218,-0.00040701385256403224,2.6465159934165614e-05,0.06318755192499395,0.0,0.0,0.00040787336183711886,0.06329098343849182,DRAINING,True,1
97207963649079,0.0020863130048383027,0.06324025051938924,7.487272431485438e-05,0.00022811112195392645,0.06324034173569573,0.0,0.0,0.00024008458422031254,0.06324025243520737,DRAINING,True,1
97207965736279,0.002086840002448298,0.06327751490929784,-1.9489912972266014e-05,2.3921476529562382e-05,0.0632926302107309,0.0,0.0,3.0856015655444935e-05,0.06327751278877258,DRAINING,True,1
97207967824684,0.002088547989842482,0.06320037699117904,4.4237847160998934e-05,-0.00024217569077710416,0.06334440555925645,0.0,0.0,0.00024618295719847083,0.06320037692785263,DRAINING,True,1
97207969913687,0.002089001005515456,0.06347339033292691,0.00015396462946585922,-0.00017941728789946416,0.06339565767619797,0.0,0.0,0.00023642265296075493,0.06347338855266571,DRAINING,True,1
97207972008989,0.0020948000019416213,0.06362700363701718,0.0005118575551868173,-6.172365182270027e-05,0.06344652938579058,0.0,0.0,0.0005155656835995615,0.06362700462341309,DRAINING,True,1
97207974079323,0.002070136004476808,0.06391767632254304,0.0002757238661851018,-0.0001485388873337926,0.0634962741401586,0.0,0.0,0.00031318917172029614,0.06391767412424088,DRAINING,True,1
97207976163526,0.0020848649874096736,0.06399294548428511,-0.000167447133413518,7.719165230753833e-05,0.0635458346982085,0.0,0.0,0.00018438301049172878,0.0639929473400116,DRAINING,True,1
97207978228135,0.0020637900015572086,0.0638784327359095,-0.0001938459546137528,6.49863293629423e-05,0.06359442274434424,0.0,0.0,0.00020444921392481774,0.06387843191623688,DRAINING,True,1
97207980293670,0.0020655870030168444,0.06384234937459372,9.984053187582761e-05,0.00019304030356336288,0.06364253325119357,0.0,0.0,0.0002173308312194422,0.06384234875440598,DRAINING,True,1
97207982376639,0.0020837220072280616,0.0638525018881148,2.4380114455303085e-05,-4.591946558156799e-05,0.0636905492571735,0.0,0.0,5.199026418267749e-05,0.06385250389575958,DRAINING,True,1
97207984440488,0.002063100997474976,0.06387556305189858,-0.00044733867248962196,0.0001441803815738832,0.063737633843436,0.0,0.0,0.0004699998826254159,0.06387556344270706,DRAINING,True,1
97207986526121,0.0020864069956587628,0.06387124617197817,-0.0005858800299133836,0.00019408110338716206,0.06378472436788311,0.0,0.0,0.0006171894492581487,0.06387124955654144,DRAINING,True,1
97207988613248,0.002087344997562468,0.06372558332127062,-0.0004598038290298431,-0.00019653997137765686,0.06383135958466533,0.0,0.0,0.000500047521200031,0.06372558325529099,DRAINING,True,1
97207990702504,0.0020889599982183427,0.06367382332537219,-0.0002664461632394426,-0.00014131100001651715,0.06387755749540659,0.0,0.0,0.00030159964808262885,0.06367382407188416,DRAINING,True,1
97207992790552,0.002088168010232039,0.0638435585057739,-0.0003025037393778945,1.0138713576735383e-05,0.06392324902562255,0.0,0.0,0.0003026735794264823,0.06384355574846268,DRAINING,True,1
97207994859973,0.0020686919888248667,0.06364987357503275,-0.00029722590836101653,-0.00047077433858816144,0.0639680647197248,0.0,0.0,0.0005567510379478335,0.06364987045526505,DRAINING,True,1
97207996943660,0.0020841910009039566,0.06375184112313512,-0.0002905737481532638,-0.0003386822673698633,0.06401272326833538,0.0,0.0,0.0004462496726773679,0.06375183910131454,DRAINING,True,1
97207999047145,0.0021036990074208006,0.06399045019429099,4.728151359678406e-05,-0.00043114814962224787,0.06405733667786655,0.0,0.0,0.00043373295920901,0.06399045139551163,DRAINING,True,1
97208001120223,0.0020725850044982508,0.06401291238750736,-0.00032416319271772734,4.9464838295567334e-05,0.06410084846641548,0.0,0.0,0.0003279154479969293,0.06401291489601135,DRAINING,True,1
97208003193749,0.0020735109865199775,0.06431954156569154,-0.00012678350497260873,0.0002474217630220747,0.06414392082567427,0.0,0.0,0.00027801364194601774,0.06431954354047775,DRAINING,True,1
97208005269330,0.0020754050055984408,0.06445269650635944,-0.00019732331340887915,0.0002866038106755615,0.0641865909619513,0.0,0.0,0.00034796298132278025,0.06445269286632538,DRAINING,True,1
97208007340621,0.0020713300036732107,0.06461062672072056,1.7204470399837104e-05,0.00016776669658574372,0.06422873372869803,0.0,0.0,0.00016864655481185764,0.06461063027381897,DRAINING,True,1
97208009425543,0.0020853479945799336,0.06444739543533905,0.000437497314452375,0.00015634078355999457,0.06427071535060638,0.0,0.0,0.0004645926528610289,0.06444739550352097,DRAINING,True,1
97208011515321,0.0020897990034427494,0.06452561632652147,2.8595823356095346e-05,0.00022308525989074123,0.06431235786457402,0.0,0.0,0.00022491054551210254,0.06452561914920807,DRAINING,True,1
97208013602093,0.0020867139974143356,0.06453676789417637,-0.00013660973534747678,0.0003749854094401685,0.0643535085573298,0.0,0.0,0.0003990943368989974,0.06453676521778107,DRAINING,True,1
97208015675745,0.0020734169956995174,0.06451353673340994,2.8824711041284114e-05,0.0003234459900225564,0.0643939774086353,0.0,0.0,0.00032472785096615553,0.06451353430747986,DRAINING,True,1
97208017765586,0.0020904830016661435,0.06438787104502841,7.04883139202102e-05,0.00045640948974748515,0.06443433988678972,0.0,0.0,0.00046182057121768594,0.06438787281513214,DRAINING,True,1
97208019843785,0.002077803001157008,0.06424837584879872,-0.00014118682406480079,0.00012899772690983294,0.0644740614466982,0.0,0.0,0.0001912436418933794,0.06424837559461594,DRAINING,True,1
97208021931432,0.002087911998387426,0.06450487265759676,-0.0001737724387287009,0.0001356215760481573,0.06451355018315298,0.0,0.0,0.00022043156786821783,0.06450486928224564,DRAINING,True,1
97208024035257,0.0021038300037616864,0.06475574074488422,-0.000313988698565549,0.00035179448670233273,0.06455293011690445,0.0,0.0,0.00047153819468803704,0.06475573778152466,DRAINING,True,1
97208026104716,0.0020687490032287315,0.06473026377557715,-0.0002331917589956216,0.0005005674525948316,0.06459126472659732,0.0,0.0,0.0005522192805074155,0.06473026424646378,DRAINING,True,1
97208028175368,0.0020706649956991896,0.06480443419249964,-0.00038633109192717124,0.0003103785016123514,0.06462922648048271,0.0,0.0,0.0004955668700858951,0.06480443477630615,DRAINING,True,1
97208030247765,0.0020723970083054155,0.0646445892578774,-0.0002004082838490405,0.00011441366749779269,0.06466682873225077,0.0,0.0,0.00023076821526046842,0.06464459002017975,DRAINING,True,1
97208032342538,0.002095563992043026,0.0646331653681873,4.347513391425386e-05,-0.00023126917628618374,0.06470444307350841,0.0,0.0,0.00023532003979198635,0.06463316828012466,DRAINING,True,1
97208034414542,0.002071209004498087,0.06475048968311221,-1.4418758286652195e-05,-9.05711677465534e-05,0.06474126300861639,0.0,0.0,9.171171404886991e-05,0.06475049257278442,DRAINING,True,1
97208036501348,0.0020871699962299317,0.06436208077883107,-0.00018113685463297873,-0.00013169860803016,0.06477796242545562,0.0,0.0,0.00022395330597646534,0.06436207890510559,DRAINING,True,1
97208038588514,0.002087329005007632,0.06484920890832571,-0.0003423535695685117,-0.0002868950880165458,0.06481428714301779,0.0,0.0,0.00044667074689641595,0.06484920531511307,DRAINING,True,1
97208040678883,0.002090533002046868,0.06484319130570353,-0.00016291162311960034,-0.0002946090892861446,0.0648502896311567,0.0,0.0,0.00033665221417322755,0.06484319269657135,DRAINING,True,1
97208042766555,0.0020876469934592023,0.06490194337682839,-0.00039892152897163743,0.00011435692604037115,0.06488587205846098,0.0,0.0,0.0004149890155531466,0.0649019405245781,DRAINING,True,1
97208044856140,0.002089621004415676,0.06487592466216625,-0.00023332815105544803,0.000558917074521146,0.06492111709383458,0.0,0.0,0.0006056652055121958,0.06487592309713364,DRAINING,True,1
97208046943974,0.0020877310016658157,0.06483154210391627,-0.00037306427074041575,0.00018062007226345237,0.06495596673382986,0.0,0.0,0.0004144883423577994,0.06483153998851776,DRAINING,True,1
97208049035570,0.002091406990075484,0.06521695504569518,-0.00027367259390816557,-2.503057965332593e-05,0.0649905162827539,0.0,0.0,0.0002748148690443486,0.06521695852279663,DRAINING,True,1
97208051108828,0.0020729390089400113,0.06516956282502304,-0.00018442510915945556,0.00016482899913301526,0.06502440818628352,0.0,0.0,0.0002473483909852803,0.0651695653796196,DRAINING,True,1
97208053181488,0.002072570991003886,0.065287298209113,-5.056376313558692e-05,0.00019261009074946284,0.06505794094649765,0.0,0.0,0.00019913649884983897,0.06528729945421219,DRAINING,True,1
97208055253580,0.0020721040054922923,0.06510038068261507,-0.0002588074236530774,0.00019665291009117643,0.06509111894345057,0.0,0.0,0.00032504406408406794,0.06510037928819656,DRAINING,True,1
97208057339763,0.002086699998471886,0.06523186088941647,-0.00013517055902855475,0.00017807950657650968,0.06512417711033947,0.0,0.0,0.00022356965928338468,0.06523185968399048,DRAINING,True,1
97208059424952,0.00208514099358581,0.06534707442292507,-0.0002915402262702889,5.356756416791537e-05,0.06515687673588776,0.0,0.0,0.0002964206214528531,0.06534707546234131,DRAINING,True,1
97208061508750,0.0020836530020460486,0.06516328128654852,-0.0005211744890501728,0.00013040909918329144,0.06518921573305966,0.0,0.0,0.0005372423911467195,0.06516328454017639,DRAINING,True,1
97208063595007,0.0020864020043518394,0.06517160673407513,-0.00026087808154908853,0.00019754035988293,0.06522125710942579,0.0,0.0,0.0003272301401011646,0.06517160683870316,DRAINING,True,1
97208065682112,0.0020870900043519214,0.0650667431208545,0.00010385560927802265,0.00018159661929110466,0.06525297881181828,0.0,0.0,0.00020919684902764857,0.06506673991680145,DRAINING,True,1
97208067753720,0.0020711709948955104,0.06535447522821745,0.00037145408358673276,3.117126690562849e-05,0.0652841393157759,0.0,0.0,0.000372759677702561,0.06535447388887405,DRAINING,True,1
97208069844381,0.0020910769962938502,0.0652580474630081,0.0002708688082698855,0.00021979947378026433,0.06531526088026429,0.0,0.0,0.00034882905310951173,0.06525804847478867,DRAINING,True,1
97208071930502,0.002086267006234266,0.06552316369904049,-0.00018012409337264695,0.0003993745999113545,0.06534599228455433,0.0,0.0,0.00043811500654555857,0.065523162484169,DRAINING,True,1
97208074027248,0.0020965169969713315,0.06541874111179106,-2.7325717110909472e-05,1.8320733616091433e-05,0.06537655889374064,0.0,0.0,3.2898999052122235e-05,0.06541874259710312,DRAINING,True,1
97208076090169,0.0020623269956558943,0.06528376573142046,4.829674314099852e-05,-0.0003090224025004964,0.06540632127482979,0.0,0.0,0.0003127737727481872,0.06528376787900925,DRAINING,True,1
97208078151765,0.0020616130059352145,0.06551150494156799,-6.587727703186516e-05,-0.0001485512676892107,0.06543575942384598,0.0,0.0,0.00016250320186372846,0.06551150232553482,DRAINING,True,1
97208080216166,0.0020644449978135526,0.06554949356215284,-0.0001419100764097495,0.0001407771425403819,0.06546493512206333,0.0,0.0,0.00019989165593869984,0.06554949283599854,DRAINING,True,1
97208082283388,0.0020674160041380674,0.06597847165432838,2.230116577408748e-05,-0.00021809278272378281,0.06549385047304238,0.0,0.0,0.0002192300307797268,0.06597847491502762,DRAINING,True,1
97208084369912,0.0020871339947916567,0.06586510494512571,-2.629160593869812e-05,2.3702073022944094e-05,0.06552273431089678,0.0,0.0,3.5398261388763785e-05,0.06586510688066483,DRAINING,True,1
97208086441624,0.002071185997920111,0.06579161884694827,0.00036840035515676084,0.0001398171800125238,0.0655511165150895,0.0,0.0,0.00039404016570188105,0.06579162180423737,DRAINING,True,1
97208088527447,0.0020862490055151284,0.0658511151843917,0.00017473284880640156,-7.017328606514052e-05,0.06557939656886129,0.0,0.0,0.00018829725740943104,0.0658511146903038,DRAINING,True,1
97208090612506,0.00208484499307815,0.06577646633561768,0.0001486003475633658,4.111041679860173e-05,0.06560737302165587,0.0,0.0,0.00015418212569784373,0.06577646732330322,DRAINING,True,1
97208092697418,0.0020851800072705373,0.0657898815745476,4.5020525630581635e-05,3.527573332296143e-05,0.06563505738497014,0.0,0.0,5.719462569686584e-05,0.06578987836837769,DRAINING,True,1
97208094764725,0.0020665420015575364,0.06568886820146426,-0.00014903525439410685,-0.0001333218407226419,0.06566222450106589,0.0,0.0,0.0001999655505642295,0.06568887084722519,DRAINING,True,1
97208096835327,0.0020706520008388907,0.06580544911055662,3.477672475701179e-05,-0.00012450790112450286,0.06568915488352507,0.0,0.0,0.00012927349598612636,0.06580545008182526,DRAINING,True,1
97208098921464,0.0020868409919785336,0.0657766919782538,0.0001204992196957239,-0.00010442550133971967,0.06571600682086573,0.0,0.0,0.00015945140330586582,0.06577669084072113,DRAINING,True,1
97208101024485,0.002102391008520499,0.06635717612127602,0.00010041791773767342,-0.00016039708148378625,0.06574279407020266,0.0,0.0,0.0001892379077617079,0.06635717302560806,DRAINING,True,1
97208103095971,0.0020715819991892204,0.06584869046111777,0.00010220020321479801,8.132865737951961e-05,0.06576890570363456,0.0,0.0,0.00013061099161859602,0.0658486932516098,DRAINING,True,1
97208105168751,0.0020728759991470724,0.06584702057854123,0.00028869074831096677,-5.442558427573585e-05,0.06579476434304479,0.0,0.0,0.0002937762765213847,0.0658470168709755,DRAINING,True,1
97208107239779,0.0020708840020233765,0.06584703681247998,0.00015191584453786412,-0.00017000052528836395,0.06582033485041845,0.0,0.0,0.0002279881591675803,0.06584703922271729,DRAINING,True,1
97208109311211,0.0020721850014524534,0.0656077324474073,-7.381877027397141e-05,-0.000450991049684163,0.06584564684902584,0.0,0.0,0.00045699247857555747,0.06560773402452469,DRAINING,True,1
97208111382731,0.002070760994683951,0.06586611307087978,-7.821583091799285e-05,-0.00030806849926055157,0.06587069909889748,0.0,0.0,0.0003178425831720233,0.06586611270904541,DRAINING,True,1
97208113454870,0.002072128001600504,0.06580108126575115,0.00012087808625428203,-0.0003498398569804628,0.06589550057728183,0.0,0.0,0.0003701343375723809,0.06580108404159546,DRAINING,True,1
97208115621814,0.0021673439914593473,0.06617462789737459,0.00027260086241716883,-0.0003501900195272081,0.06592116337664702,0.0,0.0,0.0004437840252649039,0.06617462635040283,DRAINING,True,1
97208117711372,0.002089876012178138,0.06608417655276423,0.00028801455494275045,2.3633665557947414e-07,0.06594564776072952,0.0,0.0,0.0002880146785173565,0.06608417630195618,DRAINING,True,1
97208119797442,0.002085871994495392,0.06592839949223028,9.509955896292623e-05,0.0004504714663487876,0.06596983743351019,0.0,0.0,0.0004604003333952278,0.0659283995628357,DRAINING,True,1
97208121881928,0.002084626001305878,0.0661447162504133,0.00022216839918147847,0.0006366935402717532,0.0659937580281815,0.0,0.0,0.0006743422709405422,0.06614471971988678,DRAINING,True,1
97208123967100,0.002085105996229686,0.06620683333071523,6.052786402972713e-05,9.77789270965732e-05,0.06601743835689425,0.0,0.0,0.00011499713582452387,0.06620683521032333,DRAINING,True,1
97208126034920,0.0020677880092989653,0.06632977216179453,-0.000164929644051538,0.00018332747236076853,0.06604067907201647,0.0,0.0,0.0002465983561705798,0.06632976979017258,DRAINING,True,1
97208128097131,0.0020614029926946387,0.06590691277288127,-0.00019114295376585348,0.00011441373913568665,0.06606361866564522,0.0,0.0,0.0002227692457381636,0.06590691208839417,DRAINING,True,1
97208130159148,0.0020623529999284074,0.06577368485906038,-0.0002209888482658158,-7.611426913396206e-05,0.06608632081824035,0.0,0.0,0.0002337294426979497,0.06577368825674057,DRAINING,True,1
97208132223092,0.0020638419955503196,0.06594741602031329,-0.0003681844897090733,-9.596130808240345e-05,0.06611680825556975,0.0,0.0,0.00038048444548621774,0.06594741344451904,TRACKING,True,1
97208134285202,0.002062091007246636,0.0662973780406607,1.5526499294216893e-05,0.00027825268901428073,0.06615805045554046,0.0,0.0,0.00027868556207977235,0.06629737466573715,TRACKING,True,1
97208136369931,0.0020854750036960468,0.06636450805664577,-6.324580753510439e-05,0.000237642496561022,0.06619974503551085,0.0,0.0,0.0002459145907778293,0.06636450439691544,TRACKING,True,1
97208138455502,0.002085923988488503,0.06647559103892442,9.70900052672375e-06,0.00041321270346072607,0.06624145645548123,0.0,0.0,0.0004133267211727798,0.06647559255361557,TRACKING,True,1
97208140542936,0.0020871200104011223,0.06631591845241622,-3.103110998641224e-05,-8.044241495776955e-06,0.06628320513545158,0.0,0.0,3.2056817872216925e-05,0.0663159191608429,TRACKING,True,1
97208142610060,0.0020661799935624003,0.06627079492114357,0.00020297681453598467,4.261371157060668e-06,0.06632454761542221,0.0,0.0,0.00020302152552176267,0.06627079844474792,TRACKING,True,1
97208144696548,0.0020872659952146932,0.06646694022353854,0.00020711017212172701,0.00017608237411889394,0.06636627737539258,0.0,0.0,0.0002718448522500694,0.06646694242954254,TRACKING,True,1
97208146796858,0.0020999310072511435,0.06632321101726359,0.0002290453761648119,0.00023518264878350572,0.06640828357536274,0.0,0.0,0.0003282874822616577,0.06632321327924728,TRACKING,True,1
97208149146532,0.0023495109926443547,0.06660608004137303,0.00039764537713990195,6.157320682607397e-05,0.06645527705532937,0.0,0.0,0.0004023842921014875,0.0666060820221901,TRACKING,True,1
97208151651779,0.002505413009203039,0.06634014374655885,0.000139751208566564,0.00027744728404458316,0.0665053819952938,0.0,0.0,0.00031065638177096844,0.0663401409983635,TRACKING,True,1
97208153795318,0.0021434249938465655,0.06626362492171341,-0.00015777556263978792,-5.7640608360845665e-05,0.06654825277526334,0.0,0.0,0.00016797489661257714,0.06626362353563309,TRACKING,True,1
97208156065148,0.0022697660024277866,0.06617557278832045,2.828419935596075e-05,-0.00017496788431070484,0.0665936493752311,0.0,0.0,0.00017723925702739507,0.06617557257413864,TRACKING,True,1
97208158143884,0.0020788279944099486,0.06625545027394963,0.00022360729185943038,5.5956927011331675e-05,0.06663522409520158,0.0,0.0,0.00023050249728839844,0.06625545024871826,TRACKING,True,1
97208160215330,0.002071433002129197,0.06659228235002249,5.883420239102724e-06,-0.00027033757939447207,0.06667665301517216,0.0,0.0,0.00027040159329771996,0.06659228354692459,TRACKING,True,1
97208162286738,0.002071342009003274,0.06672811110034084,0.0003193219759338244,-0.00023751156719605074,0.06671808117514273,0.0,0.0,0.0003979676985181868,0.06672810763120651,TRACKING,True,1
97208164375993,0.002090087000397034,0.06671809333398487,-0.00037903793327532896,0.0001590076633457986,0.06675986627511306,0.0,0.0,0.00041103916009888053,0.06671809405088425,TRACKING,True,1
97208166465660,0.002089531990350224,0.06673969146674376,-0.0005562757748336851,9.139913644835162e-05,0.06680165961508337,0.0,0.0,0.0005637344438582659,0.06673969328403473,TRACKING,True,1
97208168530985,0.002064640008029528,0.06669710062753148,-0.00024412276725542054,0.00044573849940180257,0.06684296611505404,0.0,0.0,0.0005082113202661276,0.06669709831476212,TRACKING,True,1
97208170636997,0.002107134001562372,0.06664717048013644,-0.00012871762072440155,0.00021687156598432228,0.06688508635502412,0.0,0.0,0.0002521933929529041,0.06664717197418213,TRACKING,True,1
97208172726524,0.002089428002364002,0.06665541099084224,1.0259638343502065e-07,0.0004173547401218212,0.06692687689499444,0.0,0.0,0.0004173547786194831,0.06665541231632233,TRACKING,True,1
97208174816151,0.002089355999487452,0.06687420429654783,-7.665718463933436e-05,0.00036102172112903414,0.06696866943496475,0.0,0.0,0.000369070447050035,0.06687420606613159,TRACKING,True,1
97208176888776,0.0020720449974760413,0.0669929102332391,9.732254747584386e-05,0.0001325094654402418,0.06701012193493532,0.0,0.0,0.00016440935723949224,0.06699290871620178,TRACKING,True,1
97208178957833,0.002068863992462866,0.0670661432064792,0.00035858827040372677,8.84501353599715e-05,0.06705150307490593,0.0,0.0,0.00036933584487996995,0.06706614047288895,TRACKING,True,1
97208181041027,0.002083665007376112,0.06727893877667772,0.00022822423256202407,6.945701478086122e-05,0.06709316695487634,0.0,0.0,0.00023855936888139695,0.06727893650531769,TRACKING,True,1
97208183997681,0.0029561339906649664,0.06712756551004327,0.0006587399754621584,0.0002599318197501442,0.06715230003483434,0.0,0.0,0.0007081687217578292,0.06712756305932999,TRACKING,True,1
97208186623173,0.0026262440078426152,0.06739498521083519,0.0006308367407311073,-1.6553735705981422e-05,0.06720480987479704,0.0,0.0,0.0006310538738034666,0.06739498674869537,TRACKING,True,1
97208188691236,0.0020673929975600913,0.06723282968721668,0.00037220923736578965,-0.0003128785618972147,0.06724617113476768,0.0,0.0,0.0004862434871029109,0.06723283231258392,TRACKING,True,1
97208190778165,0.002088182998704724,0.06711761662315893,0.0003880245805292549,-0.0005846256486256575,0.06728790971473803,0.0,0.0,0.0007016767049208283,0.0671176165342331,TRACKING,True,1
97208192845850,0.002066394008579664,0.0670590678828372,0.00023026348819370465,-0.00039269524663172213,0.06732926341470866,0.0,0.0,0.00045522613800130785,0.06705906987190247,TRACKING,True,1
97208194932832,0.0021024009911343455,0.0671917757735322,9.806143242512097e-06,-8.908454834198598e-05,0.06737100305467901,0.0,0.0,8.962263382272795e-05,0.06719177216291428,TRACKING,True,1
97208197050533,0.0021031910000601783,0.06687297797009764,8.047392698869106e-05,-0.000329990722276783,0.06741335707464893,0.0,0.0,0.0003396614920347929,0.0668729767203331,TRACKING,True,1
97208199116743,0.002065181004581973,0.06697760413611818,3.770023124492191e-05,7.696413726050299e-05,0.06745468127461958,0.0,0.0,8.57017221278511e-05,0.0669776052236557,TRACKING,True,1
97208201183148,0.0020664859912358224,0.06702620032154767,-0.00023697300238960137,0.00022418847008963286,0.06749600937459023,0.0,0.0,0.00032621569698676467,0.06702619791030884,TRACKING,True,1
97208203253185,0.0020700560125987977,0.06722119660496632,-0.00015039374148786053,0.00024429266562767213,0.06753741011456083,0.0,0.0,0.000286874856101349,0.06722119450569153,TRACKING,True,1
97208205339701,0.00208653298614081,0.06755693595211948,-6.833809380872516e-05,-0.0002236373403627704,0.0675791404345312,0.0,0.0,0.0002338455815333873,0.06755693256855011,TRACKING,True,1
97208207431469,0.0020928660087520257,0.06756981559311956,-4.054989939369721e-05,-0.0003524889829006457,0.06762097579450148,0.0,0.0,0.00035481370287016034,0.06756981462240219,TRACKING,True,1
97208209538094,0.002105881998431869,0.06744591687052368,8.832943873147097e-05,-0.00018253237793387767,0.06766310829447156,0.0,0.0,0.0002027810551226139,0.06744591891765594,TRACKING,True,1
97208211632137,0.002094822993967682,0.06740275824734211,0.00015762111286534417,-9.328415466052048e-05,0.06770498915444181,0.0,0.0,0.0001831566187320277,0.06740275770425797,TRACKING,True,1
97208213706042,0.0020729180105263367,0.06732027291142637,5.132500778249413e-05,-0.00029689202952410244,0.06774646725441236,0.0,0.0,0.00030129574588499963,0.06732027232646942,TRACKING,True,1
97208215779857,0.0020738570019602776,0.0673592969548439,8.675288579210412e-05,-0.0004115043875332682,0.0677879435543829,0.0,0.0,0.00042054953519254923,0.06735929846763611,TRACKING,True,1
97208217857657,0.0020782969950232655,0.06733030254478643,0.00012315247533513704,-0.0004460947673887011,0.06782949955435338,0.0,0.0,0.00046278187073767185,0.06733030080795288,TRACKING,True,1
97208219944834,0.002087123997625895,0.0675019887229081,3.322510077987111e-05,-0.00031578079487429083,0.06787124309432374,0.0,0.0,0.0003175238671246916,0.0675019919872284,TRACKING,True,1
97208222030374,0.0020857519994024187,0.06774493879987135,-5.705113897910856e-05,-0.0003426391708359096,0.06791295389429411,0.0,0.0,0.0003473563410807401,0.06774494051933289,TRACKING,True,1
97208224105239,0.002074383999570273,0.06776390585521107,0.0001727766698474136,-5.2278561834167084e-05,0.06795445119426465,0.0,0.0,0.00018051268125418574,0.06776390224695206,TRACKING,True,1
97208226176777,0.002071249997243285,0.06786462130353953,0.00033238715018161515,9.421750057243558e-05,0.06799588195423521,0.0,0.0,0.00034548252006061375,0.06786461919546127,TRACKING,True,1
97208228245899,0.0020690750097855926,0.06776058623800897,0.00048568789327517806,0.000565118803872257,0.06803726439420583,0.0,0.0,0.0007451522978954017,0.06776058673858643,TRACKING,True,1
97208230327575,0.0020824759994866326,0.06796753648488368,1.975515228588181e-05,0.000633061666022588,0.06807889791417626,0.0,0.0,0.0006333698402158916,0.06796753406524658,TRACKING,True,1
97208232415502,0.0020877669885521755,0.06815972955825575,-6.643392201758731e-06,3.9852509630634186e-05,0.0681206564541466,0.0,0.0,4.0402439481113106e-05,0.06815972924232483,TRACKING,True,1
97208234503414,0.0020879240037174895,0.06816947380099063,-5.8411677631461096e-05,-3.1374279118962516e-05,0.06816241469411695,0.0,0.0,6.630436837440357e-05,0.0681694746017456,TRACKING,True,1
97208236590352,0.0020870730077149346,0.06813342523438494,0.00013577708770536292,-9.60117633358918e-05,0.0682041534540873,0.0,0.0,0.00016629394667688757,0.06813342869281769,TRACKING,True,1
97208238690364,0.002100443991366774,0.0682790704142491,-0.00025640728264615187,-0.00023970046367517678,0.06824615369405747,0.0,0.0,0.00035099999513477087,0.06827907264232635,TRACKING,True,1
97208240777720,0.002086745997075923,0.06830846759825789,-0.000325154259002011,-0.00014680492969706754,0.06828790081402783,0.0,0.0,0.0003567590028978884,0.06830846518278122,TRACKING,True,1
97208242850089,0.002071773007628508,0.06833467118139645,-0.0001743453926422456,-0.00015337781860364045,0.06832934819399838,0.0,0.0,0.00023220910225063562,0.0683346688747406,TRACKING,True,1
97208244936223,0.0020866790000582114,0.06849056345914566,-0.0003568758642475412,-0.00017000084731275263,0.06837107087396875,0.0,0.0,0.0003952982078772038,0.06849056482315063,TRACKING,True,1
97208247037318,0.0021012039942434058,0.06876570429011897,-0.00030367038710151086,0.000167919683208648,0.06841309277393891,0.0,0.0,0.0003470053488854319,0.06876570731401443,TRACKING,True,1
97208249110554,0.0020727460068883374,0.06874523982046603,-0.0002372463484877482,0.0001246224129645605,0.06845455749390947,0.0,0.0,0.0002679861499927938,0.06874524056911469,TRACKING,True,1
97208251183177,0.002072407995001413,0.06897214105258945,-0.00020822298270321024,-0.00011969539343983845,0.06849600995388003,0.0,0.0,0.00024017451505642384,0.0689721405506134,TRACKING,True,1
97208253254850,0.00207174000388477,0.06893487957343616,-3.329356002224873e-06,7.821595528025894e-05,0.0685374434138506,0.0,0.0,7.828677917132154e-05,0.06893488019704819,TRACKING,True,1
97208255340069,0.0020856649935012683,0.06856109762208847,7.047003323296997e-05,6.32338131309052e-05,0.06857914779382097,0.0,0.0,9.46812579059042e-05,0.06856109946966171,TRACKING,True,1
97208257427293,0.002087055006995797,0.06856609535354474,-3.9305386403678535e-05,0.00012546838747456006,0.06862089227379133,0.0,0.0,0.0001314809051109478,0.06856609880924225,TRACKING,True,1
97208259501292,0.002073704992653802,0.06861633270322909,-3.317486638992645e-05,0.0004409908991952453,0.06866237225376187,0.0,0.0,0.00044223698205314577,0.06861633062362671,TRACKING,True,1
97208261573918,0.002072611008770764,0.06868575486086279,-0.00022969883451730806,0.00011722227326501554,0.06870382477373244,0.0,0.0,0.0002578810090199113,0.06868575513362885,TRACKING,True,1
97208263646210,0.002072314004180953,0.06859737208102343,-0.0004379682927220663,0.00027057435806196613,0.068745270613703,0.0,0.0,0.0005148074124008417,0.06859736889600754,TRACKING,True,1
97208265732076,0.0020862059900537133,0.06902731232153568,-0.0003949775405977815,0.00033665285760485443,0.06878698793367337,0.0,0.0,0.0005189820658415556,0.06902731209993362,TRACKING,True,1
97208267804677,0.0020722370099974796,0.06884786396923306,-0.00037752276964245435,-9.989171639334445e-05,0.06882843995364393,0.0,0.0,0.00039051478961482644,0.06884786486625671,TRACKING,True,1
97208269891443,0.002087250992190093,0.06887192598601426,-2.1056214995000897e-05,0.00016254476534171295,0.06887017527361429,0.0,0.0,0.00016390290693379939,0.06887192279100418,TRACKING,True,1
97208271978684,0.002087293003569357,0.0690080595199678,-6.248288856400755e-05,0.0003205435539563158,0.06891192009358464,0.0,0.0,0.0003265766135882586,0.06900805979967117,TRACKING,True,1
97208274035285,0.002056433993857354,0.06932847982079775,-0.00017858488977579885,0.0002533234350318695,0.06895305211355543,0.0,0.0,0.0003099440655205399,0.06932847946882248,TRACKING,True,1
97208276107004,0.0020713499980047345,0.06922662809186624,-0.00023075447873855597,-4.938762501321086e-05,0.068994486493526,0.0,0.0,0.0002359804348088801,0.06922663003206253,TRACKING,True,1
97208278179310,0.0020722300105262548,0.06903567104798257,-0.0001283515920609325,1.4115605517607263e-05,0.06903593261349657,0.0,0.0,0.00012912544480059296,0.06903567165136337,TRACKING,True,1
97208280251312,0.0020720569882541895,0.06910313735701766,0.00014796812727447265,-0.00011505492765429031,0.06907737265346714,0.0,0.0,0.00018743585678748786,0.06910313665866852,TRACKING,True,1
97208282326744,0.0020760930055985227,0.06890956587522974,-0.00011739345485974336,-2.7571581518639067e-06,0.06911888129343766,0.0,0.0,0.00011742582864826545,0.06890956312417984,TRACKING,True,1
97208284400487,0.0020728300005430356,0.06892984420646682,-0.0003719452168889891,0.00016453499320733385,0.0691603561534082,0.0,0.0,0.0004067124391440302,0.06892984360456467,TRACKING,True,1
97208286482757,0.0020829290006076917,0.06930651901885684,-0.00020619587761112657,0.00022126643913463303,0.06920200155337862,0.0,0.0,0.00030244930530898273,0.06930652260780334,TRACKING,True,1
97208288549172,0.002065826003672555,0.06906022463045228,-0.0003865397953373164,0.00017120723658463192,0.06924332985334927,0.0,0.0,0.0004227587196510285,0.06906022131443024,TRACKING,True,1
97208290633602,0.0020849989959970117,0.06920588193191632,-0.0002827258551413888,5.790198759875644e-05,0.06928501845331966,0.0,0.0,0.00028859407757408917,0.0692058801651001,TRACKING,True,1
97208292720747,0.002087293003569357,0.069163621679792,7.790601936194606e-05,-0.0001168468530072687,0.06932676135329001,0.0,0.0,0.00014043693954590708,0.06916362047195435,TRACKING,True,1
97208294797152,0.0020757180027430877,0.06924041957669566,0.00023678372382385682,-0.00025840141242098854,0.06936828945326053,0.0,0.0,0.0003504822961986065,0.06924042105674744,TRACKING,True,1
97208296879561,0.00208316498901695,0.0693545052235584,0.0001313591700519842,-5.477828094374468e-05,0.06940993763323094,0.0,0.0,0.00014232318790163845,0.06935450434684753,TRACKING,True,1
97208298963350,0.0020837250049225986,0.06897714324281212,3.096573156094641e-05,-0.00017636889881944242,0.06945161341320134,0.0,0.0,0.0001790666428860277,0.06897713989019394,TRACKING,True,1
97208301035568,0.002094412993756123,0.06938559360861897,9.836520003844623e-06,-0.00021437842923527752,0.06949305777317191,0.0,0.0,0.00021460397692862898,0.0693855956196785,TRACKING,True,1
97208303144409,0.002086762004182674,0.06962593278464618,0.00012132988159473497,4.520705323573956e-05,0.06953523459314195,0.0,0.0,0.0001294782559853047,0.06962593644857407,TRACKING,True,1
97208305215754,0.0020706159994006157,0.06983049994607136,0.00021621061995415704,-7.38668298001224e-05,0.06957666149311253,0.0,0.0,0.00022848050866741687,0.0698304995894432,TRACKING,True,1
97208307285442,0.0020696739957202226,0.0698354436108708,0.0001920647113148076,1.7543387693611445e-05,0.06961805525308314,0.0,0.0,0.00019286425958853215,0.06983544677495956,TRACKING,True,1
97208309397200,0.002113174006808549,0.06986093734047386,0.00013991659789351182,-6.398395224946083e-05,0.06966029041305313,0.0,0.0,0.00015385252481792122,0.06986093521118164,TRACKING,True,1
97208311495863,0.0020989890035707504,0.069818616185567,-8.6652176773164e-05,-0.00020245768137997075,0.06970226367302333,0.0,0.0,0.00022022196208126843,0.06981861591339111,TRACKING,True,1
97208313567798,0.0020703969930764288,0.06994930430583132,-0.00011305317091519902,-0.00011333814902337587,0.0697437023729939,0.0,0.0,0.00016008295642677695,0.06994930654764175,TRACKING,True,1
97208315630772,0.002062801009742543,0.06982105058096659,-0.00036602720582848403,-0.00014481435856135617,0.0697849618529646,0.0,0.0,0.000393633235944435,0.06982105225324631,TRACKING,True,1
97208317720102,0.002090448993840255,0.07014085453349388,-0.00025358444522456143,-0.00021553500417081467,0.06982674845293492,0.0,0.0,0.0003328068705741316,0.07014085352420807,TRACKING,True,1
97208319815801,0.0020960840047337115,0.07019530089916445,-0.000249845672495522,-0.00024860505301362994,0.06986866243290515,0.0,0.0,0.0003524589992593974,0.07019530236721039,TRACKING,True,1
97208321896656,0.002079762998619117,0.06983942290330543,-0.00046900987500455497,-8.490466192423858e-05,0.0699102795328756,0.0,0.0,0.0004766330530401319,0.06983942538499832,TRACKING,True,1
97208323980884,0.0020841980003751814,0.06993176604938602,-0.0002943353813004007,6.97639725234528e-05,0.06995196409284599,0.0,0.0,0.0003024902252946049,0.0699317678809166,TRACKING,True,1
97208326023227,0.0020433500030776486,0.06989830728578093,-0.00018568564814818226,-0.00011147720665757817,0.06999281095281698,0.0,0.0,0.0002165786863770336,0.06989830732345581,TRACKING,True,1
97208328101560,0.002077170996926725,0.0698193580584171,-0.0002540748663224721,0.00010206952691119237,0.07003437761278745,0.0,0.0,0.0002738105831667781,0.0698193609714508,TRACKING,True,1
97208330173094,0.0020716080034617335,0.0700653938138667,-0.0003444395770479729,7.837419219786977e-06,0.07007580829275803,0.0,0.0,0.0003445287293288857,0.07006539404392242,TRACKING,True,1
97208332246920,0.0020737679878948256,0.07013262907555073,-0.000366282867515542,0.00012605459912264113,0.07011728481272858,0.0,0.0,0.00038736662827432156,0.07013262808322906,TRACKING,True,1
97208334354993,0.0021084030013298616,0.070027918087,-0.0002958620976991186,2.013081247366895e-05,0.07015944627269863,0.0,0.0,0.000296546146273613,0.0700279176235199,TRACKING,True,1
97208336460719,0.0021059319988125935,0.06978501367110869,-0.0005053674844141623,-0.00014288625420168433,0.07020156079266872,0.0,0.0,0.0005251787952147424,0.06978501379489899,TRACKING,True,1
97208338569381,0.002108740998664871,0.07018910501895788,-0.0002206184315255662,-1.1346789781449545e-05,0.07024373403263877,0.0,0.0,0.00022091003484092653,0.07018910348415375,TRACKING,True,1
97208340688262,0.002118439006153494,0.07013800742520618,-0.00022651298825005783,-1.3329577800697425e-07,0.07028611165260867,0.0,0.0,0.00022651303152088076,0.07013800740242004,TRACKING,True,1
97208342783862,0.0020963809947716072,0.07028097411775472,-0.0004197635724281502,-0.00012891177199665462,0.07032802365257891,0.0,0.0,0.0004391124239191413,0.07028097659349442,TRACKING,True,1
97208344877471,0.002093490998959169,0.07020109708323104,-3.472654835626638e-05,-0.00018184657971325304,0.07036989583254917,0.0,0.0,0.00018513268150854856,0.0702010989189148,TRACKING,True,1
97208346972303,0.002095098010613583,0.07015575025646567,0.00012297055699033439,-0.00019732131281319004,0.07041179247251941,0.0,0.0,0.00023250258527696133,0.07015574723482132,TRACKING,True,1
97208349035924,0.0020629619975807145,0.07045564076807666,-9.619949171016693e-05,0.0002105117733096627,0.0704530648924901,0.0,0.0,0.00023145096201915294,0.0704556405544281,TRACKING,True,1
97208351108875,0.002072436996968463,0.07048067521797809,-3.83215660819977e-05,9.061955974256333e-05,0.07049452391246067,0.0,0.0,9.838926052907482e-05,0.07048067450523376,TRACKING,True,1
97208353180202,0.002071367998723872,0.0705178243847868,-2.259666544094429e-05,-2.7570867850486172e-06,0.07053595045243123,0.0,0.0,2.276424493175e-05,0.07051782310009003,TRACKING,True,1
97208355251166,0.0020708280062535778,0.0707880297149826,-0.0004213344120575682,-0.00022141232975858357,0.07057736973240182,0.0,0.0,0.00047596858348697424,0.07078803330659866,TRACKING,True,1
97208357332362,0.0020816489995922893,0.07068601183673141,-0.00029581249627836026,0.00011528995929380078,0.07061899365237226,0.0,0.0,0.0003174851299263537,0.07068601250648499,TRACKING,True,1
97208359416900,0.0020846109982812777,0.07080204283733797,-0.00019149480788012243,-7.191145159180799e-05,0.07066068441234265,0.0,0.0,0.0002045519941020757,0.07080204039812088,TRACKING,True,1
97208361502842,0.0020860329968854785,0.07114530007812638,3.214432256667756e-05,0.00041111401645294455,0.07070240325231301,0.0,0.0,0.0004123687685932964,0.07114530354738235,TRACKING,True,1
97208363588497,0.0020855629991274327,0.0707596862826991,0.000329250005376217,0.00024490190085139723,0.07074411635228339,0.0,0.0,0.0004103443643543869,0.07075968384742737,TRACKING,True,1
97208365682555,0.002094116003718227,0.07064212715269418,0.0002334938681423856,0.00017773325385133374,0.07078599751225365,0.0,0.0,0.00029344248468987644,0.0706421285867691,TRACKING,True,1
97208367766917,0.0020844969985773787,0.07067889789778702,-0.00011157028425283467,5.059763695321084e-05,0.07082768475222405,0.0,0.0,0.00012250735017005354,0.07067889720201492,TRACKING,True,1
97208369838855,0.0020712849945994094,0.07054303007250605,-5.621524463546695e-05,-0.00021299600574890343,0.07086912351219461,0.0,0.0,0.00022028946841601282,0.07054302841424942,TRACKING,True,1
97208371923752,0.0020853790047112852,0.07074083648805772,-0.000110921680620921,3.423097758246943e-05,0.070910821452165,0.0,0.0,0.00011608350177993998,0.07074083387851715,TRACKING,True,1
97208373997043,0.002073226001812145,0.07070154708129406,-0.00031600703062053734,-0.00023226001324810807,0.07095228727213555,0.0,0.0,0.0003921800234820694,0.07070154696702957,TRACKING,True,1
97208376033902,0.002036824997048825,0.07087931038546906,0.0005040173210112801,-0.00039933593508087787,0.07099302445210662,0.0,0.0,0.0006430417415685952,0.07087931036949158,TRACKING,True,1
97208378104445,0.002070071001071483,0.07084737723769288,0.0005979450904338737,-0.00014164628945774065,0.0710344353120772,0.0,0.0,0.0006144932704046369,0.07084737718105316,TRACKING,True,1
97208380174309,0.002069862006464973,0.0711818770361538,0.0004352312325792044,-7.757540719865991e-06,0.0710758325920478,0.0,0.0,0.0004353003459982574,0.07118187844753265,TRACKING,True,1
97208382244969,0.0020707399962702766,0.07119099128656918,7.441897819566122e-05,2.8054685062313276e-05,0.07111724579201839,0.0,0.0,7.953143358463421e-05,0.07119099050760269,TRACKING,True,1
97208384316433,0.002071415990940295,0.07102618014522148,0.0001547546652247954,-0.00047869286110070687,0.07115867507198897,0.0,0.0,0.0005030863103456795,0.07102618366479874,TRACKING,True,1
97208386400597,0.0020847300038440153,0.07073493919902699,6.41063168893523e-05,-0.00030066137163863146,0.07120035835195937,0.0,0.0,0.0003074197156820446,0.07073494046926498,TRACKING,True,1
97208388485156,0.002084255000227131,0.0712648602330311,-0.00011848390362906164,-9.271544105674139e-05,0.07124204953192977,0.0,0.0,0.0001504479587310925,0.07126486301422119,TRACKING,True,1
97208390569642,0.0020846910047112033,0.07096037195007843,0.00033652991731887013,-0.0005438544097703224,0.07128373925190015,0.0,0.0,0.0006395545788109303,0.07096037268638611,TRACKING,True,1
97208392655564,0.0020859939977526665,0.07137404745441692,0.00013236679343311855,-0.0006949715124877228,0.07132545769187053,0.0,0.0,0.0007074647583067417,0.07137404382228851,TRACKING,True,1
97208394746274,0.0020913269981974736,0.07127668763068078,0.00022242025077570058,-0.0004942883101712347,0.07136727189184082,0.0,0.0,0.0005420256056822836,0.07127668708562851,TRACKING,True,1
97208396835442,0.0020886669954052195,0.07117654351868323,0.00015059722532095898,-0.00034294640606131636,0.07140905525181115,0.0,0.0,0.00037455541314557195,0.07117654383182526,TRACKING,True,1
97208398899235,0.0020629490027204156,0.07144166759277325,0.00019432191121692338,-0.0003308576970182297,0.07145033111178184,0.0,0.0,0.0003837027761619538,0.0714416652917862,TRACKING,True,1
97208400983113,0.0020845600083703175,0.07132174686641377,0.00010591935466671112,-0.0002671253634919697,0.07149200867175223,0.0,0.0,0.0002873584453482181,0.0713217481970787,TRACKING,True,1
97208403044686,0.0020615269895642996,0.07144539486253847,-0.00014392880401560077,-0.00017609100502179826,0.07153324013172295,0.0,0.0,0.00022742809960618615,0.07144539803266525,TRACKING,True,1
97208405243904,0.0021998620068188757,0.0713451110520362,-1.8190627440192535e-05,-9.20335158906151e-05,0.07157722449169171,0.0,0.0,9.381400013808161e-05,0.07134511321783066,TRACKING,True,1
97208407334115,0.0021194510045461357,0.07139883034690997,-0.00032292990712639663,0.00011640854663335871,0.07161902871166202,0.0,0.0,0.0003432705416344106,0.07139883190393448,TRACKING,True,1
97208409457156,0.0020931629987899214,0.07133981581490584,-0.0003202797923220671,3.22899648000493e-05,0.07166148953163187,0.0,0.0,0.00032190338242799044,0.07133981585502625,TRACKING,True,1
97208411587444,0.002130252993083559,0.07154443039791733,-0.00033052614919645325,-0.00010005921002537216,0.07170409529160161,0.0,0.0,0.00034533950383774936,0.07154443114995956,TRACKING,True,1
97208413694319,0.0021065720065962523,0.07136065817704927,-5.0538462187203206e-05,-0.00017904400263304862,0.07174623279157168,0.0,0.0,0.0001860400225268677,0.07136065512895584,TRACKING,True,1
97208415819687,0.002125551996869035,0.07143093314001675,-0.00043303852803770705,-0.0002468495390904159,0.07178874015154149,0.0,0.0,0.000498454668559134,0.07143093645572662,TRACKING,True,1
97208417915350,0.0020964459981769323,0.07173409020634694,-0.00011311752837793866,-0.00037048316630834227,0.07183065341151172,0.0,0.0,0.0003873672103509307,0.07173409312963486,TRACKING,True,1
97208420023663,0.002107134001562372,0.07179660473012492,1.587561436050021e-05,-0.0005189894714208184,0.07187281967148178,0.0,0.0,0.0005192321841605008,0.07179660350084305,TRACKING,True,1
97208422092196,0.0020685589988715947,0.07177338180161537,0.00011316415921601058,-0.0001595788096176765,0.0719141903314524,0.0,0.0,0.00019563108799047768,0.07177338004112244,TRACKING,True,1
97208424165583,0.002073412004392594,0.07158175106024271,-0.00015004504511841586,8.286273925768752e-05,0.07195565807142294,0.0,0.0,0.00017140521958936006,0.07158175110816956,TRACKING,True,1
97208426227437,0.002061737992335111,0.07166130133768447,-5.542175788547147e-05,-0.00017999751275575506,0.07199689515139367,0.0,0.0,0.00018833660578820854,0.07166130095720291,TRACKING,True,1
97208428289951,0.0020625690085580572,0.07200971029735656,1.0606350693264813e-05,0.00011502996119404951,0.07203814543136436,0.0,0.0,0.00011551790521480143,0.07200971245765686,TRACKING,True,1
97208430354068,0.0020641229930333793,0.0718682967249587,-0.00011577311324105347,-0.00017011480526614328,0.07207942777133504,0.0,0.0,0.00020577284158207476,0.07186830043792725,TRACKING,True,1
97208432418128,0.0020639700087485835,0.07173874700036405,-0.0003401803523723797,-0.00010695899552261268,0.07212070897130572,0.0,0.0,0.00035659907734952867,0.07173874974250793,TRACKING,True,1
97208434566175,0.002148664993001148,0.07172148728427621,-0.00025656202638568113,-0.00022899227094877637,0.07216366991127522,0.0,0.0,0.00034389173379167914,0.07172148674726486,TRACKING,True,1
97208436680932,0.0021144810016267,0.07194973463550107,-5.246650627444767e-05,-3.9175375362791295e-05,0.07220596505124517,0.0,0.0,6.54785762890242e-05,0.07194973528385162,TRACKING,True,1
97208438769141,0.0020884349942207336,0.07220352090686884,-9.587210905800688e-05,6.5551984688879e-05,0.07224772923121552,0.0,0.0,0.00011614010145422071,0.07220352441072464,TRACKING,True,1
97208440866557,0.0020982150017516688,0.07217834805232813,-0.0002442183136587127,-0.00021732776270791125,0.07228967755118572,0.0,0.0,0.0003269157896284014,0.07217834889888763,TRACKING,True,1
97208443085719,0.002218567009549588,0.07221758763728439,-0.00014292591107673005,0.00012121633685618455,0.0723340607911542,0.0,0.0,0.00018740656378213316,0.07221759110689163,TRACKING,True,1
97208445175877,0.002089919988065958,0.07218224640882352,0.00014068294400436203,-0.00023498153685001683,0.07237586395112451,0.0,0.0,0.000273875892162323,0.07218224555253983,TRACKING,True,1
97208447279312,0.002103538005030714,0.07224647047321842,0.0004820747281211675,-0.00024086505902413158,0.07241793265109464,0.0,0.0,0.0005388989229686558,0.07224646955728531,TRACKING,True,1
97208449384024,0.0021047119953436777,0.07215929581099818,9.709899309074765e-05,0.00021953055418352373,0.07246002689106475,0.0,0.0,0.00024004557053558528,0.0721592977643013,TRACKING,True,1
97208451485531,0.0021023560111643746,0.07250718502859468,-6.421259868705258e-05,3.244993086808369e-05,0.07250205703103489,0.0,0.0,7.19461968401447e-05,0.07250718772411346,TRACKING,True,1
97208453556807,0.002070049988105893,0.07207373771570967,-9.958014133759364e-05,0.0002755272837205338,0.07254348255100547,0.0,0.0,0.0002929701004177332,0.07207373529672623,TRACKING,True,1
97208455657646,0.002101523001329042,0.07191118952886898,0.0001063851926594627,0.00026568854689693543,0.07258549933097563,0.0,0.0,0.00028619609656743705,0.07191118597984314,TRACKING,True,1
97208457745524,0.0020879270014120266,0.0724568343395087,-5.033470222169858e-05,0.0001974853911057562,0.07262725689094597,0.0,0.0,0.00020379907800816,0.07245683670043945,TRACKING,True,1
97208459819931,0.0020737419981742278,0.07278475464048112,3.6990725928768306e-05,0.00023620557133699157,0.07266874503091651,0.0,0.0,0.00023908447474241257,0.07278475165367126,TRACKING,True,1
97208461907610,0.002088093009660952,0.07271061121548,-2.6753014839188464e-05,2.9084365489695957e-05,0.07271049861088685,0.0,0.0,3.951738835894503e-05,0.07271061092615128,TRACKING,True,1
97208463996075,0.0020884969999315217,0.07275706169331123,-2.7666762597196504e-05,-4.376435036514396e-05,0.07275226791085719,0.0,0.0,5.177613638807088e-05,0.0727570652961731,TRACKING,True,1
97208466048968,0.002052903000731021,0.07239532965998219,-0.0002897483743175778,-5.6987991820306645e-05,0.07279332577082803,0.0,0.0,0.0002952993963845074,0.07239533215761185,TRACKING,True,1
97208468117403,0.0020677059947047383,0.07277463372142841,-0.00036226734134066563,-0.00014840863292127344,0.07283469447079864,0.0,0.0,0.00039148787618614733,0.07277463376522064,TRACKING,True,1
97208470187751,0.00207038399821613,0.07281412474074117,-7.389952166211199e-05,0.00018931954091843227,0.07287610143076924,0.0,0.0,0.00020323146600276232,0.07281412184238434,TRACKING,True,1
97208472260590,0.0020728620002046227,0.0729129203789689,-6.219871885652642e-05,-3.839313925846333e-05,0.0729175582107398,0.0,0.0,7.309387001441792e-05,0.07291292399168015,TRACKING,True,1
97208474331980,0.002071563998470083,0.0730114131602573,-0.0001084892689642649,-1.2784402586931265e-05,0.07295898601071038,0.0,0.0,0.00010923993249889463,0.07301141321659088,TRACKING,True,1
97208476418127,0.002086658001644537,0.07285857766074581,0.00011064055691638101,-9.742401268013012e-05,0.07300070895068074,0.0,0.0,0.0001474203891120851,0.07285857945680618,TRACKING,True,1
97208478491803,0.002073230003588833,0.07265804846130881,4.8409279891212505e-05,-0.00027884604231401516,0.07304218247065129,0.0,0.0,0.0002830169105436653,0.07265804708003998,TRACKING,True,1
97208480579507,0.002088023000396788,0.07291875828236868,0.00025474871428555237,-9.603702900947238e-05,0.07308393655062163,0.0,0.0,0.0002722499193623662,0.07291875779628754,TRACKING,True,1
97208482666184,0.002086578999296762,0.07297699166925462,-1.6933567702168703e-06,-0.00016417840593386423,0.073125670090592,0.0,0.0,0.00016418713494203985,0.0729769915342331,TRACKING,True,1
97208484739054,0.002072488990961574,0.0734420541779159,0.00017627620450567767,-0.00030180512562589374,0.07316712749056255,0.0,0.0,0.0003495134296827018,0.07344205677509308,TRACKING,True,1
97208486826140,0.0020878370123682544,0.07320267471390067,0.00016844947013279897,-0.00018749807506156837,0.0732088692105329,0.0,0.0,0.0002520530833862722,0.07320267707109451,TRACKING,True,1
97208488898318,0.0020714009879156947,0.07325617348177756,0.0002095958397730756,-0.00032413139461303167,0.07325031277050346,0.0,0.0,0.00038599426625296474,0.07325617223978043,TRACKING,True,1
97208490986642,0.0020890290034003556,0.0731427220552044,0.0003081159993063425,-0.00015794688726094934,0.0732920792504738,0.0,0.0,0.0003462407912593335,0.07314272224903107,TRACKING,True,1
97208493037415,0.002050581999355927,0.07318668670746567,0.00017411037738393164,8.8135256436415e-06,0.07333309471044468,0.0,0.0,0.00017433331231586635,0.07318668812513351,TRACKING,True,1
97208495106130,0.002068128000246361,0.07333023024371099,-1.4634300075496104e-05,-0.00020922939655966083,0.07337446901041529,0.0,0.0,0.00020974056678824127,0.07333023101091385,TRACKING,True,1
97208497175912,0.002069840003969148,0.07352628484678503,-0.00023302996277594411,0.00022852974323527312,0.0734158646503859,0.0,0.0,0.00032638749689795077,0.0735262855887413,TRACKING,True,1
97208499245472,0.0020696319988928735,0.07331700683927038,-0.00026524918132697216,0.0003375209853930187,0.07345725585035649,0.0,0.0,0.0004292755911592394,0.07331700623035431,TRACKING,True,1
97208501343996,0.0020996359962737188,0.07366558018311785,-0.00016198274789289228,-0.000266836511850384,0.07349922633032668,0.0,0.0,0.0003121540357824415,0.07366558164358139,TRACKING,True,1
97208503457389,0.002112985006533563,0.07362211129125874,-0.0004846717340717658,-0.0002659825610454725,0.07354149419029667,0.0,0.0,0.0005528592737391591,0.07362211495637894,TRACKING,True,1
97208505555100,0.002098190991091542,0.07378403020330981,-0.00017245192472768473,-0.0001519684522089742,0.07358344841026687,0.0,0.0,0.00022985665418673307,0.07378403097391129,TRACKING,True,1
97208507643490,0.0020881260134046897,0.07379523810958857,-2.2016153756315704e-06,-0.0001720584418572499,0.07362521621023721,0.0,0.0,0.00017207252676598728,0.07379523664712906,TRACKING,True,1
97208509735404,0.002091641988954507,0.07370579971279287,0.00021193001415358576,-2.66368991852215e-05,0.0736670544902075,0.0,0.0,0.00021359742095228285,0.07370579987764359,TRACKING,True,1
97208511809455,0.002073465002467856,0.07394850496084443,0.00020559079588402894,4.9453036029006326e-05,0.07370853551017803,0.0,0.0,0.00021145491336937994,0.07394850254058838,TRACKING,True,1
97208513897595,0.0021156570001039654,0.07405097956339612,0.0002577352136821482,0.00033701804640520386,0.07375029831014837,0.0,0.0,0.00042427421431057155,0.07405097782611847,TRACKING,True,1
97208516030623,0.00210567400790751,0.07409032145780925,7.821242707350428e-05,0.00014314220583390972,0.07379295887011808,0.0,0.0,0.00016311612853314728,0.07409032434225082,TRACKING,True,1
97208518149605,0.0021195169974816963,0.07385355213409667,8.883713908570643e-05,-3.692597597446123e-05,0.07383533851008799,0.0,0.0,9.620584023650736e-05,0.07385355234146118,TRACKING,True,1
97208520243282,0.002093249000608921,0.07365169011231482,0.00017037939829085637,0.00023914121814619136,0.07387721205005825,0.0,0.0,0.0002936284290626645,0.07365169376134872,TRACKING,True,1
97208522326020,0.0020825980027439073,0.07348481988233511,0.00028046325399821894,0.00018938121462255738,0.07391886681002866,0.0,0.0,0.0003384152369108051,0.07348482310771942,TRACKING,True,1
97208524404598,0.0020784119988093153,0.07349557844022478,5.325004362903652e-05,8.431879689985526e-05,0.07396043836999913,0.0,0.0,9.972575935535133e-05,0.07349558174610138,TRACKING,True,1
97208526518604,0.0021139640011824667,0.07411407677831978,7.41289724633285e-05,0.00033584161852584304,0.0740027184899691,0.0,0.0,0.00034392543602734804,0.07411407679319382,TRACKING,True,1
97208528641991,0.0021235999884083867,0.07400620963299301,0.00023577677121851143,0.0003585112711769249,0.07404518622993894,0.0,0.0,0.0004290932265575975,0.07400620728731155,TRACKING,True,1
97208530836661,0.002194828004576266,0.07393956896592137,4.488167991304495e-05,0.0003156423099757029,0.07408907962990777,0.0,0.0,0.00031881724135018885,0.07393956929445267,TRACKING,True,1
97208533060567,0.0022244029969442636,0.07375000784376967,2.159094972896615e-05,-3.27696153365483e-05,0.07413355774987618,0.0,0.0,3.924304837710224e-05,0.07375000417232513,TRACKING,True,1
97208535163750,0.0021030570060247555,0.07392805290840093,8.802983836459272e-05,0.0001010149257075178,0.0741756214098463,0.0,0.0,0.00013398981536738575,0.07392805069684982,TRACKING,True,1
97208537270271,0.0021064629981992766,0.07412851666621745,2.0668116551953445e-05,-3.374798767902921e-05,0.07421775182981638,0.0,0.0,3.957395165343769e-05,0.07412851601839066,TRACKING,True,1
97208539365987,0.002096185999107547,0.07404755602922267,-9.79008623510012e-05,-0.00010053662615983652,0.07425966614978662,0.0,0.0,0.00014032887702342123,0.07404755800962448,TRACKING,True,1
97208541472584,0.0021063299936940894,0.074070806000855,-3.326300513161228e-05,-0.00018887481991993328,0.07430179808975669,0.0,0.0,0.00019178145157638937,0.07407080382108688,TRACKING,True,1
97208543570198,0.0020976480009267107,0.07390827044946226,9.695019250707075e-05,-0.0002593475363293084,0.0743437503697269,0.0,0.0,0.00027687629335559905,0.07390826940536499,TRACKING,True,1
97208545691197,0.002120419012499042,0.07380440678190774,-0.00010655709851880084,-0.0002312549981204945,0.07438617034969677,0.0,0.0,0.0002546238247305155,0.07380440831184387,TRACKING,True,1
97208547788154,0.0020975869992980734,0.07401211120993484,-3.418502216375557e-05,0.0001928307455362239,0.074428109489667,0.0,0.0,0.00019583746325224638,0.07401210814714432,TRACKING,True,1
97208549880071,0.0020913179905619472,0.07396386498253375,0.0002633939656679771,0.00015062310334211927,0.07446994782963727,0.0,0.0,0.00030342000536620617,0.07396386563777924,TRACKING,True,1
97208551966794,0.0020868840074399486,0.07412699230783801,-0.00023751792753014104,4.138026413036172e-05,0.07451168228960764,0.0,0.0,0.000241095622186549,0.07412698864936829,TRACKING,True,1
97208554037172,0.002070367001579143,0.07442069034199607,-0.000345521923654616,-0.0002518355517997154,0.07455308984957823,0.0,0.0,0.00042755884351208806,0.07442069053649902,TRACKING,True,1
97208556109286,0.002071497990982607,0.07427126996656849,-0.00019524861442319846,-0.0001594247380951123,0.0745945321295488,0.0,0.0,0.00025206798454746604,0.07427126914262772,TRACKING,True,1
97208558182204,0.0020731170079670846,0.07471181281808127,-0.00021670383467262515,3.747199586026404e-05,0.07463599048951935,0.0,0.0,0.00021991976245772094,0.07471181452274323,TRACKING,True,1
97208560260832,0.0020785699889529496,0.0745022835636588,-0.0001842923679741795,0.0002162913623284835,0.07467756304948982,0.0,0.0,0.0002841577515937388,0.07450228184461594,TRACKING,True,1
97208562330675,0.0020697700092568994,0.07455021658730747,-2.9277808523841544e-05,-9.562256227996032e-05,0.07471895990946043,0.0,0.0,0.00010000432666856796,0.07455021888017654,TRACKING,True,1
97208564401304,0.0020705799979623407,0.07447834312706761,-0.0001222462430849332,-0.0002706156500370658,0.07476037248943102,0.0,0.0,0.0002969460911117494,0.07447834312915802,TRACKING,True,1
97208566472828,0.002071540991892107,0.07453247204230025,0.0001798673325467952,-0.00022060231148615956,0.07480180296940159,0.0,0.0,0.0002846359566319734,0.07453247159719467,TRACKING,True,1
97208568558415,0.002086332009639591,0.07471162951554818,0.0003926973060930278,-0.00014157255846809828,0.07484351470937196,0.0,0.0,0.0004174373752903193,0.0747116282582283,TRACKING,True,1
97208570630096,0.002070934002404101,0.0747703175178938,0.00016058660671110315,0.00010686449436284875,0.07488494832934253,0.0,0.0,0.00019289396004751325,0.07477031648159027,TRACKING,True,1
97208572715233,0.0020856259943684563,0.07501441813474198,0.0004697813180129491,0.0004387016456533512,0.07492665106931291,0.0,0.0,0.0006427702610380948,0.07501441985368729,TRACKING,True,1
97208574800521,0.002085158004774712,0.07475427872156354,0.0004379504524233602,0.0006614193822140193,0.0749683568292833,0.0,0.0,0.0007932692533358932,0.0747542753815651,TRACKING,True,1
97208576870707,0.002069800000754185,0.07493059271125646,0.00031139042725796554,0.0002185610686444065,0.07500976054925389,0.0,0.0,0.0003804378502536565,0.0749305933713913,TRACKING,True,1
97208578954873,0.0020844219980062917,0.07520854355259844,1.953044539375955e-05,0.00017365820053990164,0.07505144386922429,0.0,0.0,0.00017475300410296768,0.07520854473114014,TRACKING,True,1
97208581034318,0.0020799749909201637,0.07513635371184679,9.814677523323104e-05,3.585859547358057e-05,0.07509303276919475,0.0,0.0,0.00010449223918840289,0.07513635605573654,TRACKING,True,1
97208583107541,0.0020724810019601136,0.07508948096605549,0.0002517697406946175,1.883613687993211e-05,0.0751344972291653,0.0,0.0,0.0002524733426980674,0.0750894844532013,TRACKING,True,1
97208585179691,0.002072237999527715,0.07531466526277415,4.417807476299221e-05,0.00028201148791535675,0.07517594022913587,0.0,0.0,0.00028545083478093147,0.07531466335058212,TRACKING,True,1
97208587251696,0.0020719890017062426,0.07540450849966773,0.00025199404658213427,0.00032377902795328525,0.07521738032910644,0.0,0.0,0.000410285108955577,0.07540450990200043,TRACKING,True,1
97208589327133,0.002075694006634876,0.07509905321865104,-0.00029936566904783054,0.0004014515393347531,0.07525888906907696,0.0,0.0,0.0005007825093343854,0.07509905099868774,TRACKING,True,1
97208591411460,0.002084375999402255,0.07511408156856506,-0.0002630491102640197,0.00010875978843153853,0.07530057560904735,0.0,0.0,0.000284646317595616,0.07511407881975174,TRACKING,True,1
97208593496792,0.002085435000481084,0.0751244588504689,-0.00011318753828209725,0.000230679619404369,0.07534228224901773,0.0,0.0,0.0002569523348938674,0.07512445747852325,TRACKING,True,1
97208595594441,0.002097848991979845,0.07519326475434156,-0.0004654642487249284,0.00025591037128844387,0.07538423522898793,0.0,0.0,0.0005311751738190651,0.07519326359033585,TRACKING,True,1
97208597665172,0.002070110000204295,0.075357869483321,-0.0004092260977677335,-6.892215979877633e-05,0.07542564984895853,0.0,0.0,0.0004149894812144339,0.07535786926746368,TRACKING,True,1
97208599750856,0.0020860299991909415,0.07518336952422476,-3.70872066947254e-05,-0.00015510780043336822,0.0754673635289289,0.0,0.0,0.0001594800705788657,0.07518336921930313,TRACKING,True,1
97208601836138,0.0020854410104220733,0.07554425900473818,-6.869853530115933e-05,5.8484457852125006e-05,0.07550906916889928,0.0,0.0,9.022151061799377e-05,0.07554426044225693,TRACKING,True,1
97208603921791,0.0020856389892287552,0.07540706801155073,-0.00027189866119229966,1.1005562624387936e-06,0.07555078222886966,0.0,0.0,0.0002719008771236986,0.07540706545114517,TRACKING,True,1
97208606019400,0.0020969540055375546,0.07518781979474738,-0.00041634813754567757,8.466448178540605e-05,0.07559273440883986,0.0,0.0,0.000424869213020429,0.0751878172159195,TRACKING,True,1
97208608082268,0.002062785002635792,0.07565645913771493,-0.00023500842966006839,-0.0002436113151504946,0.07563399176881055,0.0,0.0,0.0003384899173397571,0.075656458735466,TRACKING,True,1
97208610147248,0.002065038002911024,0.07550521988365816,-0.00011915941684685765,-0.0001821847955544832,0.07567529136878123,0.0,0.0,0.0002176930574933067,0.07550521939992905,TRACKING,True,1
97208612217994,0.0020709579985123128,0.07604031249484021,0.00026412771982460835,-0.00017063605379032224,0.07571670628875181,0.0,0.0,0.0003144520742353052,0.07604031264781952,TRACKING,True,1
97208614289490,0.002071488997898996,0.07634497843894636,-1.8851118607093073e-06,-0.0002804554125363036,0.07575813620872239,0.0,0.0,0.0002804617688525468,0.07634498178958893,TRACKING,True,1
97208616374951,0.0020859409996774048,0.0764358110034398,-0.0001897279792150757,-0.0002806746866984777,0.07579984542869277,0.0,0.0,0.00033878456451930106,0.07643581181764603,TRACKING,True,1
97208618459839,0.002084905994706787,0.07653993604295145,-0.00019580014769631445,6.699460370456352e-05,0.07584154318866315,0.0,0.0,0.00020694438717328012,0.07653993368148804,TRACKING,True,1
97208620537080,0.0020986849995097145,0.07646134620033812,-0.00020063803821203472,0.00016098605107572666,0.07588308800863365,0.0,0.0,0.00025723944418132305,0.07646134495735168,TRACKING,True,1
97208622644512,0.002086039006826468,0.07650229664642466,2.2851113852029233e-05,-4.710760933965936e-05,0.07592523664860372,0.0,0.0,5.2357427193783224e-05,0.07650229334831238,TRACKING,True,1
97208624729826,0.00208514099358581,0.07651059571005836,-0.00040739895702166906,-8.571242026869277e-05,0.07596694292857409,0.0,0.0,0.0004163178091403097,0.07651059329509735,TRACKING,True,1
97208626800588,0.0020704180060420185,0.0763667389391299,-9.095508244851344e-05,0.0001936089522006662,0.07600835816854468,0.0,0.0,0.00021390945767052472,0.07636673748493195,TRACKING,True,1
97208628871743,0.0020711289980681613,0.07603562447426226,-0.00016057546496574412,9.969995797360066e-05,0.07604978126851526,0.0,0.0,0.00018900941358879209,0.07603562623262405,TRACKING,True,1
97208630956060,0.0020851300068898126,0.07599473306539588,-3.771841454806735e-05,0.00017852759596278422,0.07609146760848566,0.0,0.0,0.00018246857507620007,0.07599472999572754,TRACKING,True,1
97208633032401,0.0020761619962286204,0.07619309884074252,-8.846669304356244e-05,0.0006914263407661643,0.07613299442845617,0.0,0.0,0.0006970629328861833,0.07619310170412064,TRACKING,True,1
97208635096686,0.002063569991150871,0.07600141655425587,-9.510654249827237e-05,0.0007251269091505939,0.07617428012842684,0.0,0.0,0.0007313373498618603,0.07600141316652298,TRACKING,True,1
97208637158538,0.002061667008092627,0.07625440285835584,8.350073696133115e-05,0.0006965882126357294,0.07621551716839756,0.0,0.0,0.0007015750161372125,0.07625440508127213,TRACKING,True,1
97208639221816,0.0020633879903471097,0.07625155219145363,7.657698928399272e-05,0.000656257263503954,0.07625678272836825,0.0,0.0,0.0006607099785469472,0.0762515515089035,TRACKING,True,1
97208641287372,0.002065489999949932,0.07659464105929426,-0.00017711615200259557,0.00033358407249120824,0.07629809384833891,0.0,0.0,0.0003776883240789175,0.07659464329481125,TRACKING,True,1
97208643352838,0.0020655290136346593,0.07653942745762157,5.854055897404749e-05,-8.664688772800212e-07,0.07633940316830957,0.0,0.0,5.854696792084724e-05,0.07653942704200745,TRACKING,True,1
97208645422334,0.002069611000479199,0.07668959915018074,-7.680429627299776e-05,0.00014522880620945264,0.07638079308828018,0.0,0.0,0.00016428726667072624,0.07668960094451904,TRACKING,True,1
97208647506646,0.002084808991639875,0.07667735719413639,0.00022935199274257798,-8.280604849818677e-05,0.07642247932825057,0.0,0.0,0.0002438425290165469,0.0766773596405983,TRACKING,True,1
97208649583005,0.0020758839964400977,0.0767418589128013,0.00010521613175820725,-0.0001700965352853132,0.07646400650822108,0.0,0.0,0.00020000815857201815,0.07674185931682587,TRACKING,True,1
97208651655669,0.0020726770017063245,0.0768656715839004,-9.79973465325818e-05,3.36456929967265e-05,0.07650545978819163,0.0,0.0,0.00010361232125433162,0.07686567306518555,TRACKING,True,1
97208653727277,0.0020714220008812845,0.07660057360771166,-0.00026844305996171836,0.00015523926000332076,0.07654689194816221,0.0,0.0,0.0003100982285104692,0.0766005739569664,TRACKING,True,1
97208655823605,0.002096939002512954,0.07702101070618421,-8.022047650424742e-05,-6.440083961864771e-05,0.07658881850813243,0.0,0.0,0.00010287269833497703,0.07702101022005081,TRACKING,True,1
97208657910721,0.002087475993903354,0.0769754492749011,-0.00010038895687045894,-0.0001563909713690638,0.07663056082810278,0.0,0.0,0.00018583885685075074,0.07697544991970062,TRACKING,True,1
97208659994571,0.002083652012515813,0.07693771371784694,3.7355949749769983e-05,5.1030080999088e-05,0.07667223782807318,0.0,0.0,6.32418887107633e-05,0.0769377127289772,TRACKING,True,1
97208662038537,0.0020441689994186163,0.07670303969376936,0.0003228491240616687,-1.7464264287186083e-05,0.07671311714804416,0.0,0.0,0.0003233211173210293,0.0767030417919159,TRACKING,True,1
97208664108762,0.002069473994197324,0.07646168365278917,5.679783665822705e-05,1.305754971968345e-05,0.07675452164801475,0.0,0.0,5.827944551128894e-05,0.07646168023347855,TRACKING,True,1
97208666178845,0.0020700750028481707,0.07645585581245638,7.404001878424563e-05,-0.0001543604149978701,0.07679592330798535,0.0,0.0,0.00017119890253525227,0.07645585387945175,TRACKING,True,1
97208668342331,0.002164003992220387,0.07680607193045355,7.861928199391783e-05,-0.00014701405723616364,0.07683919302795461,0.0,0.0,0.00016671570483595133,0.07680606842041016,TRACKING,True,1
97208670441473,0.002099837001878768,0.07703621960853577,-0.00012144785648585886,-0.00012502848599949343,0.0768811758679248,0.0,0.0,0.0001743034808896482,0.07703621685504913,TRACKING,True,1
97208672547662,0.0021050450013717636,0.07712669476635954,-1.3130622666916893e-05,-7.289119120897948e-05,0.07692329964789488,0.0,0.0,7.406442455248907e-05,0.07712669670581818,TRACKING,True,1
97208674664328,0.002116699004545808,0.07725113217890626,-0.00010608330163306912,-5.375191186501421e-05,0.07696563296786481,0.0,0.0,0.00011892407201230526,0.0772511288523674,TRACKING,True,1
97208676850992,0.0021867109899176285,0.07702978966775467,-8.404772298449073e-05,-0.0002489717358566263,0.07700936624783375,0.0,0.0,0.0002627754583954811,0.07702978700399399,TRACKING,True,1
97208679072431,0.0022216100041987374,0.0768497780016152,-6.112344030260704e-05,-0.00034950565463643616,0.0770537950278022,0.0,0.0,0.00035481021041050553,0.07684978097677231,TRACKING,True,1
97208681148523,0.0020761040068464354,0.07709725535632192,0.00013067456550877406,-0.00012483274452073083,0.07709531686777271,0.0,0.0,0.0001807181688491255,0.07709725201129913,TRACKING,True,1
97208683234845,0.0020860910008195788,0.07726947006190368,0.00017149328772256959,-0.00035771263350680023,0.07713704330774308,0.0,0.0,0.00039669667603448033,0.07726947218179703,TRACKING,True,1
97208685314532,0.002085329993860796,0.07705964028202045,0.00016399901307808138,-0.0004301149114168412,0.07717863704771354,0.0,0.0,0.0004603200068231672,0.07705964148044586,TRACKING,True,1
97208687397377,0.0020771169947693124,0.07701634163375647,9.303971197139275e-05,-0.00022538732884487715,0.07722029394768395,0.0,0.0,0.00024383567506447434,0.07701633870601654,TRACKING,True,1
97208689480292,0.0020829310087719932,0.0768420305900287,5.9032397523936254e-05,4.233321397115815e-06,0.07726195224765436,0.0,0.0,5.9183992561884224e-05,0.07684203237295151,TRACKING,True,1
97208691574229,0.002095028990879655,0.07709744418119152,0.00030314954585176863,-8.64206919865406e-05,0.07730383098762462,0.0,0.0,0.0003152271965518594,0.07709744572639465,TRACKING,True,1
97208693671485,0.002097090007737279,0.0774387605150771,0.0005793934375021691,6.924446295140256e-05,0.07734577610759484,0.0,0.0,0.0005835164920426905,0.07743875682353973,TRACKING,True,1
97208695743700,0.0020712130062747747,0.0776228717414863,0.0005502189140259038,-0.0003514103869923372,0.0773872204075654,0.0,0.0,0.0006528630037792027,0.07762286812067032,TRACKING,True,1
97208697809353,0.002065548993414268,0.07745040997563751,0.0005451320374345747,-0.0004589473989366365,0.07742853346753606,0.0,0.0,0.0007126020500436425,0.07745040953159332,TRACKING,True,1
97208699892418,0.002083857005345635,0.07753451564387324,0.0004443031684677514,-7.069446533046676e-05,0.07747019476750647,0.0,0.0,0.00044989222078584135,0.077534519135952,TRACKING,True,1
97208701977330,0.002084719992126338,0.0775257694612124,0.0004375968373914141,-5.267962819543136e-05,0.07751189300747685,0.0,0.0,0.00044075632467865944,0.07752577215433121,TRACKING,True,1
97208704084631,0.002107735999743454,0.07784374575341349,0.00016144109595544564,-0.0001345100587430058,0.07755403902744692,0.0,0.0,0.0002101337449857965,0.07784374803304672,TRACKING,True,1
97208706164271,0.0020788050023838878,0.07784926613667827,0.0004000671237819985,-4.494572984443143e-05,0.07759563182741738,0.0,0.0,0.0004025839443784207,0.07784926891326904,TRACKING,True,1
97208708235144,0.0020707210060209036,0.0777900643717028,0.0001396755200804066,0.00015505040263224113,0.07763704928738797,0.0,0.0,0.00020868609135504812,0.07779006659984589,TRACKING,True,1
97208710303137,0.0020680009911302477,0.07764804402758567,3.9880510656887874e-05,4.351889986750797e-05,0.0776784091473586,0.0,0.0,5.9028381656389683e-05,0.07764804363250732,TRACKING,True,1
97208712390899,0.002088666005874984,0.07789645757717498,-0.00013355608008466915,-0.00012880846881041812,0.07772016438732894,0.0,0.0,0.00018555013230070472,0.07789646089076996,TRACKING,True,1
97208714479416,0.002088137000100687,0.07790657584638035,-8.385834294919408e-05,-0.00035447502078620006,0.07776193472729927,0.0,0.0,0.000364259205525741,0.07790657877922058,TRACKING,True,1
97208716543675,0.0020636400004150346,0.07773174763958762,-0.0001750129007023244,-0.00022605134719716957,0.07780321990726995,0.0,0.0,0.00028588235727511346,0.07773175090551376,TRACKING,True,1
97208718635795,0.0020930869941366836,0.07764239900943158,0.0002365592493656174,-0.00010206158614285368,0.07784506230724024,0.0,0.0,0.00025763706071302295,0.07764239609241486,TRACKING,True,1
97208720724281,0.002088506007567048,0.07796902003499191,0.00020537819872385019,-2.738062995764563e-05,0.07788683202721057,0.0,0.0,0.00020719532039947808,0.0779690220952034,TRACKING,True,1
97208722789177,0.002063800988253206,0.07810800912877902,6.437143297643828e-05,-0.00034940289269281996,0.07792812994718123,0.0,0.0,0.00035528308944776654,0.07810801267623901,TRACKING,True,1
97208724874319,0.0020858580101048574,0.07815936492699686,-9.858316586430295e-05,6.647485930603785e-06,0.07796983278715162,0.0,0.0,9.8807031463366e-05,0.07815936207771301,TRACKING,True,1
97208726960154,0.0021055139950476587,0.07796549689861493,-4.108269509489332e-05,4.306513555872306e-06,0.078011549487122,0.0,0.0,4.1307794163003564e-05,0.07796549797058105,TRACKING,True,1
97208729035427,0.002055646007647738,0.0779167443669234,-0.00010031651043478592,-3.402204593195034e-05,0.07805305494709251,0.0,0.0,0.00010592875332804397,0.07791674137115479,TRACKING,True,1
97208731107765,0.002071823997539468,0.07803477236333625,-2.303246223476448e-05,-1.7896067902213846e-05,0.07809450170706309,0.0,0.0,2.9167851607780904e-05,0.07803477346897125,TRACKING,True,1
97208733180408,0.0020726209913846105,0.0780913654594497,-0.0004198688508711669,0.00023241762222991896,0.07813595456703364,0.0,0.0,0.00047990394523367286,0.07809136807918549,TRACKING,True,1
97208735250591,0.0020702839974546805,0.07826802488909186,-0.0005011761605669598,-6.203432621027958e-06,0.07817735822700424,0.0,0.0,0.0005012145265936852,0.07826802134513855,TRACKING,True,1
97208737321415,0.0020706660143332556,0.0778890804064182,-0.0008573625656671832,-9.211335503316796e-05,0.07821877470697482,0.0,0.0,0.0008622966124676168,0.07788907736539841,TRACKING,True,1
97208739393228,0.0020718099985970184,0.07834523473393616,-0.0005267003074064061,-2.306825772786622e-05,0.0782602109669454,0.0,0.0,0.0005272052367217839,0.07834523171186447,TRACKING,True,1
97208741464488,0.002071178998448886,0.07836717042798501,-0.0002353228273828769,-2.49409630074102e-05,0.07830163616691597,0.0,0.0,0.00023664084437768906,0.07836717367172241,TRACKING,True,1
97208743550412,0.002086647000396624,0.0782346587729309,-0.0002596296420290854,0.0001052018177144069,0.07834335464688634,0.0,0.0,0.0002801338559947908,0.07823465764522552,TRACKING,True,1
97208745616555,0.0020652569946832955,0.07824219744501917,-0.0005121418818683624,0.00016482751916252372,0.078384677506857,0.0,0.0,0.0005380125367082655,0.07824219763278961,TRACKING,True,1
97208747702492,0.002087037995806895,0.07837499837161217,-8.897978880328928e-05,0.00012371421936134582,0.07842639624682737,0.0,0.0,0.0001523896644357592,0.07837499678134918,TRACKING,True,1
97208749789858,0.0020871880115009844,0.07843697116972922,-7.754149751203631e-05,-6.410002579804804e-05,0.07846814356679772,0.0,0.0,0.00010060564818559214,0.0784369707107544,TRACKING,True,1
97208751978305,0.0021884029993088916,0.07853936525670918,-0.00014375101202976392,-0.0002280118398269271,0.07851191250676663,0.0,0.0,0.000269543583272025,0.07853936403989792,TRACKING,True,1
97208754047630,0.0020687649957835674,0.07855198822020752,-7.615091232439437e-05,-8.208853850554679e-05,0.07855329900673724,0.0,0.0,0.00011197093408554792,0.07855198532342911,TRACKING,True,1
97208756122834,0.0020751800038851798,0.0787144832821419,0.00034412276677601604,-0.00010217442762324003,0.07859480308670776,0.0,0.0,0.0003589708649087697,0.07871448248624802,TRACKING,True,1
97208758195352,0.002072714996756986,0.07895497428624937,0.00022075178555880313,-4.3926024864342104e-05,0.07863625344667832,0.0,0.0,0.00022507963876705617,0.07895497232675552,TRACKING,True,1
97208760277692,0.0020823719969484955,0.07902797264080821,-1.285391073845013e-05,-4.3154518724892874e-05,0.07867790024664875,0.0,0.0,4.502816227613948e-05,0.07902797311544418,TRACKING,True,1
97208762366272,0.0020894430053886026,0.07906743252724155,-0.00026932952485411645,-0.000197965919442293,0.07871967184661909,0.0,0.0,0.00033425871515646577,0.07906743139028549,TRACKING,True,1
97208764433257,0.002065872002276592,0.07890283306706834,-0.0001793990034775652,1.0115304398172732e-05,0.07876101154658972,0.0,0.0,0.00017968394968193024,0.07890283316373825,TRACKING,True,1
97208766502335,0.0020690489909611642,0.07866162767525946,0.00013356718427623714,0.00013124435520160127,0.07880239310656033,0.0,0.0,0.00018725723202805966,0.07866162806749344,TRACKING,True,1
97208768600420,0.0020984940056223422,0.0788617545810649,-0.00026976546105647223,0.0001413262671990988,0.07884435480653053,0.0,0.0,0.000304543151287362,0.07886175811290741,TRACKING,True,1
97208770677102,0.0020765590015798807,0.07875555443410122,-4.305317920151873e-05,7.206932298434502e-05,0.07888588844650103,0.0,0.0,8.394976612180471e-05,0.07875555753707886,TRACKING,True,1
97208772766227,0.0020895119960187003,0.07876488098855917,-0.00019532221274409453,1.899551765212245e-06,0.07892767094647135,0.0,0.0,0.00019533144950401038,0.07876487821340561,TRACKING,True,1
97208774852765,0.0020864340040134266,0.07898387570537536,-0.00042200525033546106,-0.00013639924183934122,0.07896940170644172,0.0,0.0,0.0004435010487213731,0.07898387312889099,TRACKING,True,1
97208776954201,0.0021010749915149063,0.07897277310966927,-0.00030919431485716497,-0.00017472784155048095,0.07901143042641187,0.0,0.0,0.00035514921182766557,0.07897277176380157,TRACKING,True,1
97208779029295,0.00207509400206618,0.0790608282979728,-0.000187253214658508,-0.0004924100666015509,0.0790529323063824,0.0,0.0,0.0005268125678412616,0.07906083017587662,TRACKING,True,1
97208781095321,0.002065812994260341,0.07928086435814104,-0.000378596619054106,-0.00010870471805931686,0.07909425282635305,0.0,0.0,0.00039389351150020957,0.07928086072206497,TRACKING,True,1
97208783163562,0.0020682790054706857,0.07939260165838535,-0.0005623942695958412,-5.303810925575006e-05,0.07913561764632367,0.0,0.0,0.0005648896913044155,0.07939260452985764,TRACKING,True,1
97208785235845,0.0020725009962916374,0.07958524813889488,-0.00011353331573962241,-3.2966769274781797e-06,0.07917706330629423,0.0,0.0,0.00011358116898918524,0.0795852467417717,TRACKING,True,1
97208787307870,0.002071789000183344,0.07933999624308088,0.00014267600801261114,-0.00027424550671149844,0.0792185038062648,0.0,0.0,0.0003091391990892589,0.07933999598026276,TRACKING,True,1
97208789396950,0.0020898340007988736,0.07906822850702669,0.00022922137922495802,-0.0003961065740545997,0.07926028540623513,0.0,0.0,0.0004576492647174746,0.07906822860240936,TRACKING,True,1
97208791484652,0.002087569999275729,0.0792768176323294,-4.7222960291337364e-05,-0.0003694025011762583,0.07930203944620548,0.0,0.0,0.00037240865640342236,0.07927681505680084,TRACKING,True,1
97208793571099,0.0020865380065515637,0.07953544314493415,-4.5344837514763994e-05,-0.00012290826029581065,0.07934376838617584,0.0,0.0,0.00013100607611704618,0.07953543961048126,TRACKING,True,1
97208795656634,0.0020854009926551953,0.07947372509327928,-0.00011226817421366802,-0.0002044059109230946,0.07938547908614622,0.0,0.0,0.0002332078875042498,0.07947372645139694,TRACKING,True,1
97208797742208,0.002085687010549009,0.0793169157089263,-1.2594609157715964e-06,-5.099334073459895e-05,0.07942719056611659,0.0,0.0,5.100889393361285e-05,0.07931691408157349,TRACKING,True,1
97208799813671,0.002070878996164538,0.07969718439944476,5.0027468131871104e-05,-8.02241230267768e-05,0.07946861982608718,0.0,0.0,9.454447717871517e-05,0.07969718426465988,TRACKING,True,1
97208801902836,0.002089678993797861,0.07974683600523622,0.0002911057353341973,-0.00031096830561073784,0.07951040312605749,0.0,0.0,0.00042596226558089256,0.07974683493375778,TRACKING,True,1
97208803988762,0.0020862350065726787,0.08000377727946087,4.022308643849496e-05,-0.0003447336146073784,0.07955212164602786,0.0,0.0,0.0003470722585916519,0.0800037756562233,TRACKING,True,1
97208806034193,0.0020575759990606457,0.08034612028317532,0.0002220688510436633,-0.0003193607813699056,0.07959303026599882,0.0,0.0,0.0003889805811922997,0.08034612238407135,TRACKING,True,1
97208808118290,0.0020712029945570976,0.08027269777196003,0.00038684672000591187,-8.150728812379639e-05,0.07963471220596921,0.0,0.0,0.000395340146496892,0.08027269691228867,TRACKING,True,1
97208810203504,0.0020856060000369325,0.08028368777209369,0.0003131099461405494,4.110164616900234e-05,0.0796764164859396,0.0,0.0,0.0003157961182296276,0.08028368651866913,TRACKING,True,1
97208812273196,0.0020691200043074787,0.07990280067793143,1.5962196469729436e-05,6.077144671504339e-05,0.07971781032591019,0.0,0.0,6.283279799390584e-05,0.07990279793739319,TRACKING,True,1
97208814343120,0.002069883994408883,0.0796369430286023,0.0001310300867751112,2.4043245816511616e-05,0.07975920880588079,0.0,0.0,0.00013321771984919906,0.07963694632053375,TRACKING,True,1
97208816413715,0.0020707270014099777,0.07993534851361243,0.00024479127610706945,-5.829848086039141e-05,0.07980062070585138,0.0,0.0,0.00025163759710267186,0.07993534952402115,TRACKING,True,1
97208818501510,0.002088446999550797,0.07944498639792945,-0.00010298159853538779,-3.7291559602341915e-05,0.07984237660582172,0.0,0.0,0.000109525652078446,0.0794449895620346,TRACKING,True,1
97208820586370,0.002084454012219794,0.07999767656860696,-6.296989345262152e-05,8.126143657352175e-05,0.07988407380579211,0.0,0.0,0.0001028038386721164,0.07999767363071442,TRACKING,True,1
97208822671392,0.00208518399449531,0.07999522397892764,-0.000519371162738959,0.00016088892498017577,0.0799257742457625,0.0,0.0,0.0005437202053144574,0.07999522238969803,TRACKING,True,1
97208824756159,0.0020850790024269372,0.07996734880209587,-0.0006035756074020661,0.0002283647364112893,0.07996746958573288,0.0,0.0,0.0006453324458561838,0.07996734976768494,TRACKING,True,1
97208826839572,0.0020832939917454496,0.08000062595695902,0.00014303894115384058,-0.0002526979834959784,0.0800091378457033,0.0,0.0,0.00029037290369160473,0.0800006240606308,TRACKING,True,1
97208828923355,0.0020838010095758364,0.07990141585325303,0.0001007244739514619,-0.000231029184263812,0.0800508135056737,0.0,0.0,0.0002520315465517342,0.07990141212940216,TRACKING,True,1
97208831022274,0.0020987049938412383,0.08011421270650548,0.00022473027338576604,-6.185439414083173e-05,0.08009279188564387,0.0,0.0,0.00023308725212700665,0.0801142156124115,TRACKING,True,1
97208833088438,0.0020774010044988245,0.0801605147730376,1.9505691643438252e-05,-6.714933527433209e-06,0.08013411516561453,0.0,0.0,2.0629162463592365e-05,0.08016051352024078,TRACKING,True,1
97208835168384,0.002068257992505096,0.08035414417440816,3.453369625050099e-05,-0.0003814279139103081,0.08017571408558498,0.0,0.0,0.0003829880151897669,0.08035414665937424,TRACKING,True,1
97208837240107,0.002071730006719008,0.08063572582589808,-6.661932270619721e-05,-8.594661283339698e-05,0.08021714854555556,0.0,0.0,0.00010874261352000758,0.08063572645187378,TRACKING,True,1
97208839312007,0.002071822003927082,0.08043875748252859,0.0001522902179535011,-0.00011353001736208226,0.08025858654552613,0.0,0.0,0.00018995098071172833,0.0804387554526329,TRACKING,True,1
97208841379346,0.002067529989290051,0.08068516104520697,0.00033358873760947307,-0.00018800892431581126,0.08029993332549676,0.0,0.0,0.0003829213965218514,0.08068516105413437,TRACKING,True,1
97208843462084,0.0020830569992540404,0.08006532668157336,0.00027719274310355314,-0.0002975629938431703,0.08034158808546718,0.0,0.0,0.0004066688707098365,0.08006532490253448,TRACKING,True,1
97208845547539,0.002085693005938083,0.08038376219636917,0.00024661114547812373,-0.0002572106804175448,0.08038329718543756,0.0,0.0,0.0003563346399459988,0.08038376271724701,TRACKING,True,1
97208847617563,0.002069455003947951,0.08025585460155285,6.198479532566769e-06,9.978295163611515e-05,0.08042469766540815,0.0,0.0,9.997528832172975e-05,0.08025585114955902,TRACKING,True,1
97208849706711,0.002089714995236136,0.08053268689710087,-3.406256887152969e-05,0.00012306955098993294,0.08046648062537848,0.0,0.0,0.00012769640306942165,0.08053268492221832,TRACKING,True,1
97208851778766,0.0020714620040962473,0.08071724346814858,-5.4177776361054214e-05,-0.0002449687998079017,0.08050792172534905,0.0,0.0,0.00025088831898756325,0.08071724325418472,TRACKING,True,1
97208853863879,0.002085779997287318,0.08098407574825069,-9.183029741495636e-05,-0.000266396346850898,0.08054962398531942,0.0,0.0,0.00028177973581478,0.08098407834768295,TRACKING,True,1
97208855951546,0.002087657994707115,0.08087658997483468,-0.0002297342190782017,-0.0003647753827092169,0.08059137732528977,0.0,0.0,0.00043109036050736904,0.08087658882141113,TRACKING,True,1
97208858039449,0.002087975008180365,0.08085798207859608,-0.0002736443733773705,-0.0001556182783026194,0.08063313538526012,0.0,0.0,0.0003147988172713667,0.08085798472166061,TRACKING,True,1
97208860112326,0.002072104995022528,0.08089369876350955,0.0001821280220746431,-0.00014588754651930706,0.08067459292523067,0.0,0.0,0.0002333533630007878,0.08089369535446167,TRACKING,True,1
97208862179710,0.002067260997137055,0.08087560405451157,2.1589322340230462e-05,0.0001233853780992656,0.0807159406052013,0.0,0.0,0.0001252599322469905,0.08087560534477234,TRACKING,True,1
97208864246988,0.002067352004814893,0.08095074376201172,8.558169800690934e-05,0.0004222453113474639,0.08075728616517194,0.0,0.0,0.0004308309580665082,0.08095074445009232,TRACKING,True,1
97208866314850,0.002067823996185325,0.08097840798815087,0.0001067898822981487,3.831255799151707e-05,0.08079864340514258,0.0,0.0,0.000113454538222868,0.0809784084558487,TRACKING,True,1
97208868407284,0.0020930390019202605,0.08064518407526608,-2.057127127040717e-05,4.6074340602742164e-05,0.08084049208511285,0.0,0.0,5.0458122132113203e-05,0.08064518123865128,TRACKING,True,1
97208870491817,0.0020844420068897307,0.08056392894159713,-0.00018181450910847007,0.00016929830612575513,0.08088218274508324,0.0,0.0,0.00024843195569701493,0.08056393265724182,TRACKING,True,1
97208872580339,0.002088763998472132,0.08062155093565271,-0.00021832652321697931,5.087508731014218e-05,0.08092395318505358,0.0,0.0,0.00022417570289690048,0.08062154799699783,TRACKING,True,1
97208874667288,0.002086875989334658,0.08057875976505278,1.8741797508892762e-05,0.000293890450219081,0.08096569216502393,0.0,0.0,0.000294487428618595,0.0805787593126297,TRACKING,True,1
97208876753904,0.0020865520054940134,0.0809505280338098,0.00029280899802453897,-0.0001621812560387801,0.08100742448499429,0.0,0.0,0.0003347235615365207,0.080950528383255,TRACKING,True,1
97208878826375,0.0020717729930765927,0.08118008464406722,0.0001684297108241987,0.00014849440018478938,0.08104887390496486,0.0,0.0,0.0002245420910185203,0.08118008822202682,TRACKING,True,1
97208880927679,0.002102107013342902,0.08106371325635954,0.00025964643930577577,0.0004215272117806868,0.08109089998493502,0.0,0.0,0.000495077227242291,0.08106371015310287,TRACKING,True,1
97208883036078,0.002107718988554552,0.08123260948137968,0.00019765749567539654,0.00024954590925959134,0.08113306796490506,0.0,0.0,0.0003183420340064913,0.08123260736465454,TRACKING,True,1
97208885107104,0.0020710899989353493,0.08134997206476317,0.00010204505017885343,-3.989137583999835e-05,0.08119545886860993,0.0,0.0,0.00010956510959658772,0.08134996891021729,DRAINING,True,1
97208887181728,0.0020747350063174963,0.08147093049193371,0.0003754449554046345,5.6874601802174545e-05,0.08127065732862737,0.0,0.0,0.00037972835707478225,0.08147092908620834,DRAINING,True,1
97208889253856,0.0020721890032291412,0.08165872016670053,0.00047264684841649587,5.6442094788497065e-05,0.08134499070245664,0.0,0.0,0.0004760049923788756,0.08165872097015381,DRAINING,True,1
97208891322112,0.00206806899223011,0.08160061462072281,0.00017085386221067335,9.087803245687643e-05,0.08141842115191963,0.0,0.0,0.00019351966329850256,0.0816006138920784,DRAINING,True,1
97208893406499,0.002085040003294125,0.08169249122790873,-4.5939080914715055e-05,1.909336222418339e-05,0.08149166001685693,0.0,0.0,4.9748923629522324e-05,0.08169249445199966,DRAINING,True,1
97208895492042,0.0020852510060649365,0.08187690071138472,-0.00013543716887150464,0.00015890946192990304,0.0815641795427039,0.0,0.0,0.00020879521616734564,0.08187690377235413,DRAINING,True,1
97208897575836,0.002084048988763243,0.08189827913796846,-0.00012896822374006193,0.00027593610771643035,0.08163588691151684,0.0,0.0,0.0003045874764211476,0.0818982794880867,DRAINING,True,1
97208899658946,0.0020830370049225166,0.08198155079261003,-7.960280321283835e-05,0.00020845111270147544,0.08170682786932339,0.0,0.0,0.00022313330555334687,0.08198154717683792,DRAINING,True,1
97208901741453,0.0020826170075451955,0.08202017798247876,5.202725313920039e-05,0.00022615032888890908,0.08177701355572611,0.0,0.0,0.0002320577623322606,0.08202017843723297,DRAINING,True,1
97208903806563,0.002064282991341315,0.08212683300116093,-4.224629846418136e-05,0.00042362699393271204,0.08184589496450351,0.0,0.0,0.0004257282998878509,0.08212683349847794,DRAINING,True,1
97208905892216,0.002086250009597279,0.08207423476151542,-4.499554570258039e-05,0.0005210091115120001,0.08191474343402613,0.0,0.0,0.0005229484522715211,0.08207423239946365,DRAINING,True,1
97208907978905,0.002086881999275647,0.08226320827412911,-0.00034875691962540716,0.00034792547011535226,0.08198291133193408,0.0,0.0,0.0004926291876472533,0.08226320892572403,DRAINING,True,1
97208910036193,0.002056949000689201,0.08236635781061188,-0.00011182332703829045,-6.273177581911279e-05,0.08204942607948705,0.0,0.0,0.0001282175217056647,0.08236635476350784,DRAINING,True,1
97208912109885,0.0020734199933940545,0.0821919193427062,-0.00019663810449778896,8.681580274552094e-05,0.08211578235207999,0.0,0.0,0.00021495006512850523,0.08219192177057266,DRAINING,True,1
97208914180938,0.0020709950040327385,0.08238612387709429,-4.685531309470267e-05,6.385790957582545e-05,0.08218137102423516,0.0,0.0,7.920386997284368e-05,0.08238612115383148,DRAINING,True,1
97208916249869,0.002068784990115091,0.08223240500767484,0.00017693778222407068,-0.0003406234893010015,0.08224621784638672,0.0,0.0,0.0003838376433122903,0.08223240822553635,DRAINING,True,1
97208918321756,0.0020720150059787557,0.08239997652708951,0.00023605661100966285,-0.00014917962146033335,0.08231048853101602,0.0,0.0,0.00027924415189772844,0.08239997923374176,DRAINING,True,1
97208920408524,0.002087457003653981,0.0824318152800494,0.00019110284741443513,3.835236440418189e-05,0.0823745513219043,0.0,0.0,0.00019491332932375371,0.08243181556463242,DRAINING,True,1
97208922483579,0.0020745130022987723,0.08235637575811797,0.00026801083071792853,3.879381674694493e-05,0.08243759515850808,0.0,0.0,0.00027080392464995384,0.08235637843608856,DRAINING,True,1
97208924568964,0.0020860169897787273,0.08246645034183395,-0.000292996677053283,-0.0002015641657244708,0.08250029726725651,0.0,0.0,0.00035563347046263516,0.08246645331382751,DRAINING,True,1
97208926640616,0.0020708390075014904,0.08250084886527419,-0.00029447711919581415,4.611170486371421e-05,0.0825619424626886,0.0,0.0,0.0002980655408464372,0.08250084519386292,DRAINING,True,1
97208928728217,0.0020884580007987097,0.08231656774415505,3.953715916691725e-05,0.00018613328823227166,0.08262341966631656,0.0,0.0,0.00019028606766369194,0.0823165699839592,DRAINING,True,1
97208930815380,0.002087083994410932,0.08252686769041563,-5.127525200026967e-05,-7.890558631512174e-05,0.0826842458098729,0.0,0.0,9.410230268258601e-05,0.08252687007188797,DRAINING,True,1
97208932901548,0.002085979998810217,0.08242549362940178,-0.0001513294827495619,-4.22398267696385e-05,0.08274441193690642,0.0,0.0,0.00015711401647422463,0.08242549002170563,DRAINING,True,1
97208934988539,0.002087215005303733,0.08271971382574553,4.089481726236299e-05,0.00017730170125861524,0.08280397710954665,0.0,0.0,0.00018195679876953363,0.08271971344947815,DRAINING,True,1
97208937040379,0.002051909003057517,0.08299333738416753,-8.815114515487411e-05,2.8355256960722972e-05,0.08286193620195711,0.0,0.0,9.259938087780029e-05,0.08299333602190018,DRAINING,True,1
97208939113375,0.002090552996378392,0.08319814677974915,-0.00019085461968993333,0.00021215098491631626,0.0829198921619501,0.0,0.0,0.0002853655896615237,0.08319814503192902,DRAINING,True,1
97208941203741,0.0020719599997391924,0.0831673134104766,-0.000359175855607058,0.00022697461032752253,0.08297772862054538,0.0,0.0,0.00042488204780966043,0.08316731452941895,DRAINING,True,1
97208943274401,0.0020707630028482527,0.0831990363929503,-0.0003642614579718653,-0.00027338493300182055,0.08303442696005342,0.0,0.0,0.0004554401384666562,0.08319903910160065,DRAINING,True,1
97208945357754,0.0020839109929511324,0.0832496607654472,-0.00014295517223063603,-1.617220945133622e-05,0.08309088350155121,0.0,0.0,0.00014386702969204634,0.08324965834617615,DRAINING,True,1
97208947421838,0.0020632000087061897,0.08332773772599297,-0.00020864752688082994,-0.0002989019786097046,0.08314624090564479,0.0,0.0,0.000364521867595613,0.08332774043083191,DRAINING,True,1
97208949505373,0.0020842159865424037,0.08329872588188249,5.1158922583837004e-05,-0.00019810200168277173,0.08320154355860289,0.0,0.0,0.00020460116502363235,0.08329872786998749,DRAINING,True,1
97208951589103,0.0020829270069953054,0.0831036380430689,-0.0002569728596554562,-0.0005886559430350021,0.08325627817259412,0.0,0.0,0.000642301223706454,0.08310363441705704,DRAINING,True,1
97208953669141,0.0020807389955734834,0.08325112335827299,-7.284177048810019e-05,-0.0007558102904773624,0.08331035000952514,0.0,0.0,0.0007593122427351773,0.08325112611055374,DRAINING,True,1
97208955730873,0.00206118100322783,0.08322058997748556,0.00021869806194638696,-0.0008570827412599265,0.0833633938746712,0.0,0.0,0.0008845448610372841,0.08322059363126755,DRAINING,True,1
97208957793026,0.0020621410076273605,0.08359754369178633,0.0003601546615430829,-0.00038396376706264346,0.08341590440258681,0.0,0.0,0.0005264405044727027,0.08359754085540771,DRAINING,True,1
97208959853941,0.002060951999737881,0.08368033409162187,0.000334035004133115,-0.00011953965650822023,0.08346784524796717,0.0,0.0,0.0003547803789842874,0.08368033170700073,DRAINING,True,1
97208961936444,0.0020833859889535233,0.08395989553813273,2.7861165024774183e-05,-0.00038165391802333197,0.08351978931507147,0.0,0.0,0.00038266953197307885,0.08395989239215851,DRAINING,True,1
97208964030415,0.002093016999424435,0.08350490586299787,7.126904903734944e-05,-4.835019567957368e-05,0.08357147692500039,0.0,0.0,8.6122119682841e-05,0.08350490778684616,DRAINING,True,1
97208966095283,0.002064910004264675,0.08345817241440377,0.00013487625733765886,2.0222568427953975e-05,0.08362191896299402,0.0,0.0,0.0001363838673569262,0.08345817029476166,DRAINING,True,1
97208968164951,0.002069918002234772,0.0837853199332043,0.00023156512413626755,0.00010165165874948894,0.08367195835329826,0.0,0.0,0.0002528941840864718,0.08378531783819199,DRAINING,True,1
97208970233612,0.002068593996227719,0.0836837303569678,9.302116502086618e-05,0.000237930341639905,0.08372145861738493,0.0,0.0,0.00025546777760609984,0.08368372917175293,DRAINING,True,1
97208972301438,0.002067781999357976,0.08378554975833549,0.0003087425819160108,5.253108839827598e-05,0.08377042985113127,0.0,0.0,0.00031317962566390634,0.08378554880619049,DRAINING,True,1
97208974372805,0.00207157401018776,0.08400968818981727,0.00017716052733215919,0.00012107296629636791,0.08381897994140032,0.0,0.0,0.00021457986440509558,0.08400968462228775,DRAINING,True,1
97208976474112,0.002101270991261117,0.08369040267705481,0.0002486611620492558,-7.256642920572867e-05,0.08386772068260809,0.0,0.0,0.00025903331697918475,0.08369040489196777,DRAINING,True,1
97208978562544,0.002088648994686082,0.08402369177475094,0.0003255414875523132,-0.00014811251397608329,0.08391565802852445,0.0,0.0,0.00035765147185884416,0.08402369171380997,DRAINING,True,1
97208980632057,0.0020690350065706298,0.08430660607449855,0.0004926960222368185,0.00023056823327952447,0.08396266987812741,0.0,0.0,0.0005439770757220685,0.08430660516023636,DRAINING,True,1
97208982714798,0.0020834360038861632,0.08446347011672387,0.00026602102655693186,0.00042222796429021756,0.08400949363090328,0.0,0.0,0.0004990427405573428,0.08446346968412399,DRAINING,True,1
97208984801541,0.002086847001919523,0.084137990608213,0.0001286773238233304,0.0003474343036677919,0.08405592088140271,0.0,0.0,0.0003704975824803114,0.08413799107074738,DRAINING,True,1
97208986884607,0.0020828580018132925,0.08388129229764402,0.0003141783798115756,0.00035121150449844024,0.08410178570318347,0.0,0.0,0.00047122983960434794,0.08388128876686096,DRAINING,True,1
97208988967708,0.002082934995996766,0.08399786749693175,-0.0001647788349809567,0.00012207186570720177,0.08414717606546145,0.0,0.0,0.00020506976579781622,0.08399786800146103,DRAINING,True,1
97208991034257,0.0020667929929913953,0.08425569296600557,2.6769994463532383e-05,-6.687791517309192e-05,0.08419174103075304,0.0,0.0,7.203671702882275e-05,0.08425569534301758,DRAINING,True,1
97208993102803,0.002068009998765774,0.08406029042774199,3.746956684385376e-05,-0.00023567975089431285,0.08423589029087317,0.0,0.0,0.00023863971000537276,0.08406028896570206,DRAINING,True,1
97208995174290,0.0020714540005428717,0.0838917432075023,0.00029799448592276984,-0.00013571203542784205,0.08427964708349293,0.0,0.0,0.0003274423361290246,0.08389174193143845,DRAINING,True,1
97208997246272,0.002071941999020055,0.08415430669594627,0.00016094769646280915,9.825757708545321e-05,0.08432296330175128,0.0,0.0,0.00018857017857953906,0.08415430784225464,DRAINING,True,1
97208999322481,0.0020762050116900355,0.08444530904405888,8.857787559043025e-05,-8.61105927802463e-07,0.08436592008883174,0.0,0.0,8.85820627445355e-05,0.08444531261920929,DRAINING,True,1
97209001411941,0.0020907209982397035,0.08440149843457861,0.000231346475648306,3.691060274651239e-05,0.08440870316332247,0.0,0.0,0.00023427246196661144,0.08440149575471878,DRAINING,True,1
97209003498453,0.0020858179923379794,0.08424701959390823,0.00039997297635733695,4.1565168570396675e-05,0.08445098217303619,0.0,0.0,0.0004021269269287586,0.08424702286720276,DRAINING,True,1
97209005569219,0.0020704220078187063,0.0844653523861386,0.0005251256230852432,0.0001308975448753523,0.08449250827906048,0.0,0.0,0.0005411941674537957,0.08446535468101501,DRAINING,True,1
97209007642587,0.0020735180005431175,0.08467791164754951,0.0003352851051673417,0.00020462316467364996,0.08453365802353875,0.0,0.0,0.0003927934740204364,0.08467791229486465,DRAINING,True,1
97209009712247,0.002069731999654323,0.0848438799013883,0.00029919804350480504,0.0001286446083886202,0.08457431092198572,0.0,0.0,0.0003256821946706623,0.08484388142824173,DRAINING,True,1
97209011797933,0.00208589099929668,0.08477262033761646,0.00015680348663474984,0.0001402946498296348,0.0846148552265345,0.0,0.0,0.0002104041923303157,0.08477261662483215,DRAINING,True,1
97209013883836,0.0020861469965893775,0.08468563102283709,0.00021294194970084576,2.083955973552729e-05,0.08465498306747546,0.0,0.0,0.0002139592543244362,0.08468563109636307,DRAINING,True,1
97209015972394,0.0020885749981971458,0.08490728856921433,0.00016999869345194223,-8.953529920103655e-05,0.08469474485191036,0.0,0.0,0.0001921356888487935,0.08490728586912155,DRAINING,True,1
97209018035593,0.0020630280050681904,0.08496216234690851,-7.205175870766118e-05,0.00048794154496959737,0.08473361826597753,0.0,0.0,0.0004932326264679432,0.0849621593952179,DRAINING,True,1
97209020115699,0.0020795289892703295,0.08481091101260642,-5.9340245546348355e-05,0.0005747615301011326,0.08477240636787556,0.0,0.0,0.000577816681470722,0.08481091260910034,DRAINING,True,1
97209022196257,0.0020806810061912984,0.08475131897608738,-0.0001900435916431036,0.00020628552732974688,0.08481080144158169,0.0,0.0,0.0002804822288453579,0.08475131541490555,DRAINING,True,1
97209024371068,0.0021754879999207333,0.08502659661856588,-0.00031165313287393793,0.0004429442492848376,0.08485051119338931,0.0,0.0,0.0005415970226749778,0.08502659946680069,DRAINING,True,1
97209028204774,0.003833301001577638,0.0851369440329533,-0.00021179902665215329,0.0004959993247931697,0.08491991938632908,0.0,0.0,0.0005393275641836226,0.08513694256544113,TRACKING,True,1
97209030829626,0.0026243949978379533,0.08511593034110837,-0.00017581131059050002,0.00010383191677355592,0.08497241642629179,0.0,0.0,0.0002041829575318843,0.0851159319281578,TRACKING,True,1
97209032896109,0.0020664759940700606,0.0848620731077395,-6.0753036960717153e-05,-0.00028457652554253547,0.08501374608626243,0.0,0.0,0.000290989235509187,0.08486207574605942,TRACKING,True,1
97209034984487,0.0020895450143143535,0.08468913124216991,-0.00030543732916540504,-0.00018868555530782938,0.08505551364623277,0.0,0.0,0.00035901839146390557,0.08468913286924362,TRACKING,True,1
97209037046625,0.002060882994555868,0.0846211651867775,-0.00022626783211006493,0.0003292337259773407,0.08509675640620348,0.0,0.0,0.00039948965422809124,0.08462116867303848,TRACKING,True,1
97209039111047,0.0020644939941121265,0.08483925856603665,0.00016644068206176735,0.00023704152593537477,0.08513804484617415,0.0,0.0,0.0002896397782023996,0.08483926206827164,TRACKING,True,1
97209041177130,0.002066367000225,0.0847913544062743,3.7945138461859223e-06,3.131713694590118e-05,0.08517936650614481,0.0,0.0,3.154618025291711e-05,0.08479135483503342,TRACKING,True,1
97209043239260,0.002061760998913087,0.08504622925705461,0.0001185938696255864,4.560299417559419e-05,0.08522060910611552,0.0,0.0,0.00012705958215519786,0.08504623174667358,TRACKING,True,1
97209045300329,0.0020609180064639077,0.08507464177145455,-7.004073266770531e-05,-5.10427729997279e-05,0.08526183048608624,0.0,0.0,8.666642679600045e-05,0.08507464081048965,TRACKING,True,1
97209047361858,0.0020616649999283254,0.08501911217748398,-0.00019357166724568256,0.0004004679914863217,0.08530306106605696,0.0,0.0,0.00044479724601842463,0.08501911163330078,TRACKING,True,1
97209049425699,0.002063898995402269,0.08531434822204859,-0.00031915769767276156,0.00025107262131754664,0.08534433788602765,0.0,0.0,0.0004060777137055993,0.08531434834003448,TRACKING,True,1
97209051513244,0.0020882640092168003,0.08541880327388404,-0.00022156788507329584,3.0681857256772906e-05,0.08538608878599799,0.0,0.0,0.00022368214558809996,0.08541880548000336,TRACKING,True,1
97209053599496,0.00208649699925445,0.08550358953027093,-0.00012876929074229953,9.571271736804044e-05,0.08542781382596835,0.0,0.0,0.0001604445424163714,0.08550359308719635,TRACKING,True,1
97209055675109,0.002074924996122718,0.08570833989738452,-0.0001909936715947799,8.540201863384006e-05,0.08546932608593888,0.0,0.0,0.00020921780378557742,0.08570834249258041,TRACKING,True,1
97209057761911,0.0020874680049018934,0.08556970299850808,-0.0002869123640771923,-5.202307536898987e-05,0.08551106212590924,0.0,0.0,0.00029159063706174493,0.08556970208883286,TRACKING,True,1
97209059850386,0.002088152992655523,0.08561799169548698,-0.0002957073167893318,-0.0002146485154615502,0.08555283162587957,0.0,0.0,0.00036539952270686626,0.08561798930168152,TRACKING,True,1
97209061934976,0.002084783001919277,0.08549700832214416,-0.00017417718099243894,0.0001051136479489764,0.08559452342584996,0.0,0.0,0.00020343689539004117,0.08549700677394867,TRACKING,True,1
97209064039560,0.0021046149922767654,0.08579501747924749,-0.0004012631906627689,3.789644446279097e-06,0.08563661510582006,0.0,0.0,0.00040128108230419457,0.08579501509666443,TRACKING,True,1
97209066104776,0.0020642830058932304,0.08587608884602131,-0.0003393563782720919,-3.253723530333869e-05,0.08567791942579073,0.0,0.0,0.00034091260749846697,0.08587609231472015,TRACKING,True,1
97209068170339,0.0020655730040743947,0.08567356808360217,-0.0001973293821731867,-5.2217645872698455e-05,0.0857192306857614,0.0,0.0,0.00020412146113812923,0.08567357063293457,TRACKING,True,1
97209070240999,0.002070910995826125,0.08557202801787143,-4.105924410842103e-05,0.00014319542664505648,0.08576064388573199,0.0,0.0,0.00014896574430167675,0.0855720266699791,TRACKING,True,1
97209072315686,0.002075437005260028,0.08576175893608896,-0.00023585245062679626,0.00013317839218536995,0.08580213762570252,0.0,0.0,0.00027085578767582774,0.08576175570487976,TRACKING,True,1
97209074406089,0.0020902929973090068,0.08595159915418629,4.009752592245818e-05,0.0002927513103895636,0.08584394568567282,0.0,0.0,0.0002954845840577036,0.08595159649848938,TRACKING,True,1
97209076473776,0.0020667469943873584,0.08611701722989648,-1.2309935046896126e-05,0.00027351345496087965,0.08588529942564345,0.0,0.0,0.0002737903269007802,0.08611701428890228,TRACKING,True,1
97209078553014,0.00208015700627584,0.08619541273436548,7.256426087244639e-06,0.0002285645109245027,0.08592688418561392,0.0,0.0,0.0002286796661792323,0.08619540929794312,TRACKING,True,1
97209080639931,0.00208690800354816,0.08595564189077384,5.3374061300958044e-05,6.339680839901544e-05,0.08596862252558428,0.0,0.0,8.287306991405785e-05,0.08595564216375351,TRACKING,True,1
97209082725199,0.002085571992211044,0.08597207415171754,0.00033183271830537113,7.570273055239858e-05,0.08601032788555465,0.0,0.0,0.00034035841235890985,0.08597207069396973,TRACKING,True,1
97209084808846,0.002083248007693328,0.08607905237285991,9.694877549637322e-05,-0.00021910428290895347,0.08605200082552505,0.0,0.0,0.0002395949704805389,0.08607905358076096,TRACKING,True,1
97209086891619,0.0020826059917453676,0.08589349816724819,-2.0174908365326642e-06,-0.00018602703653956956,0.08609365628549548,0.0,0.0,0.00018603798525873572,0.08589349687099457,TRACKING,True,1
97209088987104,0.002095913005177863,0.08568425093000412,-0.00012526198944890458,-0.00012442062912664605,0.0861355659854657,0.0,0.0,0.00017655327974352986,0.08568424731492996,TRACKING,True,1
97209091012196,0.002024054992944002,0.08573851444885262,-0.00015274448168215384,-6.47126726364285e-05,0.08617606782543694,0.0,0.0,0.00016588732250966132,0.08573851734399796,TRACKING,True,1
97209093076716,0.002064724001684226,0.08614832890022699,-4.397417533672292e-05,0.00022195287588509994,0.08621735822540762,0.0,0.0,0.00022626710415352136,0.08614832907915115,TRACKING,True,1
97209095143890,0.002067281006020494,0.0859662318053077,0.00019484384290146633,0.0001057458281067291,0.08625870170537825,0.0,0.0,0.00022168965369928628,0.08596622943878174,TRACKING,True,1
97209097213020,0.002069049995043315,0.08628417955290645,0.00047178285654873127,0.00023163095284769973,0.08630008430534887,0.0,0.0,0.0005255777505226433,0.08628418296575546,TRACKING,True,1
97209099279623,0.0020725640060845762,0.08640326018381947,0.0005808583620523402,5.929832860252204e-05,0.08634141636531951,0.0,0.0,0.000583877379540354,0.0864032581448555,TRACKING,True,1
97209101372365,0.002087317989207804,0.08660452617528673,0.00043783509271851724,0.00010245174821645686,0.08638327120528978,0.0,0.0,0.0004496620094869286,0.0866045281291008,TRACKING,True,1
97209103445342,0.002072574003250338,0.08645795004468688,0.0003367808383425203,0.0001271974339790202,0.08642473074526034,0.0,0.0,0.00036000070394948125,0.08645795285701752,TRACKING,True,1
97209105532189,0.002087385000777431,0.0864826456262016,0.0002719538480283274,-0.00016695066786095495,0.0864664676852307,0.0,0.0,0.0003191103751305491,0.08648264408111572,TRACKING,True,1
97209107616915,0.0020844490063609555,0.0866829050752457,0.00012726559705466905,-6.666973502073364e-05,0.08650816220520109,0.0,0.0,0.0001436711027054116,0.08668290823698044,TRACKING,True,1
97209109701703,0.002085026993881911,0.0865486443366885,1.693148439100927e-05,-0.00015965207014609576,0.08654985796517148,0.0,0.0,0.00016054738080129027,0.08654864132404327,TRACKING,True,1
97209111786366,0.0020847099949605763,0.08681121123876233,-0.00013802193390594308,-0.00023769398021791316,0.08659155122514187,0.0,0.0,0.00027486085309647024,0.08681121468544006,TRACKING,True,1
97209113870372,0.0020837310003116727,0.08674151988606858,-0.0003068240901271489,-0.0003362806184335267,0.08663323134511226,0.0,0.0,0.0004552204627543688,0.08674152195453644,TRACKING,True,1
97209115952960,0.002082938008243218,0.08677951671822727,-0.00014881079082038683,-8.561483035650922e-05,0.08667488310508267,0.0,0.0,0.00017168154590763152,0.08677951991558075,TRACKING,True,1
97209118038334,0.0020850650034844875,0.08686071270561395,-0.00025251610783053226,-0.00024261236889533232,0.08671659058505306,0.0,0.0,0.0003501787141431123,0.08686071634292603,TRACKING,True,1
97209120103428,0.0020644749893108383,0.0870310435180373,-0.0005527390210590489,-0.00013219849489586537,0.08675789246502373,0.0,0.0,0.0005683281342498958,0.0870310440659523,TRACKING,True,1
97209122169034,0.0020655030093621463,0.08709250553729271,-0.0001510666034615172,0.00015279640923154694,0.08679920458499439,0.0,0.0,0.00021486707555595785,0.08709250390529633,TRACKING,True,1
97209124232826,0.0020637309935409576,0.0872169959773189,0.00023771155048609718,-0.00022535587423096404,0.08684048042496507,0.0,0.0,0.00032755464781075716,0.08721699565649033,TRACKING,True,1
97209126295137,0.0020623029995476827,0.08706936139150358,0.00020977315621518373,-0.0005487138834095291,0.08688172664493578,0.0,0.0,0.0005874451017007232,0.08706936240196228,TRACKING,True,1
97209128379576,0.00208538600418251,0.086906739921948,0.00033889558898129177,-0.0004726974249663195,0.08692341542490617,0.0,0.0,0.0005816296907141805,0.08690673857927322,TRACKING,True,1
97209130444024,0.0020636410044971853,0.08713014763988432,0.00032793307095951185,-9.554514562144675e-05,0.08696470438487684,0.0,0.0,0.000341568433213979,0.08713014423847198,TRACKING,True,1
97209132540763,0.0020967419986845925,0.08725848420395277,0.0003045567954248176,5.81140593006224e-05,0.08700663916484706,0.0,0.0,0.0003100517496932298,0.087258480489254,TRACKING,True,1
97209134608672,0.002068093992420472,0.08705480157907589,0.0004916287884033813,-4.307300038764644e-06,0.08704799734481769,0.0,0.0,0.0004916476318612695,0.08705480396747589,TRACKING,True,1
97209136675701,0.002066872999421321,0.08695160331482167,0.0003964987761500622,-0.0002493147510981609,0.08708933792478833,0.0,0.0,0.00046836858382448554,0.0869516059756279,TRACKING,True,1
97209138761568,0.0020862969977315515,0.08741265510318799,0.0006764743954670619,5.280959706195946e-05,0.0871310552647587,0.0,0.0,0.0006785325822420418,0.08741265535354614,TRACKING,True,1
97209140827000,0.0020648490026360378,0.08719228581531777,0.0005181143836736524,8.759873609896814e-05,0.08717236390472936,0.0,0.0,0.0005254674470052123,0.08719228953123093,TRACKING,True,1
97209142911227,0.002084920008201152,0.08713919314756327,0.0002858713531986869,0.00014198046700190779,0.08721404844469977,0.0,0.0,0.0003191878495272249,0.08713919669389725,TRACKING,True,1
97209144996473,0.0020861209923168644,0.08712714224101151,0.00018474714052308722,0.00010671711846500974,0.08725575336467013,0.0,0.0,0.0002133542875526473,0.08712714165449142,TRACKING,True,1
97209148627702,0.0036299799976404756,0.0870114417621508,6.932860884974331e-05,4.511623272796572e-06,0.08732837794461856,0.0,0.0,6.947525253053755e-05,0.0870114415884018,TRACKING,True,1
97209151560323,0.0029335160070331767,0.08747357398716381,8.125681516253133e-05,8.966629906705955e-05,0.08738703036457691,0.0,0.0,0.0001210070913657546,0.08747357130050659,TRACKING,True,1
97209153633397,0.0020721159962704405,0.08754097649746079,6.45419409485382e-05,8.654347217197077e-05,0.08742849184454747,0.0,0.0,0.00010796033893711865,0.08754097670316696,TRACKING,True,1
97209155725034,0.0020922819967381656,0.08753766410762569,-0.0003182616002723559,7.619079843988897e-05,0.08747032458451776,0.0,0.0,0.00032725444179959595,0.08753766119480133,TRACKING,True,1
97209157810457,0.002085617001284845,0.08745990996240954,-0.00024305767325512133,-0.00010718393156264428,0.08751203304448814,0.0,0.0,0.00026564154541119933,0.08745990693569183,TRACKING,True,1
97209159897719,0.00208709501021076,0.08737301070417088,-0.0001409764808191185,-0.0001371193825640434,0.08755377828445848,0.0,0.0,0.00019666238222271204,0.08737301081418991,TRACKING,True,1
97209161982934,0.002085104992147535,0.08750373664822048,-3.5761416842127315e-05,-7.607053431022354e-05,0.08759548258442887,0.0,0.0,8.405715925619006e-05,0.08750373870134354,TRACKING,True,1
97209164036498,0.002053435004199855,0.08761275360781351,-0.00011504247856598032,-7.432913558692038e-05,0.0876365538643997,0.0,0.0,0.00013696566747967154,0.08761275559663773,TRACKING,True,1
97209166106994,0.002070032001938671,0.08778971700589146,-9.16882140907512e-05,7.034750099436356e-05,0.08767796378437029,0.0,0.0,0.00011556599929463118,0.08778971433639526,TRACKING,True,1
97209168172507,0.0020654089894378558,0.08781729468836565,0.00013539746052816453,-0.000113881075265848,0.08771927404434095,0.0,0.0,0.0001769219379639253,0.08781729638576508,TRACKING,True,1
97209170241116,0.002068705012788996,0.08788825460711619,0.0002503066223967745,-0.00019552854214256577,0.08776064622431157,0.0,0.0,0.0003176236932631582,0.08788825571537018,TRACKING,True,1
97209172310682,0.0020703289919765666,0.087925775779193,0.00023536255142953365,-0.00013356570366655684,0.08780203754428217,0.0,0.0,0.0002706202503759414,0.08792577683925629,TRACKING,True,1
97209174397657,0.0020868870051344857,0.08810221575180639,0.0002258347377311054,-0.00011457142612687415,0.08784377704425253,0.0,0.0,0.0002532349608372897,0.08810221403837204,TRACKING,True,1
97209176472878,0.0020752979908138514,0.08821422908703994,0.00022428383427080414,0.0004395899452279718,0.08788528146422304,0.0,0.0,0.0004935003235004842,0.08821422606706619,TRACKING,True,1
97209178568374,0.002094795010634698,0.08787368010563834,0.0001846959798490266,0.0002855738692438143,0.08792719138419329,0.0,0.0,0.000340095633873716,0.0878736823797226,TRACKING,True,1
97209180654391,0.0021120189921930432,0.08794599348548642,-0.00022679229327545808,0.0002090990565398541,0.08796891172416366,0.0,0.0,0.000308475544443354,0.08794599026441574,TRACKING,True,1
97209182765657,0.002086246997350827,0.08790563971664006,-1.1281146273726532e-05,-5.255981567678727e-05,0.08801113704413367,0.0,0.0,5.3756844863528386e-05,0.0879056379199028,TRACKING,True,1
97209184835679,0.0020688790100393817,0.08829489135258786,-9.65731420751752e-06,-0.00011555886449066367,0.08805253748410426,0.0,0.0,0.00011596169497352093,0.08829489350318909,TRACKING,True,1
97209186919546,0.002084831998217851,0.08831072890902883,-0.0002599338217889229,-0.0002559623910927198,0.08809421482407466,0.0,0.0,0.0003648045239970088,0.08831072598695755,TRACKING,True,1
97209189029526,0.002109271998051554,0.0883818303305746,-0.00022067172328221396,-0.00014923040346708573,0.0881364144240447,0.0,0.0,0.00026639390853233635,0.088381826877594,TRACKING,True,1
97209191096095,0.002066393004497513,0.08793672045237619,-0.00038592725054562894,-0.00040111183331847304,0.08817774580401534,0.0,0.0,0.000556624261662364,0.08793672174215317,TRACKING,True,1
97209193161343,0.0020652659877669066,0.08835434409072696,-0.00028227871575973594,-3.711598678806543e-05,0.088219050763986,0.0,0.0,0.0002847083960659802,0.08835434168577194,TRACKING,True,1
97209195229909,0.0020686870120698586,0.08829220919804379,-4.954976436765367e-06,-0.00012992201184112816,0.08826042208395662,0.0,0.0,0.0001300164731219411,0.0882922112941742,TRACKING,True,1
97209197301198,0.002071154987788759,0.08823069065534067,-3.982770349595319e-05,-8.00254695038037e-05,0.0883018478639272,0.0,0.0,8.938860264606774e-05,0.0882306918501854,TRACKING,True,1
97209199387378,0.0020868140127277,0.08792982930070112,-4.1387375839161776e-05,-0.000234086949605913,0.08834357146389757,0.0,0.0,0.00023771751148160547,0.08792982995510101,TRACKING,True,1
97209201459563,0.002071593000437133,0.08798465158140495,-9.26069423143401e-05,-0.0002373588789290565,0.08838501516386814,0.0,0.0,0.0002547847689129412,0.08798465132713318,TRACKING,True,1
97209203543322,0.0020844249957008287,0.08814310696164375,0.00011561344594729761,2.9637913944285135e-05,0.08842669034383853,0.0,0.0,0.00011935189104406163,0.08814311027526855,TRACKING,True,1
97209205635334,0.0020921450050082058,0.08858238824668861,-5.786504573483637e-05,-1.4735117850081175e-05,0.08846853058380882,0.0,0.0,5.971169957774691e-05,0.08858238905668259,TRACKING,True,1
97209207726654,0.0020910669991280884,0.08851764399127507,-0.00012878274391804576,8.734274386320171e-05,0.08851035698377911,0.0,0.0,0.00015560768952127546,0.08851764351129532,TRACKING,True,1
97209209831998,0.002105829000356607,0.08867967595812332,-0.0001096870246758402,7.507135335198409e-05,0.08855246386374921,0.0,0.0,0.000132917077280581,0.08867967873811722,TRACKING,True,1
97209211930675,0.0020978199900127947,0.08889148493787481,-9.986835259268834e-05,0.00023970646735753978,0.0885944374037194,0.0,0.0,0.00025967840338125825,0.08889148384332657,TRACKING,True,1
97209214037701,0.002106726009515114,0.08882827039383472,1.9256736717561176e-05,0.00048311689538844125,0.08863657792368947,0.0,0.0,0.00048350050929002464,0.08882827311754227,TRACKING,True,1
97209216099695,0.002061955994577147,0.0887093857704647,8.022810908916154e-05,0.0005373906971499372,0.08867781780366019,0.0,0.0,0.0005433463957160711,0.08870938420295715,TRACKING,True,1
97209218166870,0.0020672009995905682,0.08877186158898301,0.0002937727547908536,0.0008057608795716666,0.08871916130363082,0.0,0.0,0.0008576438995078206,0.08877186477184296,TRACKING,True,1
97209220232747,0.002066055007162504,0.08905735418119591,0.00018929189430309218,0.0003871035699895099,0.08876047884360147,0.0,0.0,0.00043090671533718705,0.08905735611915588,TRACKING,True,1
97209222300054,0.0020671869860962033,0.0890434797933865,3.74032717511546e-05,0.00012634044427131333,0.08880182498357211,0.0,0.0,0.00013176081120036542,0.08904348313808441,TRACKING,True,1
97209224386530,0.002087180007947609,0.08914282866232272,0.0001544485032030966,-0.00019599855621823116,0.08884355450354248,0.0,0.0,0.00024953912361525,0.0891428291797638,TRACKING,True,1
97209226478213,0.0020917420042678714,0.08900100190537655,-6.854489621164038e-05,4.9134974976072635e-06,0.08888538816351277,0.0,0.0,6.872077938169241e-05,0.08900099992752075,TRACKING,True,1
97209228584016,0.0021057389967609197,0.08908469581649305,0.0001381395697882702,1.3758412359278892e-05,0.08892750422348285,0.0,0.0,0.0001388230302836746,0.089084692299366,TRACKING,True,1
97209230673445,0.0020895280031254515,0.08917930827133387,0.0002280875534625748,1.597512480772188e-05,0.08896929280345317,0.0,0.0,0.00022864631318952888,0.08917930722236633,TRACKING,True,1
97209232747639,0.0020737659942824394,0.08931869369704,-0.00015715534456237768,0.00020524611050618118,0.0890107766834237,0.0,0.0,0.00025850292877294123,0.08931869268417358,TRACKING,True,1
97209234835661,0.0020884289988316596,0.08902870367030861,-0.00015091149652983563,0.00018825962733241353,0.08905253712339406,0.0,0.0,0.00024127984943334013,0.08902870118618011,TRACKING,True,1
97209236908563,0.002072365998174064,0.08911630713132775,-0.0003292242161625982,0.00013809441009405313,0.08909399516336461,0.0,0.0,0.00035701351589523256,0.08911630511283875,TRACKING,True,1
97209239022411,0.0021138349984539673,0.0887719034165546,-0.00024516172813555904,1.2198116488542873e-05,0.08913627212333458,0.0,0.0,0.0002454650239087641,0.08877190202474594,TRACKING,True,1
97209241094711,0.002072184011922218,0.08921697105814407,-0.00020579888047218974,-0.00011943882285675023,0.08917771812330515,0.0,0.0,0.00023794706794433296,0.08921696990728378,TRACKING,True,1
97209243166563,0.002071849987260066,0.08912337086228017,-0.00027999921782547235,-7.673715391459996e-05,0.08921915516327572,0.0,0.0,0.0002903242129832506,0.08912336826324463,TRACKING,True,1
97209245239705,0.00207316801242996,0.08923934178036817,0.00010805953823123153,-0.0002762166847781301,0.08926061800324628,0.0,0.0,0.0002966016181744635,0.08923934400081635,TRACKING,True,1
97209247312753,0.002073567986371927,0.08939330767166118,-0.00017853725200387126,-0.0002289136713135443,0.08930207896321683,0.0,0.0,0.00029030503355897963,0.08939331024885178,TRACKING,True,1
97209249385249,0.002071878014248796,0.08960225537984486,0.00010093131650976112,4.64758347317937e-06,0.08934352888318739,0.0,0.0,0.00010103826207341626,0.08960225433111191,TRACKING,True,1
97209251471653,0.0020868089923169464,0.0894529069114486,0.00023503256488414124,0.00027242228139249283,0.08938525696315776,0.0,0.0,0.0003597974427975714,0.08945290744304657,TRACKING,True,1
97209253544527,0.002072518997010775,0.08922909043568754,5.5695936479477625e-05,0.00019313192701095745,0.0894267144431283,0.0,0.0,0.00020100243273191154,0.08922909200191498,TRACKING,True,1
97209255630765,0.0020867860002908856,0.08938981710957294,9.519640327215913e-05,9.146917729182278e-05,0.08946843920309867,0.0,0.0,0.00013201880210544914,0.08938981592655182,TRACKING,True,1
97209257716984,0.002086306005367078,0.08934805577531058,0.00015798940866928882,-6.639101696848763e-05,0.08951016358306904,0.0,0.0,0.0001713721576379612,0.08934805542230606,TRACKING,True,1
97209259802966,0.0020858789939666167,0.08942339549670082,0.00018895534114031154,4.200752748582945e-05,0.08955188322303942,0.0,0.0,0.0001935684704221785,0.08942339569330215,TRACKING,True,1
97209261869551,0.0020658940047724172,0.08967216882205503,0.00028986169379703185,0.00015695181867221835,0.08959321492301006,0.0,0.0,0.0003296265786048025,0.08967217057943344,TRACKING,True,1
97209263955348,0.0020867610001005232,0.0899624906489185,-4.246639836029799e-05,0.0001463378102549798,0.08963493086298042,0.0,0.0,0.00015237503976095468,0.08996248990297318,TRACKING,True,1
97209266041151,0.002085646992782131,0.08993353918193374,-5.789574732154719e-05,0.00010272077300144383,0.0896766469229508,0.0,0.0,0.00011791299766628072,0.08993353694677353,TRACKING,True,1
97209268246024,0.0022046410012990236,0.08996113517098786,-8.709570220030733e-05,0.0004368759036053961,0.08972074438291948,0.0,0.0,0.00044547303696163,0.08996113389730453,TRACKING,True,1
97209271394998,0.0031484990031458437,0.09029013895787501,-0.00012778840793972875,0.0004766871824022342,0.08978372386287475,0.0,0.0,0.0004935185424983501,0.0902901366353035,TRACKING,True,1
97209273478616,0.002084489999106154,0.09031400814256506,-2.6707463665742926e-05,0.00028684057186078,0.08982539622284516,0.0,0.0,0.00028808123897761106,0.09031400829553604,TRACKING,True,1
97209275540025,0.0020604360033757985,0.09028675898933401,2.509067067634778e-05,0.00010391206680345169,0.08986662440281588,0.0,0.0,0.00010689836199162528,0.09028676152229309,TRACKING,True,1
97209277625317,0.0020866319973720238,0.09034912796787647,6.085269818189669e-05,0.00027866770336311186,0.08990833024278626,0.0,0.0,0.00028523453511297703,0.09034913033246994,TRACKING,True,1
97209279715717,0.002090494002914056,0.09001906577145577,-8.509314922588751e-05,-0.0003583834985659431,0.08995013824275656,0.0,0.0,0.0003683470713440329,0.09001906216144562,TRACKING,True,1
97209281799440,0.0020828449924010783,0.08997641607456032,-0.00024603726564743423,-0.00011720323156244142,0.08999181270272696,0.0,0.0,0.0002725269296206534,0.08997641503810883,TRACKING,True,1
97209283883029,0.0020839019998675212,0.09021312918896301,-0.00013026612148033873,9.425677010263829e-05,0.09003348448269738,0.0,0.0,0.0001607905578566715,0.09021312743425369,TRACKING,True,1
97209285968864,0.0020858090138062835,0.0900772658482888,-0.00029307855843628235,0.00031271611625139793,0.09007520118266775,0.0,0.0,0.0004285865288693458,0.09007726609706879,TRACKING,True,1
97209288035491,0.002066636996460147,0.09030381156050443,-4.9914200582165105e-05,0.0001497811671858711,0.09011653372263839,0.0,0.0,0.00015787914162501693,0.09030380845069885,TRACKING,True,1
97209290104617,0.0020683609909610823,0.09046893337086993,8.49882451810108e-05,0.0005694257363019306,0.09015791624260901,0.0,0.0,0.0005757331964559853,0.09046893566846848,TRACKING,True,1
97209292169883,0.0020652189996326342,0.08993773047506312,-0.00015291679888894053,0.0005245999379609137,0.09019922156257967,0.0,0.0,0.0005464326241053641,0.0899377316236496,TRACKING,True,1
97209294235919,0.0020660340087488294,0.09021450702625605,-3.2128870147335846e-05,0.0003127139527123497,0.09024054228255032,0.0,0.0,0.00031436013523489237,0.09021450579166412,TRACKING,True,1
97209296304967,0.0020690719975391403,0.09015823399275406,0.00027850393889341726,0.0004103782779463806,0.09028192324252093,0.0,0.0,0.00049595843302086,0.09015823155641556,TRACKING,True,1
97209298405002,0.002101118996506557,0.09031442178144944,0.00026083577888014235,0.0005729564978103629,0.0903239239424911,0.0,0.0,0.0006295351195149124,0.09031441807746887,TRACKING,True,1
97209300550145,0.0021443650039145723,0.09019277116978973,-2.8249666383439688e-05,0.000355612620749417,0.09036682680246064,0.0,0.0,0.0003567329258657992,0.0901927724480629,TRACKING,True,1
97209304507185,0.003956886997912079,0.09013650939151074,0.00014530470221972021,0.00036227110676789173,0.09044596760240442,0.0,0.0,0.0003903252654708922,0.09013651311397552,TRACKING,True,1
97209307191155,0.0026838560006581247,0.09043165381856924,6.0659561220372465e-05,0.00013597427195000242,0.09049964700236629,0.0,0.0,0.0001488911802880466,0.09043165296316147,TRACKING,True,1
97209309276285,0.002085291998810135,0.09058087783974667,-0.0003234355124539084,-0.0001786935614057168,0.09054134960233667,0.0,0.0,0.00036951579386368394,0.09058088064193726,TRACKING,True,1
97209311469130,0.002192757005104795,0.09043638048509277,-0.00044841708463587416,-0.00010747136797521412,0.09058520650230553,0.0,0.0,0.00046111602568998933,0.09043638408184052,TRACKING,True,1
97209313583115,0.0021141539909876883,0.09033386813431989,-0.00016533736234974948,-8.346699125163377e-05,0.09062748620227551,0.0,0.0,0.00018521117453929037,0.09033387154340744,TRACKING,True,1
97209315713349,0.002130293010850437,0.09019231570763836,-0.0005407271507657551,0.00027919516835512133,0.09067009088224524,0.0,0.0,0.0006085522472858429,0.09019231796264648,TRACKING,True,1
97209318273225,0.0025596229970688,0.0904663107095256,-0.0002693212428928941,9.195053380682387e-05,0.09072128840220889,0.0,0.0,0.0002845853450708091,0.09046631306409836,TRACKING,True,1
97209320743838,0.0024705969990463927,0.09043006954426833,6.515747510133245e-05,-0.00015091300207382497,0.0907707006621738,0.0,0.0,0.00016437831800431013,0.09043006598949432,TRACKING,True,1
97209322808209,0.00206429700483568,0.0905200778031337,4.0874865575513556e-05,-0.0002546719980702195,0.09081198808214447,0.0,0.0,0.000257931329542771,0.09052007645368576,TRACKING,True,1
97209325051257,0.0022431379911722615,0.09057011937670953,-7.118659972983585e-05,-0.00025359105058371566,0.09085684904211261,0.0,0.0,0.0002633931580930948,0.0905701220035553,TRACKING,True,1
97209327117176,0.002065770997432992,0.09098866398037611,-3.8844221800660584e-05,1.1600996825158344e-05,0.09089816742208327,0.0,0.0,4.053956945426762e-05,0.09098866581916809,TRACKING,True,1
97209329180973,0.00206379200972151,0.09084028772870523,-0.00012597890055488477,-0.00010769921844313016,0.09093944336205395,0.0,0.0,0.00016574017354287207,0.09084028750658035,TRACKING,True,1
97209331244860,0.0020640119910240173,0.09063431690242306,-8.246642367507483e-05,-0.00032635814573244066,0.09098072110202464,0.0,0.0,0.00033661603811196983,0.0906343162059784,TRACKING,True,1
97209333309583,0.0020645760087063536,0.09058836321905114,-5.653525799472995e-05,-0.00016042432935837257,0.09102201556199531,0.0,0.0,0.00017009468865580857,0.09058836102485657,TRACKING,True,1
97209335394489,0.0020856259943684563,0.09064119087792291,-1.3018597034793941e-05,0.00010659864776300487,0.0910637136819657,0.0,0.0,0.00010739066783571616,0.09064119309186935,TRACKING,True,1
97209337481375,0.002087037995806895,0.09109073589225931,0.00015139122344365598,1.051484329989331e-05,0.09110545140193606,0.0,0.0,0.00015175594307947904,0.09109073877334595,TRACKING,True,1
97209339569241,0.002087669010506943,0.09136383855775995,4.415047109847657e-05,-4.9795332610980005e-05,0.0911472087219064,0.0,0.0,6.654952449025586e-05,0.09136383980512619,TRACKING,True,1
97209341657190,0.0020881620002910495,0.09149932795741779,9.331406598654755e-05,5.6232163529771714e-05,0.09118896770187673,0.0,0.0,0.0001089475626940839,0.09149932861328125,TRACKING,True,1
97209343748494,0.0020913659973302856,0.09128141792556764,1.0819365434324246e-05,9.242752046081794e-05,0.09123079378184704,0.0,0.0,9.30586174945347e-05,0.09128142148256302,TRACKING,True,1
97209345824948,0.002075940996292047,0.09139972882238022,0.0001065035419709283,-0.00025824614197379595,0.09127232286181754,0.0,0.0,0.0002793458115775138,0.09139972925186157,TRACKING,True,1
97209347916517,0.002092227994580753,0.09179808246772618,0.0002120451515468191,-0.0003118602628189926,0.09131415424178783,0.0,0.0,0.00037712062476202846,0.0917980819940567,TRACKING,True,1
97209350016930,0.002099541001371108,0.09187967469352344,0.0001148895404706366,-0.0002665894527412817,0.091356162501758,0.0,0.0,0.00029029216966591775,0.09187967330217361,TRACKING,True,1
97209352088305,0.002071384005830623,0.09203091898137912,-0.00012270050480389682,-0.0003488149212482539,0.09139759000172858,0.0,0.0,0.00036976649425923824,0.09203092008829117,TRACKING,True,1
97209354159987,0.002071677998173982,0.09169471972192324,-0.00017901554690591756,0.0003600889629246716,0.09143902364169915,0.0,0.0,0.00040213263127952814,0.09169472008943558,TRACKING,True,1
97209356240122,0.002080061996821314,0.09156930236420076,-0.0002910298289073705,0.00026565703698340574,0.0914806263416696,0.0,0.0,0.00039404569542966783,0.09156930446624756,TRACKING,True,1
97209358313892,0.0020740040054079145,0.09171865663138623,4.311764849787412e-05,2.1159779468478673e-05,0.09152210174164015,0.0,0.0,4.802986222784966e-05,0.0917186588048935,TRACKING,True,1
97209360400006,0.002086334992782213,0.09204719368526051,6.581546906466246e-05,-0.00013554682343123705,0.09156382402161051,0.0,0.0,0.00015068051288835704,0.09204719215631485,TRACKING,True,1
97209362467470,0.002066818007733673,0.09178359708489009,0.00013442321846857184,-7.835301199906998e-05,0.09160517330158115,0.0,0.0,0.0001555917551741004,0.09178359806537628,TRACKING,True,1
97209364554779,0.0020882109965896234,0.09169173999184667,0.00011958435995976515,0.00037502385233619136,0.0916469194815515,0.0,0.0,0.0003936283756047487,0.09169173985719681,TRACKING,True,1
97209366642838,0.0020881429954897612,0.09198434926390062,-5.413906534347139e-06,0.00011953089880789298,0.09168868066152183,0.0,0.0,0.00011965344310738146,0.0919843465089798,TRACKING,True,1
97209368715902,0.0020913220068905503,0.0921069093994995,-0.0001877517340040174,-0.0002480302957817497,0.09173014194149239,0.0,0.0,0.0003110783582087606,0.0921069085597992,TRACKING,True,1
97209370822648,0.0020883050019619986,0.09184671230071614,-0.0003545772203389615,-0.0004227197344330479,0.09177227686146247,0.0,0.0,0.0005517399404197931,0.09184671193361282,TRACKING,True,1
97209372913415,0.0020906549907522276,0.09182143580508144,-0.000370285791281727,-0.00033268788896801977,0.09181409220143277,0.0,0.0,0.0004977878998033702,0.09182143211364746,TRACKING,True,1
97209375011312,0.0020981440029572695,0.0919256803522716,-0.0003336337507598482,-0.00047605682962245383,0.09185605014140297,0.0,0.0,0.0005813274183310568,0.09192568063735962,TRACKING,True,1
97209377104202,0.0020925790013279766,0.0917752509319849,-6.233437712465886e-05,-0.000501304991496082,0.09189790794137324,0.0,0.0,0.0005051655462011695,0.09177525341510773,TRACKING,True,1
97209379210360,0.0021061080042272806,0.09165695986360554,3.4339091824367186e-05,-0.0004913752277795833,0.09194003110134333,0.0,0.0,0.0004925735993310809,0.09165696054697037,TRACKING,True,1
97209381756805,0.00254617199243512,0.09163431955171182,6.588650454628514e-05,-0.00034079434085272056,0.09199096000130716,0.0,0.0,0.0003471048839855939,0.09163431823253632,TRACKING,True,1
97209384224807,0.0024677320034243166,0.0917061469792143,-3.324162218839609e-05,-2.6151983492570072e-05,0.0920403200412721,0.0,0.0,4.229576370562427e-05,0.09170614928007126,TRACKING,True,1
97209386286154,0.0020612930093193427,0.09192785616554217,-0.00014718483223590646,-9.327439634172076e-05,0.09208154698124282,0.0,0.0,0.00017425122496206313,0.09192785620689392,TRACKING,True,1
97209388361231,0.0020750619878526777,0.09231164033545412,-0.00013485455704806174,3.868585130091905e-06,0.09212304852121335,0.0,0.0,0.00013491003483068198,0.09231164306402206,TRACKING,True,1
97209390445438,0.0020842790108872578,0.09234306998323867,-0.00017635781335376306,3.4608273085200217e-05,0.09216473266118375,0.0,0.0,0.0001797214790713042,0.09234306961297989,TRACKING,True,1
97209392535495,0.0020910210005240515,0.0921535575570135,-0.00015856155018787252,0.00023334076922189477,0.09220653380115405,0.0,0.0,0.00028211643802933395,0.09215355664491653,TRACKING,True,1
97209394621642,0.0020861529919784516,0.09218890393321774,0.0001774038968921673,0.00019003274958853808,0.09224825674112443,0.0,0.0,0.00025997034390456975,0.09218890219926834,TRACKING,True,1
97209396690310,0.002067791996523738,0.09234952039199892,0.00014020756523976037,-3.261926308913344e-05,0.09228963010109505,0.0,0.0,0.00014395199832506478,0.09234952181577682,TRACKING,True,1
97209398760260,0.0020701930043287575,0.09256747928330748,0.00034869127842215587,3.862831582509052e-05,0.09233102910106564,0.0,0.0,0.00035082438262179494,0.09256748110055923,TRACKING,True,1
97209400847267,0.0020877390052191913,0.09253183990007105,0.00018477038373907134,0.00011924697396428227,0.09237276924103599,0.0,0.0,0.0002199089212808758,0.09253183752298355,TRACKING,True,1
97209402922172,0.0020740289910463616,0.09271500542750752,0.0002862331360934001,0.00012912914297241347,0.09241426734100652,0.0,0.0,0.0003140123444609344,0.09271500259637833,TRACKING,True,1
97209405029750,0.002107742999214679,0.0926598424210687,0.0002140434946804518,6.011695932320698e-05,0.09245641890097658,0.0,0.0,0.00022232558694668114,0.0926598459482193,TRACKING,True,1
97209407101490,0.0020717220031656325,0.09244202342341179,0.0005056890956469637,-0.00010329676544882881,0.09249785370094715,0.0,0.0,0.0005161314620636404,0.09244202077388763,TRACKING,True,1
97209409174616,0.0020729480020236224,0.09233847898639175,0.0005850110129877825,2.7213965785275116e-05,0.09253931622091771,0.0,0.0,0.0005856436910107732,0.09233848005533218,TRACKING,True,1
97209411255108,0.0020811529975617304,0.09255493765765413,0.000284398720137621,1.896682819336172e-05,0.09258092606088816,0.0,0.0,0.00028503048815764487,0.09255493432283401,TRACKING,True,1
97209413329163,0.002073698997264728,0.09275064353433547,0.0006837862157294749,0.00011265082660635493,0.0926224071608587,0.0,0.0,0.0006930034724064171,0.09275064617395401,TRACKING,True,1
97209415397374,0.0020678820001194254,0.09277615842801566,0.0005629007470810811,8.486061672127497e-05,0.09266377138082932,0.0,0.0,0.0005692614358849823,0.09277615696191788,TRACKING,True,1
97209417481002,0.0020844649989157915,0.09264203284953314,4.3981280858553765e-05,0.00014733671416300806,0.09270544394079973,0.0,0.0,0.0001537610514787957,0.09264203161001205,TRACKING,True,1
97209419564067,0.002082788007101044,0.09244928153959787,0.0002454404423897868,7.288757532413793e-07,0.09274710524077014,0.0,0.0,0.0002454415080137551,0.09244928508996964,TRACKING,True,1
97209421646714,0.002098629003739916,0.09251542795318114,-5.855800094459559e-05,-0.00019447570656245633,0.09278875818074056,0.0,0.0,0.00020310057152528316,0.09251543134450912,TRACKING,True,1
97209423789123,0.0021265550021780655,0.09253514033555185,1.1902328523075662e-05,-0.00021872040688069013,0.09283160636071013,0.0,0.0,0.0002190440136473626,0.09253513813018799,TRACKING,True,1
97209425885830,0.002097443997627124,0.0926489482221181,-9.745164038207658e-05,-5.7074647567210605e-05,0.09287354050068035,0.0,0.0,0.00011293510033283383,0.092648945748806,TRACKING,True,1
97209427977999,0.0020918059890391305,0.09283422851412372,1.3170768149159241e-05,-0.00022912541712905802,0.09291538388065063,0.0,0.0,0.00022950365382712334,0.0928342267870903,TRACKING,True,1
97209430042407,0.0020645210024667904,0.09275410159784715,-0.00023650007778925017,-3.042280646286169e-05,0.0929566720406213,0.0,0.0,0.00023844881798140705,0.09275410324335098,TRACKING,True,1
97209432114582,0.0020711550023406744,0.09238531647211175,0.0001112504846982438,-8.457711151526928e-05,0.09299811554059187,0.0,0.0,0.00013974962348584086,0.09238531440496445,TRACKING,True,1
97209434185443,0.002070999995339662,0.09251982654190158,9.314766959190239e-05,-0.00011336139166666511,0.09303953276056245,0.0,0.0,0.00014672182442154735,0.09251982718706131,TRACKING,True,1
97209436256808,0.0020711870020022616,0.09267304880280085,0.00011780599389020778,2.2386210883697304e-05,0.09308096006053303,0.0,0.0,0.00011991411884082481,0.09267304837703705,TRACKING,True,1
97209438450060,0.002193762004026212,0.09275823146438097,0.00035314709171450556,-0.00023217812755817343,0.09312482510050188,0.0,0.0,0.0004226340679451823,0.09275823086500168,TRACKING,True,1
97209441851684,0.003401178997592069,0.09308541033561823,0.0002628081013106329,-0.0003432415501767115,0.09319285758045356,0.0,0.0,0.0004322995082475245,0.0930854082107544,TRACKING,True,1
97209444759718,0.002907859001425095,0.09331741812849344,0.0003955796048114896,-0.0005125118680981465,0.09325101826041225,0.0,0.0,0.0006474192487075925,0.0933174192905426,TRACKING,True,1
97209446832034,0.0020723089983221143,0.09343382072218773,0.00022739052358989163,-0.00029714814389842097,0.09329246458038282,0.0,0.0,0.00037417036946862936,0.09343381971120834,TRACKING,True,1
97209448918692,0.002086998996674083,0.09311668672632459,0.0002473692510447796,1.1394638915353911e-05,0.09333419774035318,0.0,0.0,0.00024763154215179384,0.09311668574810028,TRACKING,True,1
97209451021030,0.002102088008541614,0.0932797521743773,2.773521557391056e-05,-6.286792264570724e-05,0.09337624450032332,0.0,0.0,6.871402729302645e-05,0.09327974915504456,TRACKING,True,1
97209453091359,0.002070314993034117,0.09340627083793941,-2.6606310409762885e-05,-0.000293767594586372,0.09341765108029391,0.0,0.0,0.0002949699992313981,0.09340626746416092,TRACKING,True,1
97209455200145,0.002109189998009242,0.09323252537716062,-0.0002937020896691922,-0.00019073098655776879,0.09345982680026396,0.0,0.0,0.00035019885399378836,0.09323252737522125,TRACKING,True,1
97209458391344,0.003190859002643265,0.09368640703411087,4.124263854608432e-05,-0.0001728518650063836,0.09352365078021863,0.0,0.0,0.0001777040451997891,0.09368640929460526,TRACKING,True,1
97209460484352,0.002093246002914384,0.09362567825575657,0.00018602715296574037,3.0558406145599656e-06,0.09356551094018889,0.0,0.0,0.00018605224613565952,0.09362567961215973,TRACKING,True,1
97209462995965,0.002511622995370999,0.0938687104223383,0.0001904317406020483,-7.64543828157024e-05,0.09361574320015321,0.0,0.0,0.00020520604448392987,0.09386871010065079,TRACKING,True,1
97209465033229,0.002036871010204777,0.09391937819322871,0.00043033162436470246,-6.702873535736792e-06,0.09365648848012428,0.0,0.0,0.0004303838359192014,0.09391938149929047,TRACKING,True,1
97209467096989,0.002063740001176484,0.09423224867696763,0.00011344065100327806,-6.461724596637535e-05,0.09369776368009497,0.0,0.0,0.000130553322378546,0.09423224627971649,TRACKING,True,1
97209469159139,0.0020620879950001836,0.0941197782577753,4.888377815399538e-05,0.00011913315596753023,0.09373900668006567,0.0,0.0,0.00012877240078523755,0.09411977976560593,TRACKING,True,1
97209471223350,0.0020641390001401305,0.09407873918315743,0.00014546977528728534,0.00034212919635550075,0.09378029090003635,0.0,0.0,0.000371771224308759,0.09407874196767807,TRACKING,True,1
97209473290134,0.002066793997073546,0.09379659301012551,3.809687496841323e-05,0.0005731829123349961,0.09382162658000699,0.0,0.0,0.0005744475638493896,0.09379659593105316,TRACKING,True,1
97209475375027,0.0020855500042671338,0.09378386630736164,-0.00017172074396023848,0.00021227642619179752,0.09386332443997739,0.0,0.0,0.00027303717797622085,0.09378386288881302,TRACKING,True,1
97209477461106,0.002086116001009941,0.09364301374845403,-0.000143017972689814,0.00017728743969999786,0.09390504601994776,0.0,0.0,0.00022778272978030145,0.09364301711320877,TRACKING,True,1
97209479550410,0.0020895269990433007,0.09383460475595166,3.8725068442122066e-05,8.069836102520412e-05,0.09394683209991807,0.0,0.0,8.950896881287917e-05,0.09383460134267807,TRACKING,True,1
97209481663290,0.0021122949983691797,0.09405859485557015,0.00021912899683892918,-0.00020466672079181599,0.09398908969988806,0.0,0.0,0.0002998432610183954,0.09405859559774399,TRACKING,True,1
97209483744084,0.002081551996525377,0.09389280202230803,0.00021896085757228915,-0.0003479477744906277,0.0940307055798585,0.0,0.0,0.0004111100861337036,0.09389280527830124,TRACKING,True,1
97209486633205,0.002888022005208768,0.09417854341724,2.7019721797089227e-05,-0.00034244026029884775,0.09408848799981746,0.0,0.0,0.00034350459463894367,0.09417854249477386,TRACKING,True,1
97209489566857,0.0029343670030357316,0.09421426533766769,0.0004298513625019912,-0.0004282895459344963,0.0941471610397758,0.0,0.0,0.0006067982758395374,0.09421426802873611,TRACKING,True,1
97209491646923,0.002079830999718979,0.09421869893743941,0.00013522822517313306,-0.00017894486177818592,0.09418876235974626,0.0,0.0,0.00022429430100601166,0.09421870112419128,TRACKING,True,1
97209493732190,0.0020856219925917685,0.09421815578666061,6.88114877907254e-05,-3.8842803086792954e-05,0.09423046769971663,0.0,0.0,7.901762000983581e-05,0.09421815723180771,TRACKING,True,1
97209495821832,0.0020901759999105707,0.09421620917110413,4.288139423968369e-05,6.127873458803603e-05,0.09427226053968694,0.0,0.0,7.479236228391528e-05,0.09421621263027191,TRACKING,True,1
97209497909412,0.002086954002152197,0.09426565059560507,-2.5374421225066367e-05,-0.0001251155371104011,0.0943140121396573,0.0,0.0,0.0001276626717299223,0.0942656472325325,TRACKING,True,1
97209499994194,0.0020849499996984378,0.09439437505257652,5.561003561638082e-08,-0.00011250691631941714,0.09435570777962768,0.0,0.0,0.00011250693205511197,0.09439437836408615,TRACKING,True,1
97209502045664,0.0020514810021268204,0.09430277482949201,-9.407841175851753e-05,-0.0002531689322403723,0.09439673717959854,0.0,0.0,0.0002700837794691324,0.09430277347564697,TRACKING,True,1
97209504122412,0.0020760859915753826,0.09468933634066105,4.474909111408888e-05,0.00019088431084272498,0.09443827213956904,0.0,0.0,0.0001960594381671399,0.09468933939933777,TRACKING,True,1
97209506196111,0.002073592011583969,0.09432654139632554,-0.0002637554881640666,0.000167973311338691,0.09447974611953959,0.0,0.0,0.0003127011295873672,0.09432654082775116,TRACKING,True,1
97209508267864,0.0020719719905173406,0.09438399985299142,-0.0002599563686534518,-8.40365326177804e-06,0.09452118117951017,0.0,0.0,0.00026009217253886163,0.09438399970531464,TRACKING,True,1
97209510340334,0.0020724229980260134,0.09442283694442502,-0.0006363812657058921,0.00042638936420276923,0.09456263057948072,0.0,0.0,0.0007660215487703681,0.0944228395819664,TRACKING,True,1
97209512432588,0.0020933350024279207,0.09444945712809091,-0.0004521915446119587,0.0004373176449077016,0.094604475659451,0.0,0.0,0.0006290659075602889,0.09444946050643921,TRACKING,True,1
97209514522199,0.0020895699999528006,0.09451106791595229,-0.00023557401978833238,0.00040383283983710656,0.09464626787942132,0.0,0.0,0.00046752122580073774,0.09451106935739517,TRACKING,True,1
97209516609101,0.002086553009576164,0.0947378234230312,-5.7357649104909024e-05,0.00045536832611026937,0.09468800591939168,0.0,0.0,0.0004589664749801159,0.09473782032728195,TRACKING,True,1
97209518703582,0.002094829993438907,0.09496333283305516,-1.0185350311412573e-05,0.00039568656063491855,0.09472989553936194,0.0,0.0,0.0003958176530431956,0.09496333450078964,TRACKING,True,1
97209520799029,0.002094465002301149,0.09483562831475703,0.000145374862498304,2.921920662300292e-05,0.09477180447933217,0.0,0.0,0.00014828219718765467,0.09483563154935837,TRACKING,True,1
97209522892392,0.0020936159999109805,0.09461440708433246,-3.4833786891484464e-05,0.00011896878270686243,0.09481367173930244,0.0,0.0,0.0001239635603269562,0.0946144089102745,TRACKING,True,1
97209524984263,0.002092063004965894,0.0946345797175075,-6.95495930645896e-05,0.00031221366583307204,0.09485550915927272,0.0,0.0,0.00031986640533432364,0.09463457763195038,TRACKING,True,1
97209527049755,0.002065075997961685,0.09506256201477677,0.0003595869023018606,0.00041461139999056823,0.09489681899924338,0.0,0.0,0.0005488217575475574,0.09506256133317947,TRACKING,True,1
97209529123679,0.0020738789899041876,0.09518233880948468,0.00034243541523858943,9.114911735606042e-05,0.09493829747921392,0.0,0.0,0.0003543588100001216,0.09518233686685562,TRACKING,True,1
97209531205379,0.002081696002278477,0.09518388176631934,0.00021926081796559102,0.00026695773378639125,0.09497993147918435,0.0,0.0,0.0003454587422311306,0.09518387913703918,TRACKING,True,1
97209533249350,0.0020440439984668046,0.09526959725831521,-6.855183586145121e-06,0.0001374525279134794,0.09502081089915532,0.0,0.0,0.00013762337039224803,0.0952695980668068,TRACKING,True,1
97209536724372,0.003474969998933375,0.09534932171061587,4.551647731817979e-05,-3.6463817025254614e-06,0.09509031133910596,0.0,0.0,4.5662301999982446e-05,0.09534931927919388,TRACKING,True,1
97209538939657,0.002216004009824246,0.09547123525520816,-0.00029090030206338176,0.00011413748081885562,0.0951346170390745,0.0,0.0,0.0003124905633740127,0.09547123312950134,TRACKING,True,1
97209541495119,0.002554619000875391,0.0952573253957328,-0.00043900912016388435,2.3805782043843102e-05,0.0951857262790382,0.0,0.0,0.000439654104411602,0.09525732696056366,TRACKING,True,1
97209543585059,0.0020911640021950006,0.09548711590343566,-0.0005557750196434712,-9.114809665302866e-06,0.09522752507900852,0.0,0.0,0.0005558497505262494,0.09548711776733398,TRACKING,True,1
97209545656760,0.0020704859925899655,0.09544228409246212,-0.0004323558296539712,-7.561630865388301e-05,0.09526895909897909,0.0,0.0,0.0004389184177853167,0.0954422876238823,TRACKING,True,1
97209547748187,0.002092626004014164,0.09540489648790998,-0.00023833185811554704,0.00021519254773140703,0.09531078763894937,0.0,0.0,0.0003211073053535074,0.09540489315986633,TRACKING,True,1
97209549838897,0.002090901994961314,0.09492604633416024,-0.00010533808760193025,0.0002990332625886824,0.09535260183891968,0.0,0.0,0.0003170441777911037,0.09492604434490204,TRACKING,True,1
97209551915413,0.00207526700978633,0.0948101875314235,4.67236549441899e-05,0.00036646674017726467,0.09539413215889019,0.0,0.0,0.00036943331360816956,0.09481018781661987,TRACKING,True,1
97209554025532,0.0021100519952597097,0.0949915793766389,7.651546847438153e-05,0.00013047741478841156,0.09543633453886022,0.0,0.0,0.00015125797654036433,0.09499157965183258,TRACKING,True,1
97209556098010,0.00207234600384254,0.09497271477882686,-4.733097425280218e-05,-3.796444319632039e-05,0.09547778409883077,0.0,0.0,6.067553113098256e-05,0.09497271478176117,TRACKING,True,1
97209558244774,0.0021472749940585345,0.0953648911951646,-0.00014358435296584182,9.527591698947505e-05,0.09552071937880029,0.0,0.0,0.0001723193854559213,0.09536489099264145,TRACKING,True,1
97209561789892,0.003544655002770014,0.09563423574468236,0.00012183455609871883,7.003631398350005e-05,0.09559162173874994,0.0,0.0,0.00014053023187443614,0.09563423693180084,TRACKING,True,1
97209565476987,0.0036878300015814602,0.0957658134335392,-6.14330376858858e-05,-0.00013564119878755232,0.09566536363869756,0.0,0.0,0.00014890450984239578,0.09576581418514252,TRACKING,True,1
97209567550776,0.0020730739925056696,0.09605924579716874,0.0001535105430268627,-0.00026768421956417676,0.0957068394186681,0.0,0.0,0.00030857790261507034,0.09605924785137177,TRACKING,True,1
97209569632872,0.0020829650020459667,0.09582278852445744,0.00040659974903922274,-0.00011643453665519823,0.09574848133863853,0.0,0.0,0.0004229425103403628,0.0958227887749672,TRACKING,True,1
97209571699444,0.002065670007141307,0.09605162049003547,0.0005308552069692007,-9.873537631023652e-05,0.09578981277860918,0.0,0.0,0.0005399591755121946,0.09605161845684052,TRACKING,True,1
97209573767257,0.0020679109875345603,0.09616734114683992,0.00013458336884298515,-6.72684145334118e-05,0.0958311690385798,0.0,0.0,0.00015045837790239602,0.09616734087467194,TRACKING,True,1
97209575856818,0.0020903820113744587,0.09623522958370596,0.00033696542169515937,-3.810284856311236e-05,0.09587296025855012,0.0,0.0,0.000339112855726853,0.0962352305650711,TRACKING,True,1
97209577949143,0.0020922519906889647,0.09624734014878439,6.951300153246534e-05,0.0001433585758443995,0.0959148067585204,0.0,0.0,0.00015932274982333183,0.09624733775854111,TRACKING,True,1
97209580039524,0.00209022501076106,0.09593933411027197,-1.5929625746105718e-05,6.830692176221066e-05,0.0959566143784907,0.0,0.0,7.013978029135615e-05,0.09593933075666428,TRACKING,True,1
97209582108817,0.002068534988211468,0.09582396168233481,-0.00011651104400591405,-1.044772869885499e-05,0.09599800023846132,0.0,0.0,0.00011697853915393353,0.09582395851612091,TRACKING,True,1
97209584179329,0.0020704480120912194,0.09610131685819785,3.975316176571215e-05,5.6131286276545365e-05,0.09603941047843191,0.0,0.0,6.878252315800637e-05,0.096101313829422,TRACKING,True,1
97209586253669,0.002074614996672608,0.09618834923174907,9.673354376033778e-05,-0.00013268029983529725,0.09608089727840244,0.0,0.0,0.00016419938765466213,0.09618835151195526,TRACKING,True,1
97209588341020,0.0020882050012005493,0.09613464150203815,2.3335063578808796e-05,5.0807858974407706e-05,0.09612264429837279,0.0,0.0,5.591031731455587e-05,0.09613464027643204,TRACKING,True,1
97209590444416,0.002102692989865318,0.09623062726650132,0.00011414284363724704,-0.00017569306369699038,0.09616471221834291,0.0,0.0,0.00020951525948476046,0.09623062610626221,TRACKING,True,1
97209592534017,0.0020901270036119968,0.09653347825754889,-4.002929986732347e-05,-0.0002883547544489164,0.09620650423831324,0.0,0.0,0.0002911199117079377,0.09653347730636597,TRACKING,True,1
97209594613533,0.002078860008623451,0.09646546739582344,2.234914976790222e-05,-0.000220862187877114,0.0962480945582837,0.0,0.0,0.00022199007798917592,0.09646546840667725,TRACKING,True,1
97209596704210,0.002091367990942672,0.09669236535058709,-8.540333692727282e-05,-0.00022850614558878708,0.09628990809825401,0.0,0.0,0.00024394423235207796,0.09669236838817596,TRACKING,True,1
97209598799417,0.0020952129998477176,0.09635240325296436,0.00017616036854107805,-0.0002131070595859059,0.09633181223822425,0.0,0.0,0.0002764906676020473,0.09635240584611893,TRACKING,True,1
97209600904627,0.0021056609984952956,0.09631496692605553,-0.00021487919403942576,-0.00029143173987265867,0.09637391643819435,0.0,0.0,0.00036208497476764023,0.09631496667861938,TRACKING,True,1
97209603029655,0.0021239510097075254,0.09628082783192586,-7.347548997992503e-05,-2.7529485954058555e-05,0.09641641699816415,0.0,0.0,7.846349035389721e-05,0.09628082811832428,TRACKING,True,1
97209605132743,0.0021037759870523587,0.09656730396265778,-0.00018441092247648878,1.6697860261469427e-05,0.09645847875813428,0.0,0.0,0.00018516535055823624,0.096567302942276,TRACKING,True,1
97209607254235,0.0021207790123298764,0.09683965466556911,-7.370851663300517e-06,0.00015740317319679295,0.09650090859810415,0.0,0.0,0.00015757566143292934,0.09683965146541595,TRACKING,True,1
97209610685724,0.003431245990213938,0.09700078887016493,9.524999373072594e-05,0.00012171493049837595,0.0965695383780554,0.0,0.0,0.00015455448010470718,0.09700078517198563,TRACKING,True,1
97209612754222,0.002068750007310882,0.09734508980648954,-0.0001955715586083492,0.00012681753952709256,0.09661090833802603,0.0,0.0,0.0002330899442313239,0.09734509140253067,TRACKING,True,1
97209615203571,0.002449060993967578,0.09725535711357836,-9.47304470541334e-05,9.399662626925973e-05,0.09665989531799124,0.0,0.0,0.0001334512053290382,0.09725535660982132,TRACKING,True,1
97209617270117,0.002066443004878238,0.09702682454173316,0.00014718632516925258,-0.00024801417479951553,0.09670122623796189,0.0,0.0,0.000288400478893891,0.09702682495117188,TRACKING,True,1
97209619340496,0.0020705259958049282,0.09676089201560602,-0.00014492794469580757,-0.0002743947625260647,0.09674263381793248,0.0,0.0,0.0003103169146925211,0.09676089137792587,TRACKING,True,1
97209621436983,0.0020978730026399717,0.09670778554663849,-2.0916847774226418e-05,8.57750301748282e-06,0.0967845635579027,0.0,0.0,2.2607258870266378e-05,0.096707783639431,TRACKING,True,1
97209623533106,0.0020957569940946996,0.096637733150487,1.0488556968416488e-06,0.0003855762670768983,0.09682648601787293,0.0,0.0,0.0003855777031276375,0.09663773328065872,TRACKING,True,1
97209625634853,0.0021008949988754466,0.09689642986525875,-0.00027463536324654213,0.00038950711588889975,0.09686852095784307,0.0,0.0,0.0004765924531966448,0.09689643234014511,TRACKING,True,1
97209627727972,0.0020929520105710253,0.09695469686700196,-0.00015727744221375806,0.00032315190261497103,0.09691038333781334,0.0,0.0,0.0003593930450733751,0.09695469588041306,TRACKING,True,1
97209629834086,0.0021064149914309382,0.09714171644804215,-3.833964211548142e-05,0.0003964140137306356,0.09695250561778343,0.0,0.0,0.0003982637426815927,0.09714171290397644,TRACKING,True,1
97209631934092,0.0021010320051573217,0.09719135489734079,0.00014589832571073954,0.00036580813967071967,0.09699450573775359,0.0,0.0,0.0003938298032153398,0.09719135612249374,TRACKING,True,1
97209634057173,0.00212177999492269,0.09701950223860047,-0.00016258636572325522,0.000582003436604263,0.09703696735772344,0.0,0.0,0.0006042866152711213,0.0970195010304451,TRACKING,True,1
97209636126618,0.002069364010822028,0.09692438425490454,-0.0002890106828481279,0.0005686014764659944,0.09707835625769405,0.0,0.0,0.000637836055830121,0.09692438691854477,TRACKING,True,1
97209638205622,0.0020790659909835085,0.09723144480524998,-0.00020832176612340864,0.0006047608665282007,0.09711993633766451,0.0,0.0,0.0006396356038749218,0.09723144769668579,TRACKING,True,1
97209640279602,0.0020741570042446256,0.09714843156185309,-0.00019279730588839318,0.00015267031057977158,0.09716141593763505,0.0,0.0,0.00024592483532615006,0.09714843332767487,TRACKING,True,1
97209642370844,0.0020922959956806153,0.0975713635288438,-9.28326436412924e-05,0.0002375220119123222,0.09720324077760535,0.0,0.0,0.00025501882191747427,0.09757136553525925,TRACKING,True,1
97209644481685,0.0021106229978613555,0.09720679854060059,3.948946118537892e-05,-0.00015792197131941115,0.09724545759757537,0.0,0.0,0.00016278441762551665,0.09720680117607117,TRACKING,True,1
97209646588789,0.0021073140087537467,0.09715533993764006,0.00015891039986679864,0.0001694751937673982,0.09728759967754544,0.0,0.0,0.00023232382955029607,0.09715534001588821,TRACKING,True,1
97209648690848,0.0021012579964008182,0.09754720633376622,0.00010988972612078717,-0.00011019277163486256,0.09732964085751558,0.0,0.0,0.00015562197950202972,0.09754720330238342,TRACKING,True,1
97209650786201,0.0020950329926563427,0.09759488325080388,5.519150281861092e-06,7.505263323681125e-05,0.09737154791748581,0.0,0.0,7.525528781116009e-05,0.09759487956762314,TRACKING,True,1
97209652881256,0.0020951160113327205,0.09766049778385194,0.0003334099939541606,0.00017987501376380297,0.09741344901745606,0.0,0.0,0.0003788367030210793,0.09766049683094025,TRACKING,True,1
97209654975539,0.002094930998282507,0.09760698110000707,0.00031459154689773177,7.912743385668952e-05,0.09745533467742631,0.0,0.0,0.0003243901883251965,0.09760697931051254,TRACKING,True,1
97209657043613,0.0020678169967141002,0.09752923819308357,0.0001141773370936225,2.4236472111824708e-05,0.09749669615739694,0.0,0.0,0.00011672134132822976,0.09752923995256424,TRACKING,True,1
97209659118878,0.0020747789967572317,0.0974655680541805,9.598369476568084e-05,-0.00023616550007463333,0.09753820145736745,0.0,0.0,0.00025492551503703,0.09746556729078293,TRACKING,True,1
97209661194215,0.002075397002045065,0.09746476925706041,0.00018086840634212628,-0.000277035487166498,0.09757970819733798,0.0,0.0,0.0003308504819869995,0.09746477007865906,TRACKING,True,1
97209663268321,0.0020740489999298006,0.09737868716179086,0.00045012853501383775,-0.0002587190692798021,0.09762119031730852,0.0,0.0,0.0005191832897253335,0.0973786860704422,TRACKING,True,1
97209665362826,0.0020948339952155948,0.0978347714426788,0.0002879464253845742,-6.43150129964522e-05,0.09766308041727877,0.0,0.0,0.00029504162375815213,0.09783477336168289,TRACKING,True,1
97209667474037,0.0021113140101078898,0.09798645443177172,8.200188319523947e-05,-0.00017061187501619146,0.09770530463724877,0.0,0.0,0.00018929532961919904,0.09798645228147507,TRACKING,True,1
97209671254796,0.003780375001952052,0.09796768837450803,5.347128534518696e-05,3.7755444523555545e-05,0.09778091981719508,0.0,0.0,6.545725773321465e-05,0.09796769171953201,TRACKING,True,1
97209673340530,0.0020864169928245246,0.09787021011598318,-7.264306813231133e-05,7.741593392927932e-05,0.09782263449716545,0.0,0.0,0.00010616139479679987,0.09787020832300186,TRACKING,True,1
97209675574663,0.0022333420056384057,0.09777516774682457,-0.00020050763552314891,0.00011258580361843866,0.09786731715713372,0.0,0.0,0.00022995407925918698,0.0977751687169075,TRACKING,True,1
97209677642711,0.00206793200050015,0.09778976835108781,-0.00035757774483082927,0.00023673412981030901,0.09790867811710434,0.0,0.0,0.00042884136200882494,0.09778977185487747,TRACKING,True,1
97209679728762,0.002087749002384953,0.09784336969593058,-0.0006227353851471302,2.2785677735699097e-05,0.0979503991370747,0.0,0.0,0.0006231520674191415,0.09784337133169174,TRACKING,True,1
97209681821769,0.0020924229902448133,0.0981108627050649,-0.00039202476001934817,-9.987535192980661e-05,0.09799225927704498,0.0,0.0,0.0004045472596772015,0.0981108620762825,TRACKING,True,1
97209683906994,0.0020854600006714463,0.09815649372209406,-0.0003657523657628622,-0.00012200135515443112,0.09803396377701536,0.0,0.0,0.00038556341314688325,0.09815649688243866,TRACKING,True,1
97209685992308,0.002085184009047225,0.0982288769588589,-0.00040105976080956557,0.00025131347262007196,0.09807567005698574,0.0,0.0,0.00047329417429864407,0.09822887927293777,TRACKING,True,1
97209688015304,0.0020220029982738197,0.09775560956531282,-0.0005311087712068783,0.0003259247705352567,0.098116129976957,0.0,0.0,0.0006231400184333324,0.09775561094284058,TRACKING,True,1
97209690080049,0.0020644489995902404,0.09799217204167866,1.030654433171671e-06,0.0003315849348812623,0.09815742487692768,0.0,0.0,0.00033158654696308076,0.0979921743273735,TRACKING,True,1
97209692145256,0.0020652629900723696,0.09830263975612817,0.00012883193957290292,0.0001856511344859122,0.09819872901689834,0.0,0.0,0.00022597347560804337,0.09830264002084732,TRACKING,True,1
97209694211064,0.0020657670102082193,0.09799336290380764,3.870115707545252e-05,0.00020405845216115982,0.098240045176869,0.0,0.0,0.0002076960081467405,0.09799336642026901,TRACKING,True,1
97209696275744,0.002064677988528274,0.09817706314023128,-0.00013284017626279804,0.00030900888278850126,0.09828133877683967,0.0,0.0,0.00033635247382335365,0.09817706048488617,TRACKING,True,1
97209698346453,0.0020707280054921284,0.09818935274563877,-0.0002553010283807994,0.00021860092354560452,0.09832275295681026,0.0,0.0,0.00033610264654271305,0.0981893539428711,TRACKING,True,1
97209700429278,0.002083394007058814,0.09827640196327508,-0.00036744872375583167,-2.5846957225288044e-05,0.09836440945678067,0.0,0.0,0.0003683566756080836,0.09827639907598495,TRACKING,True,1
97209702515639,0.0020868969877483323,0.09838808147449495,8.754861719993689e-05,-0.00045446991596076946,0.09840613667675104,0.0,0.0,0.00046282573021017015,0.09838808327913284,TRACKING,True,1
97209704588634,0.0020719660096801817,0.09801246191568709,-6.451162640458478e-05,-0.00036390968762081135,0.0984475965767216,0.0,0.0,0.00036958357668481767,0.09801246225833893,TRACKING,True,1
97209706686877,0.00209862100018654,0.09836130138668778,-0.0003260627604201753,-0.0001782069443409922,0.09848956143669178,0.0,0.0,0.00037158397026360035,0.0983612984418869,TRACKING,True,1
97209708888216,0.00220141198951751,0.09851802350973535,-4.085465009528609e-05,-0.00021856893038573236,0.09853358821666053,0.0,0.0,0.0002223543997388333,0.0985180214047432,TRACKING,True,1
97209711101100,0.002212745006545447,0.0984307905390019,-6.0905674657951325e-05,-0.00022613325436155273,0.09857784589662909,0.0,0.0,0.000234191698837094,0.09843079000711441,TRACKING,True,1
97209713171843,0.0020706939976662397,0.09844398819708847,-0.00011955552451618295,-6.792200475767265e-06,0.09861926075659967,0.0,0.0,0.00011974830704275519,0.09844398498535156,TRACKING,True,1
97209715265144,0.002093522998620756,0.09851455172947635,-0.00010142450305695103,0.00011424467820117374,0.09866112677656995,0.0,0.0,0.00015277034253813326,0.09851454943418503,TRACKING,True,1
97209717362969,0.002098114011459984,0.09857282114713882,-1.234016842980116e-05,-0.00017889534474398465,0.09870308327654015,0.0,0.0,0.00017932044283952564,0.09857282042503357,TRACKING,True,1
97209719458214,0.0020956099906470627,0.09868995005194685,1.2275420173861968e-05,-0.00021509676472587373,0.09874498817651038,0.0,0.0,0.00021544675109907985,0.09868995100259781,TRACKING,True,1
97209721562499,0.0021035429963376373,0.09866773287736205,-0.00012783231924321002,8.35189324980792e-05,0.09878707387648049,0.0,0.0,0.00015269745199475437,0.09866773337125778,TRACKING,True,1
97209723663846,0.0021009280026191846,0.09874189995907788,-0.00019406132860582193,-4.8831949595418513e-05,0.09882910081645065,0.0,0.0,0.00020011086598969996,0.09874189645051956,TRACKING,True,1
97209726518701,0.0028549420094350353,0.09866320832957975,-7.477780947462801e-05,5.06052990537107e-06,0.0988861979164101,0.0,0.0,7.494884630432352e-05,0.09866321086883545,TRACKING,True,1
97209728613236,0.0020953799976268783,0.09865217774576494,-0.00016810467745092845,5.98995205938015e-05,0.09892808861638033,0.0,0.0,0.00017845764523372054,0.0986521765589714,TRACKING,True,1
97209730701848,0.002088579989504069,0.0985989975127069,0.00016017278631204004,6.961192175151682e-05,0.09896986085635068,0.0,0.0,0.00017464575648773462,0.09859899431467056,TRACKING,True,1
97209732787055,0.0020852190064033493,0.09868614488407128,0.0001543882716858435,-0.00027118530768388777,0.09901156499632105,0.0,0.0,0.00031205322011373937,0.09868614375591278,TRACKING,True,1
97209734872642,0.0020861740049440414,0.09895057479198247,-1.904000359824584e-07,2.0370580708313274e-06,0.09905327673629143,0.0,0.0,2.045936980721308e-06,0.0989505723118782,TRACKING,True,1
97209736958800,0.002085665997583419,0.0991934906646668,-0.00013257225343214974,0.00026818026782738405,0.09909499989626179,0.0,0.0,0.0002991589135490358,0.09919349104166031,TRACKING,True,1
97209739010250,0.002050483992206864,0.09915497276681039,-0.00012791234250415063,0.00036691453035319087,0.09913602889623266,0.0,0.0,0.00038857152685523033,0.09915497153997421,TRACKING,True,1
97209741074601,0.0020642150047933683,0.09936875172947444,-0.00018590153484748573,0.0002749038330187749,0.09917731591620334,0.0,0.0,0.00033186067594215274,0.09936875104904175,TRACKING,True,1
97209743139635,0.0020651960076065734,0.09924529455069543,-0.0002761108638813152,6.359892045491687e-05,0.09921861659617401,0.0,0.0,0.00028334083617664874,0.09924529492855072,TRACKING,True,1
97209745208180,0.0020687649957835674,0.09935409763726656,-0.0004904011779183979,8.859638129743193e-05,0.09925998749614462,0.0,0.0,0.0004983398830518126,0.0993540957570076,TRACKING,True,1
97209747283882,0.0020758229948114604,0.09922708893405982,-0.00035884840964986475,0.0002797495576336315,0.09930150153611514,0.0,0.0,0.0004550076846498996,0.09922708570957184,TRACKING,True,1
97209749382288,0.002099585995892994,0.09937922863091771,-0.000291305231685089,0.000499366514294671,0.09934346965608533,0.0,0.0,0.0005781225045211613,0.09937922656536102,TRACKING,True,1
97209751484612,0.0021010100026614964,0.09913357941998058,-0.00017499594449944144,0.0004922255041464258,0.09938551613605547,0.0,0.0,0.0005224074702709913,0.09913358092308044,TRACKING,True,1
97209753590193,0.002106133004417643,0.09903593797461001,-2.477397360814586e-05,0.0002750467780785287,0.09942762775602557,0.0,0.0,0.000276160251814872,0.09903594106435776,TRACKING,True,1
97209757165145,0.0035742509935516864,0.099522848327161,0.00014215069147904895,0.00027817050978507207,0.09949912679597478,0.0,0.0,0.0003123870410490781,0.09952285140752792,TRACKING,True,1
97209760014584,0.0028494150028564036,0.09929971506585945,4.6072558958067266e-05,0.00047566916923626906,0.09955611557593431,0.0,0.0,0.00047789522795937955,0.09929971396923065,TRACKING,True,1
97209762082344,0.0020676959975389764,0.09957944995180143,-9.331476814147725e-05,0.00027083099848481025,0.09959747077590494,0.0,0.0,0.0002864560519810766,0.09957945346832275,TRACKING,True,1
97209764145927,0.0020637150009861216,0.09931415128760089,-3.576705019383732e-05,-1.2816079665126947e-06,0.09963874243587563,0.0,0.0,3.579000258469023e-05,0.09931415319442749,TRACKING,True,1
97209766209554,0.002063421008642763,0.0992211644093283,-0.0001980050549704883,0.00013809401042363874,0.09968001497584632,0.0,0.0,0.0002414041373413056,0.09922116249799728,TRACKING,True,1
97209768275808,0.0020662710012402385,0.09915508269757839,-0.0006277989724487735,0.00046824652059059246,0.09972134005581697,0.0,0.0,0.0007831898401491344,0.09915508329868317,TRACKING,True,1
97209770343770,0.00206805499328766,0.09932025692284498,-0.00048391035284629075,9.480187300755653e-05,0.0997626992957876,0.0,0.0,0.0004931091098114848,0.09932025521993637,TRACKING,True,1
97209772420687,0.0020773910073330626,0.09972716532741516,-0.00018892955300905354,0.00019501079764471256,0.09980423763575809,0.0,0.0,0.0002715208975132555,0.09972716867923737,TRACKING,True,1
97209774490674,0.0020695919956779107,0.09988187826684919,3.947093995526049e-05,0.00020097120076078548,0.09984563737572869,0.0,0.0,0.000204810596187599,0.09988187998533249,TRACKING,True,1
97209776585472,0.0020960910042049363,0.09988062538993721,0.00020633255490292343,0.00017170376985053469,0.09988753333569894,0.0,0.0,0.00026843120576813817,0.0998806282877922,TRACKING,True,1
97209778685911,0.0021026689937571064,0.09982977407277216,0.00019544241274056654,-0.00023208533298006196,0.0999295421156691,0.0,0.0,0.00030341610545292497,0.0998297706246376,TRACKING,True,1
97209780782683,0.002094598996336572,0.09993456575531996,5.651473606190578e-06,-0.0004155245584454132,0.09997147755563932,0.0,0.0,0.00041556297219358385,0.09993456304073334,TRACKING,True,1
97209782875022,0.002092335998895578,0.10009387377149685,0.00035775578002737653,-4.2524505025362134e-05,0.1000133243356096,0.0,0.0,0.0003602742508519441,0.10009387135505676,TRACKING,True,1
97209784972665,0.0020970910118194297,0.10021698484521972,9.268472122251503e-05,-0.0002781511364025763,0.1000552771955798,0.0,0.0,0.00029318680753931403,0.10021698474884033,TRACKING,True,1
97209787056849,0.002083468993077986,0.10014149299213734,-6.19920385353263e-05,-0.00013656428674210853,0.1000969608755502,0.0,0.0,0.0001499760546721518,0.1001414954662323,TRACKING,True,1
97209789132612,0.002075704003800638,0.10047705761156404,0.00010869328504583574,-2.211742021647729e-05,0.10013847613552071,0.0,0.0,0.00011092073691543192,0.10047705471515656,TRACKING,True,1
97209791205528,0.002072827992378734,0.10046951489194604,-0.00020129649070357766,0.00011622575279889427,0.10017993445549127,0.0,0.0,0.000232440754189156,0.10046951472759247,TRACKING,True,1
97209793296578,0.0020912489999318495,0.10044393569648526,-0.0002579571074438073,6.393141017134883e-05,0.10022175545546157,0.0,0.0,0.0002657613658811897,0.10044393688440323,TRACKING,True,1
97209795385604,0.0020895380002912134,0.10037331962611759,-5.585705175779581e-05,-4.42167970222196e-05,0.10026353597543189,0.0,0.0,7.123998511815444e-05,0.10037332028150558,TRACKING,True,1
97209797460912,0.002074631003779359,0.10058063517846384,-2.5642011444882405e-05,-0.00011198250015206247,0.10030504213540242,0.0,0.0,0.00011488077871035784,0.10058063268661499,TRACKING,True,1
97209799554159,0.002094116003718227,0.10077860932730151,-4.229643999203106e-05,-6.867220374422239e-05,0.10034690707537268,0.0,0.0,8.06527168606408e-05,0.10077860951423645,TRACKING,True,1
97209801646314,0.002091849994030781,0.10048154752178966,0.00018608485550958856,-4.617002204734633e-05,0.10038875017534296,0.0,0.0,0.00019172701286152005,0.1004815474152565,TRACKING,True,1
97209803722447,0.0020843340025749058,0.10059310989503163,7.241393905986231e-05,2.339589012787316e-05,0.10043027283531347,0.0,0.0,7.609958265675232e-05,0.10059311240911484,TRACKING,True,1
97209805807250,0.002075975004117936,0.10035262094194605,-3.1781662824548936e-05,-0.00020966094468088378,0.10047196889528387,0.0,0.0,0.00021205608209129423,0.10035262256860733,TRACKING,True,1
97209807897690,0.0020914469932904467,0.1003844380640489,0.0001143370458224407,-0.00022321426154137477,0.10051377769525417,0.0,0.0,0.00025079387705773115,0.1003844365477562,TRACKING,True,1
97209810064504,0.0021658930054400116,0.10046246694243535,0.00011031679593731163,0.0001563922079755974,0.10055711397522339,0.0,0.0,0.00019138526113238186,0.10046246647834778,TRACKING,True,1
97209812141398,0.002076844990369864,0.1006864427943732,-0.0002183084195736689,0.0003415649029060845,0.1005986518551939,0.0,0.0,0.0004053704033140093,0.1006864458322525,TRACKING,True,1
97209814221157,0.002079766010865569,0.10039843946422791,-0.00040349417159010476,0.0002575311868256094,0.10064024703516435,0.0,0.0,0.0004786750942002982,0.10039843618869781,TRACKING,True,1
97209816300429,0.0020795589953195304,0.10080712217576078,-0.00040116211353011054,-5.049910183417826e-05,0.10068183247513482,0.0,0.0,0.00040432807873003185,0.10080712288618088,TRACKING,True,1
97209818385323,0.002084715000819415,0.10074576205461555,-0.0002298358844484943,0.00020812006017304366,0.1007235303551052,0.0,0.0,0.00031006208155304193,0.10074575990438461,TRACKING,True,1
97209820501922,0.002116813004249707,0.1007928092401031,-0.0002186745740324005,5.758236453417962e-05,0.10076586233507513,0.0,0.0,0.00022612893371842802,0.10079281032085419,TRACKING,True,1
97209822595186,0.002093253002385609,0.10084791757590783,-5.716679550137285e-05,-0.00014270154383283886,0.1008077276150454,0.0,0.0,0.00015372628695331514,0.10084791481494904,TRACKING,True,1
97209824693052,0.002099141987855546,0.10083984711352023,9.306598944394314e-05,0.00030120678424301725,0.1008496849350156,0.0,0.0,0.00031525673693977296,0.10083984583616257,TRACKING,True,1
97209826896161,0.002201575000071898,0.10096883985757493,-0.0003405882459030961,8.607615894356502e-05,0.10089374711498432,0.0,0.0,0.0003512968251015991,0.10096883773803711,TRACKING,True,1
97209829087897,0.0021918950078543276,0.1010545650585514,-0.0002833521731458711,0.000261585542746745,0.10093758183495317,0.0,0.0,0.0003856364346574992,0.10105456411838531,TRACKING,True,1
97209831186860,0.002099231001920998,0.10100515553009727,-8.986607134238466e-05,0.0002509640569126238,0.10097956109492337,0.0,0.0,0.00026656867703422904,0.10100515186786652,TRACKING,True,1
97209833291012,0.002104439990944229,0.10095358538629018,-0.00015471249284237866,9.326998933027001e-05,0.10102164413489348,0.0,0.0,0.0001806522923288867,0.1009535863995552,TRACKING,True,1
97209835369620,0.002078364006592892,0.10082173964572867,-9.549679955912813e-05,-6.681468017154927e-05,0.10106321629486395,0.0,0.0,0.00011654973059194162,0.10082174092531204,TRACKING,True,1
97209837474539,0.002105010993545875,0.10094724427074378,-0.00025629541670207456,0.00023965867262509946,0.10110531467483405,0.0,0.0,0.00035088974982500076,0.10094724595546722,TRACKING,True,1
97209839573730,0.0020988750038668513,0.10113638141104919,7.80353726935253e-05,3.6540212643923736e-05,0.10114729849480424,0.0,0.0,8.616673585493118e-05,0.10113637894392014,TRACKING,True,1
97209841643599,0.002069527006824501,0.10111331672321602,0.00013334087582080858,8.179684838729645e-05,0.10118869587477483,0.0,0.0,0.0001564305421197787,0.10111331939697266,TRACKING,True,1
97209843730460,0.0020874839974567294,0.10123533000218649,0.00022669269129624016,0.00013850337447082864,0.10123043309474519,0.0,0.0,0.0002656553406268358,0.10123533010482788,TRACKING,True,1
97209845796706,0.002065503998892382,0.10147786569990416,4.858711312590537e-05,0.0002649994388791003,0.10127175801471584,0.0,0.0,0.000269416777882725,0.10147786885499954,TRACKING,True,1
97209847882182,0.0020863849931629375,0.10081656339280701,8.613937079744059e-05,0.00012212371120263769,0.10131346753468623,0.0,0.0,0.0001494462921982631,0.10081656277179718,TRACKING,True,1
97209849953840,0.002070821006782353,0.1009472317265376,4.909476489943362e-05,5.7741021788995455e-05,0.1013549006946568,0.0,0.0,7.579130033263937e-05,0.10094723105430603,TRACKING,True,1
97209852038210,0.0020851599983870983,0.10120125639091852,-0.00015222161428669821,-7.31222316916001e-05,0.10139658809462719,0.0,0.0,0.00016887356468942016,0.10120125859975815,TRACKING,True,1
97209854110846,0.0020718710002256557,0.10137778441349947,-0.00019302669224113462,-0.0001254685234856802,0.10143804081459776,0.0,0.0,0.00023022087407298386,0.10137778520584106,TRACKING,True,1
97209856180152,0.0020692020043497905,0.10153204583555123,-9.091755859032868e-05,-0.00018285511509211967,0.10147942693456836,0.0,0.0,0.00020421066437847912,0.10153204947710037,TRACKING,True,1
97209858246257,0.002066119996015914,0.10141319482625478,3.4224719982529274e-05,1.4983827472111626e-05,0.101520749034539,0.0,0.0,3.7361027352744713e-05,0.10141319781541824,TRACKING,True,1
97209860310700,0.0020644379983423278,0.10160189165514111,0.00011106989338966295,-4.3838051957326566e-05,0.10156203789450968,0.0,0.0,0.00011940810509258881,0.10160189121961594,TRACKING,True,1
97209862396114,0.002086043998133391,0.10148232607147793,5.560395260919316e-05,-5.9669993569342605e-05,0.10160374617448006,0.0,0.0,8.156168041750789e-05,0.1014823243021965,TRACKING,True,1
97209864482923,0.002087293003569357,0.10145331675526902,7.492301617418183e-05,0.0004711849229063884,0.10164548235445042,0.0,0.0,0.00047710450598970056,0.10145331919193268,TRACKING,True,1
97209866572960,0.002090209993184544,0.10147101043243245,-1.7980046291212197e-05,0.0004237928812153528,0.10168728309442074,0.0,0.0,0.0004241741553414613,0.10147100687026978,TRACKING,True,1
97209869891611,0.00331778300460428,0.10146666651013996,-9.086848854228966e-05,0.00018972262725508714,0.1017536561143736,0.0,0.0,0.00021036101679783314,0.10146666318178177,TRACKING,True,1
97209872626873,0.0027360200037946925,0.10160074365705386,8.191154692758851e-05,0.00021060693508752817,0.10180836135433476,0.0,0.0,0.0002259751781821251,0.10160074383020401,TRACKING,True,1
97209874694270,0.002066275992547162,0.1014592529454336,-9.557884546114418e-06,-4.694165134916576e-05,0.10184970929430538,0.0,0.0,4.790482125827111e-05,0.10145924985408783,TRACKING,True,1
97209876909156,0.002214991007349454,0.10169333809248454,-9.89518475806142e-05,0.00015407588203967526,0.10189400701427392,0.0,0.0,0.00018311430176254362,0.10169333964586258,TRACKING,True,1
97209879048139,0.0021389329922385514,0.1021450018359848,-0.00012266083143978664,0.00012674110876162675,0.10193678667424354,0.0,0.0,0.00017637740529607981,0.1021450012922287,TRACKING,True,1
97209881115825,0.0020677080028690398,0.10224340203662904,-0.00020584333068581512,-0.00018434227907316523,0.10197814039421417,0.0,0.0,0.0002763214579317719,0.10224340111017227,TRACKING,True,1
97209883183260,0.002067381006781943,0.10226952482741083,-8.332118350309282e-05,-0.00045765607195361426,0.1020194890941848,0.0,0.0,0.0004651790077332407,0.10226952284574509,TRACKING,True,1
97209885252526,0.0020693099941127002,0.10220020370594463,-0.0001520625551394814,-0.00041600716707192257,0.10206087441415541,0.0,0.0,0.0004429277323652059,0.10220020264387131,TRACKING,True,1
97209887347337,0.0020955289946869016,0.10218907657912035,-0.0003633086738212139,-0.0005236571576219379,0.10210277063412566,0.0,0.0,0.0006373460637405515,0.1021890789270401,TRACKING,True,1
97209889425331,0.002077478013234213,0.102411292578945,-0.00013190826807587465,-0.0003611812630990431,0.10214433051409615,0.0,0.0,0.0003845148894470185,0.10241129249334335,TRACKING,True,1
97209891545050,0.0021203149954089895,0.10236762386310469,-4.0609984234242505e-05,-0.00023553725807912368,0.10218672489406604,0.0,0.0,0.00023901248641777784,0.10236762464046478,TRACKING,True,1
97209893645718,0.00210073399648536,0.10275130440606928,-0.00013775609896250082,-5.393354645007143e-05,0.1022287382540362,0.0,0.0,0.00014793772425036877,0.10275130718946457,TRACKING,True,1
97209895739282,0.0020937429944751784,0.10239525635868932,1.295083480835454e-05,0.0002673394668855596,0.10227060953400646,0.0,0.0,0.0002676529693417251,0.10239525884389877,TRACKING,True,1
97209897846898,0.0021069370122859254,0.10237529077815327,-0.0001357731937400747,-0.00012253146082874972,0.10231276185397652,0.0,0.0,0.00018288881983608007,0.10237529128789902,TRACKING,True,1
97209899941706,0.002095654999720864,0.10258574790567034,-0.00021670394667147618,-4.7468140047784174e-05,0.10235465801394676,0.0,0.0,0.00022184189583640546,0.10258574783802032,TRACKING,True,1
97209902053697,0.0021124229970155284,0.102662784755504,-0.0003126523423365816,-2.5440362463586733e-05,0.10239689783391677,0.0,0.0,0.000313685683067888,0.10266278684139252,TRACKING,True,1
97209904131532,0.0020765630033565685,0.1028424665372459,-0.0003547835312890922,-7.307884425743876e-05,0.10243845453388725,0.0,0.0,0.00036223180359229445,0.10284246504306793,TRACKING,True,1
97209906211798,0.0020800999918719754,0.10273969581516608,-0.0005187111025599123,-0.00012840949628016368,0.1024800598538577,0.0,0.0,0.0005343689699657261,0.10273969918489456,TRACKING,True,1
97209908287024,0.002075323005556129,0.10284299573217817,1.968075653350273e-05,-0.0002523787677148944,0.10252156437382823,0.0,0.0,0.00025314497179351747,0.10284299403429031,TRACKING,True,1
97209910377979,0.002091524002025835,0.10277747321423528,7.22519408365059e-05,-0.0002168855155427829,0.10256338347379852,0.0,0.0,0.00022860373428557068,0.10277747362852097,TRACKING,True,1
97209912470009,0.0020921449904562905,0.10263256830420155,5.384909815176148e-06,-0.00022068868058920722,0.1026052240737688,0.0,0.0,0.0002207543730037287,0.1026325672864914,TRACKING,True,1
97209914560690,0.0020905249984934926,0.10251519888492981,-4.187540321674506e-05,-0.00016885601054879063,0.10264703769373912,0.0,0.0,0.00017397098417859524,0.10251519829034805,TRACKING,True,1
97209916651717,0.002091101006953977,0.10220103531144693,-6.3868189595617966e-06,-0.000146175375343436,0.1026888582337094,0.0,0.0,0.0001463148364564404,0.10220103710889816,TRACKING,True,1
97209918749791,0.002098409997415729,0.10242726905201203,-0.00036015844558633797,0.00025235249879060936,0.10273081971367962,0.0,0.0,0.0004397679877001792,0.10242726653814316,TRACKING,True,1
97209920844960,0.0020950970065314323,0.10257746203744665,-0.000520182276016218,0.00034931425249696337,0.10277272309364985,0.0,0.0,0.0006265860283747315,0.10257746279239655,TRACKING,True,1
97209922940893,0.0020953889907104895,0.1027991837003569,-0.0004327419892232002,0.00043937318628832766,0.10281464175362008,0.0,0.0,0.0006166963721625507,0.1027991846203804,TRACKING,True,1
97209925053805,0.002113426002324559,0.10294327141757835,-0.0004573157740768426,0.00016195382166886533,0.10285689999359007,0.0,0.0,0.00048514612717553973,0.10294327139854431,TRACKING,True,1
97209927129267,0.002074595002341084,0.10302682335868708,-4.475014905532741e-06,2.3733817742294274e-05,0.10289840923356058,0.0,0.0,2.4152015612344258e-05,0.10302682220935822,TRACKING,True,1
97209929202338,0.0020730249962070957,0.10327037811044759,2.5904717336745967e-05,-0.00011439782871763948,0.10293987065353115,0.0,0.0,0.00011729414836736396,0.10327038168907166,TRACKING,True,1
97209931276319,0.0020738599996548146,0.10342874304561496,-0.00014416347491034585,-0.00010868053891064182,0.10298135027350168,0.0,0.0,0.00018053966050501913,0.10342874377965927,TRACKING,True,1
97209933366025,0.0020900719973724335,0.10293428423803042,-0.00015274284180761652,7.338067348305769e-05,0.103023144393472,0.0,0.0,0.00016945530660450459,0.10293428599834442,TRACKING,True,1
97209935453500,0.0020873770117759705,0.10278435502480149,-0.0003716186174155182,0.0003223341749514885,0.10306489389344235,0.0,0.0,0.0004919346538372338,0.10278435796499252,TRACKING,True,1
97209937541434,0.002088146997266449,0.10304137653607401,-0.00037123248393068154,0.00019302131058003067,0.10310665257341269,0.0,0.0,0.00041841459460556507,0.10304137319326401,TRACKING,True,1
97209939629237,0.0020877880015177652,0.10344864854832671,-0.0004492600296180634,0.00029722405157139083,0.10314840863338304,0.0,0.0,0.0005386805278249085,0.10344865173101425,TRACKING,True,1
97209941704479,0.0020747239905176684,0.10348020153181532,-0.00022423874981443163,0.0001757332019302129,0.10318991347335356,0.0,0.0,0.00028489503893069923,0.10348020493984222,TRACKING,True,1
97209943778486,0.0020741480111610144,0.1035576903430902,-0.00030839228740404674,0.0001288992703091513,0.1032313936133241,0.0,0.0,0.0003342466370668262,0.10355769097805023,TRACKING,True,1
97209945868663,0.002090662994305603,0.10372678501609978,-0.00022693804627943378,0.00011013157947883393,0.10327319715329442,0.0,0.0,0.0002522495633456856,0.10372678190469742,TRACKING,True,1
97209947955696,0.002086959997541271,0.10376672936990262,-0.0004389570205535277,-0.0003032284505208398,0.10331493781326477,0.0,0.0,0.0005335079622454941,0.10376673191785812,TRACKING,True,1
97209950039169,0.002083564002532512,0.10389576690318894,-0.00022429268953312077,-0.00010568498335196178,0.10335660727323517,0.0,0.0,0.0002479446120560169,0.10389576852321625,TRACKING,True,1
97209952107746,0.0020678430009866133,0.10366794359233449,-0.00013161916869104646,7.479014014585554e-05,0.1033979788132058,0.0,0.0,0.00015138417074922472,0.10366794466972351,TRACKING,True,1
97209954172226,0.0020643290044972673,0.10359939173058696,-0.00018377081697970625,-0.00011141566914050908,0.10343926841317647,0.0,0.0,0.00021490734070539474,0.10359939187765121,TRACKING,True,1
97209956240434,0.002068267989670858,0.10331499577382168,-0.0005537232232139778,-0.00014545562247405723,0.10348063257314709,0.0,0.0,0.0005725091905333102,0.10331499576568604,TRACKING,True,1
97209958310865,0.0020711710094474256,0.10333446166727746,8.394189836693393e-05,-0.00020684094403254248,0.10352204119311768,0.0,0.0,0.0002232250408269465,0.1033344641327858,TRACKING,True,1
97209960420184,0.002109567998559214,0.10323904271740635,0.0003882170331045129,-0.00026580433626068923,0.10356422757308771,0.0,0.0,0.0004704937746282667,0.103239044547081,TRACKING,True,1
97209962523783,0.002103061997331679,0.10333582841357697,0.00042410924114974757,9.19065093772447e-06,0.10360629955305783,0.0,0.0,0.00042420881800353527,0.10333582758903503,TRACKING,True,1
97209964613583,0.002105149003909901,0.10365752520862799,0.00039331227981816814,-0.000159796612924664,0.10364809555302816,0.0,0.0,0.00042453446076251566,0.10365752875804901,TRACKING,True,1
97209966698115,0.002068756992230192,0.10358381290780325,0.00017248723668371335,1.3707163595079604e-05,0.10368978619299854,0.0,0.0,0.00017303101776633412,0.10358381271362305,TRACKING,True,1
97209968784726,0.0020873339963145554,0.10362331396994733,0.00030972498460940924,6.147552135638546e-05,0.1037315184129689,0.0,0.0,0.0003157670143991709,0.10362331569194794,TRACKING,True,1
97209970873254,0.0020885539997834712,0.10377277696314889,-0.00018979584837092433,7.73375396520313e-05,0.10377328897293923,0.0,0.0,0.00020494770433288068,0.10377277433872223,TRACKING,True,1
97209972961948,0.002088809007545933,0.10363976364650511,4.745281394523355e-05,2.957774042313485e-05,0.10381506285290958,0.0,0.0,5.591611989075318e-05,0.10363976657390594,TRACKING,True,1
97209975035337,0.002073170995572582,0.1038866428484553,0.0001602992324685286,-6.942344723783625e-05,0.10385653063288013,0.0,0.0,0.00017468674923293293,0.10388664156198502,TRACKING,True,1
97209977107591,0.002071848008199595,0.10380216883651025,0.0003058253730765589,0.00020745963133548108,0.10389797571285068,0.0,0.0,0.00036955196992494166,0.1038021668791771,TRACKING,True,1
97209979180878,0.0020732150005642325,0.10374862995821109,-7.983149848823169e-05,0.00030080245208164417,0.10393944145282123,0.0,0.0,0.0003112156700808555,0.1037486270070076,TRACKING,True,1
97209981249477,0.002068353001959622,0.10361358444943806,-4.661677387704797e-05,-0.0001671359455501859,0.10398081343279185,0.0,0.0,0.0001735152764013037,0.10361358523368835,TRACKING,True,1
97209983327112,0.002078180987155065,0.10399501406749391,5.160567509581695e-05,-0.00016567859617422294,0.10402236613276235,0.0,0.0,0.00017352965369354934,0.10399501770734787,TRACKING,True,1
97209985411019,0.0020841160003328696,0.10383929894980248,-0.00045542796157727267,-0.00010914404320126709,0.10406404427273275,0.0,0.0,0.0004683236766140908,0.10383930057287216,TRACKING,True,1
97209987497604,0.002086553009576164,0.10409629230831241,-0.0002384609407866656,-0.0002926088758692681,0.10410577597270311,0.0,0.0,0.00037746995803900063,0.10409629344940186,TRACKING,True,1
97209989586220,0.0020888559956802055,0.10428750778741594,-7.841686891120952e-05,-0.0004596416812923236,0.10414754829267343,0.0,0.0,0.00046628282871097326,0.10428750514984131,TRACKING,True,1
97209991661065,0.0020743560016853735,0.1039864187800731,-0.00021250075364420066,-6.143781137149247e-05,0.10418904519264396,0.0,0.0,0.00022120392532087862,0.10398641973733902,TRACKING,True,1
97209993757741,0.0020972670026822016,0.10400129240794971,0.00019321732116512445,0.0002002515226598313,0.10423097871261418,0.0,0.0,0.0002782689407467842,0.10400129109621048,TRACKING,True,1
97209995848584,0.002090333990054205,0.10383846806527738,9.274646726931795e-05,0.0007413249531742268,0.10427279557258448,0.0,0.0,0.000747104175388813,0.1038384661078453,TRACKING,True,1
97209997938569,0.002090371010126546,0.10405100904203832,0.00020340878746068105,0.0005565880768875112,0.1043145952725548,0.0,0.0,0.0005925921141169965,0.10405100882053375,TRACKING,True,1
97210000055712,0.002116677991580218,0.10415463022858824,1.3613272152045982e-05,0.0004236149257916882,0.10435693813252472,0.0,0.0,0.00042383361142128706,0.10415463149547577,TRACKING,True,1
97210002129516,0.0020735139987664297,0.10436382748175214,0.00013294908031113412,0.00044077576832335597,0.10439841421249527,0.0,0.0,0.000460389768704772,0.1043638288974762,TRACKING,True,1
97210004198807,0.002069227004540153,0.10423552390238448,-6.768987418429216e-05,0.0004359512800022854,0.10443980003246588,0.0,0.0,0.0004411750705912709,0.10423552244901657,TRACKING,True,1
97210006269269,0.0020705509959952906,0.10439498193183747,-0.00037464300155154787,0.00011972310206535716,0.10448120927243647,0.0,0.0,0.00039330776780843735,0.10439497977495193,TRACKING,True,1
97210008357300,0.0020886310085188597,0.10491089386827919,-0.00029142292290837115,4.043060816689563e-05,0.10452296989240681,0.0,0.0,0.0002942141145467758,0.10491089522838593,TRACKING,True,1
97210010557642,0.0022004850034136325,0.10489312200568841,-8.756771880524651e-05,-0.00021215948726138392,0.10456697673237556,0.0,0.0,0.000229520708671771,0.10489312559366226,TRACKING,True,1
97210012658994,0.002101303995004855,0.10470521567689726,0.00023587976206270584,-0.0002999263401631553,0.10460900377234571,0.0,0.0,0.00038156923255883157,0.10470521450042725,TRACKING,True,1
97210014772622,0.002113092996296473,0.10473646269351918,0.0004232387763376082,-0.00019956746093852134,0.10465127633231569,0.0,0.0,0.0004679297562688589,0.10473646223545074,TRACKING,True,1
97210016959333,0.0021867120085516945,0.10474742862114736,0.00012002783152172239,-0.00025448567187372705,0.10469501055228463,0.0,0.0,0.00028137100161984563,0.10474742949008942,TRACKING,True,1
97210019137956,0.002178568989620544,0.10498816071150567,0.00019373266811888927,-0.00010403299347991373,0.10473858301225368,0.0,0.0,0.00021989818196743727,0.10498815774917603,TRACKING,True,1
97210021224952,0.0020871680026175454,0.10486405197030325,0.00043258688066447314,0.0002645373795413979,0.10478032293222403,0.0,0.0,0.0005070615443401039,0.10486405342817307,TRACKING,True,1
97210023320032,0.0020952060003764927,0.10491736926959365,0.0001377193819842027,-1.559487867960034e-05,0.10482222453219428,0.0,0.0,0.0001385995274176821,0.10491736978292465,TRACKING,True,1
97210025401307,0.002081283993902616,0.10534764621402043,0.0005673633870229484,-0.00011644513280150664,0.10486385003216471,0.0,0.0,0.0005791896837763488,0.1053476482629776,TRACKING,True,1
97210027519941,0.0021186210069572553,0.10526433411158193,1.0116950236767862e-05,-0.0002107239483237011,0.10490622271213462,0.0,0.0,0.00021096666750963777,0.1052643358707428,TRACKING,True,1
97210029643194,0.0021230730053503066,0.10553654290517889,0.00015938745856907704,2.6886512376613197e-05,0.10494868777210446,0.0,0.0,0.00016163925465662032,0.10553654283285141,TRACKING,True,1
97210032208376,0.0025654179917182773,0.10532251820491621,-7.496529264645351e-05,-3.0251658253582388e-05,0.10499999141206802,0.0,0.0,8.083908323897049e-05,0.10532251745462418,TRACKING,True,1
97210036217328,0.0040085759974317625,0.10547711975476337,3.243939912643438e-05,0.00010851740227996787,0.10508017045201108,0.0,0.0,0.00011326226376695558,0.10547711700201035,TRACKING,True,1
97210038943344,0.0027265300013823435,0.10551058176690876,-0.00010355125454288373,0.0001012376020305935,0.10513469077197236,0.0,0.0,0.00014481683319900185,0.10551058501005173,TRACKING,True,1
97210041012026,0.0020678529981523752,0.10526278805755152,-0.0002498573579253193,0.00016226659061800193,0.10517606441194298,0.0,0.0,0.0002979247074108571,0.10526278614997864,TRACKING,True,1
97210043180601,0.002168669001548551,0.10504454916254503,0.00012026633072040397,0.00015254134036251236,0.10521943591191218,0.0,0.0,0.0001942494563991204,0.10504455119371414,TRACKING,True,1
97210045265229,0.0020847940031671897,0.10491365060198268,-1.9419227254989808e-05,-9.15206317757458e-05,0.10526112847188257,0.0,0.0,9.355817746836692e-05,0.10491365194320679,TRACKING,True,1
97210047360016,0.0021111840032972395,0.1052611400124751,9.919976499456429e-05,-4.0595238490157724e-05,0.10530302421185281,0.0,0.0,0.00010718472913140431,0.10526113957166672,TRACKING,True,1
97210049486622,0.0021105380001245067,0.10562928697376778,8.103627316315503e-05,-6.207259144500552e-05,0.1053455563318226,0.0,0.0,0.00010207783634541556,0.10562928766012192,TRACKING,True,1
97210051557096,0.0020701140019809827,0.10541154174992387,-0.0001575233284332583,3.8819357895413455e-05,0.1053869658117932,0.0,0.0,0.00016223607235588133,0.10541154444217682,TRACKING,True,1
97210053675579,0.00211862099240534,0.10560246503546095,-0.00010838798667024165,8.606511264173459e-05,0.1054293354717631,0.0,0.0,0.00013840215979143977,0.10560246556997299,TRACKING,True,1
97210055787052,0.002111527996021323,0.10560296240723296,0.00024895807415978874,0.00010359135190671741,0.10547156493173311,0.0,0.0,0.00026965030701830983,0.10560296475887299,TRACKING,True,1
97210057973393,0.002186612007790245,0.10581893384119519,0.00013567460643719982,-7.986215147975053e-05,0.10551529175170206,0.0,0.0,0.00015743430412840098,0.10581893473863602,TRACKING,True,1
97210060160784,0.002187445992603898,0.10547903987351909,-0.0001035793866758298,3.0220715644769904e-05,0.10555903957167098,0.0,0.0,0.00010789801308419555,0.10547903925180435,TRACKING,True,1
97210062252633,0.002091568007017486,0.10537407884594562,0.00013631133340372378,-4.7654123959451856e-05,0.10560087655164127,0.0,0.0,0.00014440117229241878,0.10537407547235489,TRACKING,True,1
97210064333339,0.002080555001157336,0.1051640729918217,0.00012158482545303253,-0.00011811775188225792,0.10564249067161172,0.0,0.0,0.00016951304860413074,0.10516407340765,TRACKING,True,1
97210066432428,0.002099214994814247,0.10572017026639578,0.0002046347195858072,-0.0002572055537109158,0.1056844724515819,0.0,0.0,0.00032867927802726626,0.1057201698422432,TRACKING,True,1
97210068522207,0.0020898860093439,0.10576739569304196,-0.00012583849006582372,-0.0004450408689593436,0.10572626803155222,0.0,0.0,0.00046248966827988625,0.1057673990726471,TRACKING,True,1
97210070617637,0.00209627699223347,0.10578201859125094,1.5274916684122696e-05,-0.00037556276418332395,0.10576817663152245,0.0,0.0,0.0003758732636924833,0.10578201711177826,TRACKING,True,1
97210072711738,0.00209412700496614,0.10602811200597916,-0.0003198826513556997,-0.0001398917024178529,0.1058100586514927,0.0,0.0,0.0003491340612526983,0.10602810978889465,TRACKING,True,1
97210074803082,0.002091110000037588,0.10603743770625372,-0.00047505719221280717,-1.1446270012363974e-05,0.105851885531463,0.0,0.0,0.00047519509098492563,0.106037437915802,TRACKING,True,1
97210076891162,0.002088023000396788,0.10595770107439693,-9.027714269585512e-05,-0.0002904205285051379,0.10589364713143334,0.0,0.0,0.00030412833439186215,0.10595770180225372,TRACKING,True,1
97210078967663,0.0020763810025528073,0.10609890979966718,-0.00010985531672493013,8.982812731230742e-05,0.10593517715140385,0.0,0.0,0.0001419058971805498,0.10609891265630722,TRACKING,True,1
97210081035790,0.002068012996460311,0.10654780925420693,-0.00013894933881291243,7.244364233711809e-06,0.10597653969137448,0.0,0.0,0.0001391380646964535,0.10654781013727188,TRACKING,True,1
97210083107473,0.0020710529934149235,0.10636779599815982,-0.00010417740744969782,0.00018595793260175268,0.10601797335134505,0.0,0.0,0.00021315085177775472,0.1063677966594696,TRACKING,True,1
97210085178178,0.0020706979994429275,0.10618363288725344,-0.00020497980997300232,0.00010806797584083618,0.10605938745131564,0.0,0.0,0.00023172270448412746,0.10618363320827484,TRACKING,True,1
97210087248755,0.0020705580100184307,0.1061793357026027,0.00012807342036581895,-3.0179150201997213e-05,0.10610079899128623,0.0,0.0,0.00013158108049537987,0.10617933422327042,TRACKING,True,1
97210089324562,0.0020764309883816168,0.10608338718164735,0.0001859734436257192,7.343506812481329e-05,0.10614231513125674,0.0,0.0,0.00019994706963188946,0.10608338564634323,TRACKING,True,1
97210091410048,0.0020855480106547475,0.10596160339008237,5.1822628975050245e-05,-0.00020329960408998116,0.10618402485122712,0.0,0.0,0.0002098006516462192,0.10596160590648651,TRACKING,True,1
97210093489018,0.002078845995129086,0.10621834338041573,-0.00012057018423915119,-0.0002569729438371961,0.10622560425119759,0.0,0.0,0.00028385253972373903,0.10621834546327591,TRACKING,True,1
97210095583132,0.002093568997224793,0.10618468885757146,-0.0002483797641984636,-0.00016152175373120538,0.10626748653116784,0.0,0.0,0.0002962799044325948,0.1061846911907196,TRACKING,True,1
97210097678536,0.002096512005664408,0.10641003372819156,-0.00011413158525316549,0.0002741927409657917,0.10630939461113809,0.0,0.0,0.00029699777951464057,0.10641003400087357,TRACKING,True,1
97210099746649,0.0020669679943239316,0.10643584245045788,-0.00038259273784507796,0.0001626881906185739,0.1063507568711087,0.0,0.0,0.0004157458897680044,0.10643584281206131,TRACKING,True,1
97210101842065,0.0020964819996152073,0.1063326655631148,-8.201586052341637e-05,5.8768707455946476e-05,0.10639266519107894,0.0,0.0,0.00010089778515975922,0.10633266717195511,TRACKING,True,1
97210103913858,0.002070681002805941,0.1064539696656663,-0.00031119773231001957,-9.74037126695019e-05,0.10643410105104952,0.0,0.0,0.00032608513720333576,0.10645397007465363,TRACKING,True,1
97210106021030,0.0021073889947729185,0.10650820392870915,-0.0002676035645167169,-6.63187653258069e-05,0.10647624449101958,0.0,0.0,0.0002756988105829805,0.10650820285081863,TRACKING,True,1
97210108092996,0.002071782000712119,0.10682637115734328,-0.00040329732784226283,-0.0002681349977282317,0.10651768381099015,0.0,0.0,0.00048429856542497873,0.10682637244462967,TRACKING,True,1
97210110165748,0.002073103009024635,0.1069889467865917,-0.0002254906516865525,-0.0003035511814519891,0.1065591388509607,0.0,0.0,0.00037813931703567505,0.10698894411325455,TRACKING,True,1
97210112643583,0.0024774439953034744,0.10694405484120138,1.710769210102063e-05,-0.00033213621219792483,0.10660869555092552,0.0,0.0,0.00033257651375606656,0.10694405436515808,TRACKING,True,1
97210114706905,0.0020634030079236254,0.10702834996815047,-2.0657367116475348e-05,3.601822890308368e-05,0.10664996199089621,0.0,0.0,4.152155452175066e-05,0.10702835023403168,TRACKING,True,1
97210116952313,0.00224531399726402,0.10653655860445169,0.00032013865824695854,1.5156818116687028e-06,0.10669487015086432,0.0,0.0,0.00032014225143939257,0.10653655976057053,TRACKING,True,1
97210119015369,0.0020630099897971377,0.10684496609320061,9.530420211682276e-05,8.880121561878259e-05,0.106736131270835,0.0,0.0,0.0001302633754676208,0.10684496909379959,TRACKING,True,1
97210121087882,0.0020727230003103614,0.10704644232198704,7.711223060622749e-05,-1.6713493097847236e-05,0.10677758153080558,0.0,0.0,7.89027035352774e-05,0.10704644024372101,TRACKING,True,1
97210123154918,0.002066817003651522,0.10686095695674842,-8.06482315513995e-05,0.00013179920350783714,0.10681892225077622,0.0,0.0,0.000154515917529352,0.10686095803976059,TRACKING,True,1
97210125220103,0.0020651469967560843,0.10671488675708624,7.511680292704911e-05,9.120591031808786e-05,0.10686022595074687,0.0,0.0,0.00011815690231742337,0.1067148894071579,TRACKING,True,1
97210127287478,0.002067535009700805,0.10676769077994674,-7.741778550437434e-05,-2.6318516556409396e-05,0.10690157345071752,0.0,0.0,8.176905248546973e-05,0.1067676916718483,TRACKING,True,1
97210129351938,0.0020643219904741272,0.10649283822397672,6.136384400384912e-05,-0.00010074674172086223,0.10694286265068818,0.0,0.0,0.0001179636747110635,0.10649283975362778,TRACKING,True,1
97210131417668,0.0020658150024246424,0.10691698278390152,-0.00010226446959948105,-0.0002125473036702138,0.10698417725065884,0.0,0.0,0.00023586940369568765,0.10691698640584946,TRACKING,True,1
97210133545574,0.002128402004018426,0.10697222320250609,-0.0001388466779134626,-0.00034563362599064347,0.10702673537062862,0.0,0.0,0.0003724795242305845,0.10697222501039505,TRACKING,True,1
97210136726694,0.003181163003318943,0.10667318069512388,-0.0002441029981644357,-0.00033751756029567754,0.10709035777058344,0.0,0.0,0.000416538561694324,0.10667318105697632,TRACKING,True,1
97210139422105,0.0026959539973177016,0.10699281282427714,-2.5133582759991893e-05,-0.00040299891874114025,0.10714426599054515,0.0,0.0,0.0004037818871438503,0.10699281096458435,TRACKING,True,1
97210141506480,0.0020831909932894632,0.10722720356907363,-0.0002034210070784396,-0.0003849238643991084,0.10718595349051555,0.0,0.0,0.0004353693511802703,0.10722720623016357,TRACKING,True,1
97210143597353,0.002091858012136072,0.10717491025705593,-0.00029346655940384056,-0.00011339130592303686,0.10722777095048584,0.0,0.0,0.0003146112139802426,0.10717491060495377,TRACKING,True,1
97210145679745,0.0020829709974350408,0.10751399964869791,-0.0003744655882132034,-4.640221523976107e-06,0.10726941879045626,0.0,0.0,0.0003744943533092737,0.10751400142908096,TRACKING,True,1
97210147768325,0.0020881779928458855,0.10746543711880827,-0.00015401220919767652,-0.0001070935591510439,0.1073111903904266,0.0,0.0,0.00018758676014840603,0.10746543854475021,TRACKING,True,1
97210149856816,0.0020985610026400536,0.10767778474257327,1.9799610200396184e-05,2.87356141493844e-05,0.10735296021039693,0.0,0.0,3.489642040221952e-05,0.10767778754234314,TRACKING,True,1
97210151942426,0.002075052005238831,0.10797642127477741,-0.00011217251466821741,9.350293824067724e-06,0.1073946724103673,0.0,0.0,0.00011256153811700642,0.10797642171382904,TRACKING,True,1
97210154019905,0.002076899996609427,0.10793878078533452,0.00011448731330784675,2.2017663093222413e-05,0.1074362219903378,0.0,0.0,0.00011658525909297168,0.10793878138065338,TRACKING,True,1
97210156100541,0.0020810809946851805,0.1079231421913053,0.00033920615649798915,-1.701649046835837e-05,0.10747783471030825,0.0,0.0,0.0003396327083464712,0.10792314261198044,TRACKING,True,1
97210158171512,0.002070671005640179,0.10776267160835462,0.0002325604399140841,-0.00045253750904461726,0.10751925413027882,0.0,0.0,0.0005087971221655607,0.10776267200708389,TRACKING,True,1
97210160239573,0.0020680040033767,0.10782477558411804,0.00024979819373078984,6.905580003885954e-05,0.10756061535024945,0.0,0.0,0.0002591676020529121,0.10782477259635925,TRACKING,True,1
97210162304719,0.0020650419901357964,0.10752581721610767,0.00021869567172363842,0.00012274153733696753,0.10760191827022011,0.0,0.0,0.00025078532053157687,0.10752581804990768,TRACKING,True,1
97210164390956,0.00208718900103122,0.10772393060497723,-7.312191757372915e-05,-0.00047515855373379996,0.10764364301019048,0.0,0.0,0.00048075197264552116,0.10772392898797989,TRACKING,True,1
97210166476870,0.002085130996420048,0.10774762798481252,1.570870640437539e-06,-0.000256126063798252,0.10768536129016086,0.0,0.0,0.00025613087927922606,0.1077476292848587,TRACKING,True,1
97210168575464,0.002099012999678962,0.10764689326900935,-0.0001482598489499899,-0.0001820052798873393,0.10772733317013104,0.0,0.0,0.0002347486006328836,0.1076468899846077,TRACKING,True,1
97210170669835,0.002094570008921437,0.10754980618861522,-0.0002647933614537163,-6.746147654035657e-05,0.1077692205901013,0.0,0.0,0.00027325187693350017,0.10754980891942978,TRACKING,True,1
97210172763560,0.002093756993417628,0.10777136948696026,-0.0003682018848675931,-0.0003723944599356937,0.10781109509007156,0.0,0.0,0.000523689086548984,0.1077713668346405,TRACKING,True,1
97210174854166,0.0020902719988953322,0.10764457067685296,-0.00011214806980549131,-0.00029572947660698185,0.10785290721004187,0.0,0.0,0.0003162801149301231,0.10764457285404205,TRACKING,True,1
97210176943863,0.0020899650116916746,0.10788613443700064,3.9573644148821504e-05,1.944627099635611e-05,0.10789470115001218,0.0,0.0,4.409343091538176e-05,0.10788613557815552,TRACKING,True,1
97210179044241,0.0021002819994464517,0.1078694676475714,4.745384820633099e-05,0.00016822533410266636,0.10793670870998234,0.0,0.0,0.0001747902570059523,0.1078694686293602,TRACKING,True,1
97210181114743,0.0020697619911516085,0.10785855499383017,-0.00014489511686108055,0.00030619054432032413,0.10797811874995294,0.0,0.0,0.00033874361542984843,0.1078585535287857,TRACKING,True,1
97210183186117,0.002071303009870462,0.10821642986907888,-0.0002479414593977993,0.00029227473420433554,0.10801954622992352,0.0,0.0,0.0003832746879197657,0.10821642726659775,TRACKING,True,1
97210185250546,0.0020645229960791767,0.1082699390603497,-0.00011830244339198478,0.00011889210310248407,0.10806083480989419,0.0,0.0,0.00016772239177953452,0.10826993733644485,TRACKING,True,1
97210187398029,0.002147628998500295,0.1080882515200527,-0.0002888177330539266,0.00025192757811036897,0.10810378446986368,0.0,0.0,0.0003832534421235323,0.10808825492858887,TRACKING,True,1
97210189513350,0.0021154209971427917,0.10813661453133241,-8.106114934546474e-05,-0.00016431903864021213,0.10814609088983364,0.0,0.0,0.00018322569667361677,0.1081366166472435,TRACKING,True,1
97210191625235,0.0021119309967616573,0.10836074784563204,0.00012042621401602626,-5.208361494461007e-05,0.10818832858980365,0.0,0.0,0.0001312066160608083,0.10836074501276016,TRACKING,True,1
97210193704455,0.002079440004308708,0.10871379150004269,0.000116174975865246,-3.940241011821821e-06,0.10822991298977411,0.0,0.0,0.00011624177568592131,0.1087137907743454,TRACKING,True,1
97210195799147,0.0020956369990017265,0.10841383488227709,-4.082800497289324e-05,8.289577738924262e-05,0.10827180682974435,0.0,0.0,9.240474173566326e-05,0.10841383785009384,TRACKING,True,1
97210197890690,0.002091198999551125,0.10846383136133622,0.00018395918510382385,-5.30761054063201e-05,0.10831363768971465,0.0,0.0,0.00019146293925587088,0.1084638312458992,TRACKING,True,1
97210199977208,0.002086335007334128,0.10854192874170683,-4.760877177103142e-05,-6.649965656802047e-05,0.10835536804968501,0.0,0.0,8.178508142009377e-05,0.10854192823171616,TRACKING,True,1
97210202033610,0.0020562099962262437,0.10840351423027987,-0.00043200651099565277,9.729123434233555e-05,0.1083964960896558,0.0,0.0,0.00044282639282755554,0.1084035113453865,TRACKING,True,1
97210204095216,0.0020607810001820326,0.10827750253678277,-0.00043826654771957893,8.705003648807814e-05,0.10843772820962652,0.0,0.0,0.00044682802399620414,0.10827749967575073,TRACKING,True,1
97210206156343,0.00206110900035128,0.10816567806582184,-0.00045451733494447855,-0.0004095745883433919,0.10847895074959724,0.0,0.0,0.0006118311430327594,0.1081656813621521,TRACKING,True,1
97210208216652,0.002060270999209024,0.10831299801973135,-0.0001805615089122604,-0.00034708583264654656,0.10852015692956797,0.0,0.0,0.00039124293834902346,0.10831300169229507,TRACKING,True,1
97210210276434,0.0020597219991032034,0.10862340627859729,0.0001437008735560196,-0.00010436310632077445,0.10856135256953872,0.0,0.0,0.0001775995478965342,0.10862340778112411,TRACKING,True,1
97210212358109,0.002082307997625321,0.10858295345008423,0.000217702684328288,6.007197658596303e-05,0.10860298606950915,0.0,0.0,0.00022583866666536778,0.10858295112848282,TRACKING,True,1
97210214420986,0.002062289000605233,0.10865353317944594,0.00033683955356366915,0.0001136240677954459,0.10864424360947986,0.0,0.0,0.00035548742744140327,0.10865353047847748,TRACKING,True,1
97210216481145,0.0020601400028681383,0.10847250228302895,0.00016610005770215425,8.609420656220726e-05,0.1086854467894506,0.0,0.0,0.0001870867272373289,0.10847250372171402,TRACKING,True,1
97210218562602,0.0020821299985982478,0.10836603583888342,-0.00015677729757643114,6.401245227501554e-05,0.10872707592942102,0.0,0.0,0.00016934200539253652,0.10836603492498398,TRACKING,True,1
97210220649177,0.0020868970023002476,0.10862042840507502,-0.00028963238407617685,0.00012680306665897292,0.10876880742939138,0.0,0.0,0.000316173885948956,0.10862042754888535,TRACKING,True,1
97210222737460,0.002088187000481412,0.10853664698108009,-0.0004125470183606446,0.00023687556464615015,0.10881057308936172,0.0,0.0,0.0004757153510581702,0.10853664577007294,TRACKING,True,1
97210224805888,0.002067774999886751,0.10869769012451955,-0.0005992731627766874,-0.0001487430254492788,0.10885194164933235,0.0,0.0,0.0006174567388370633,0.10869769006967545,TRACKING,True,1
97210226889488,0.002084377993014641,0.10880137844438155,-0.0005517341251895459,-0.00025843167615649716,0.10889361364930275,0.0,0.0,0.0006092597614042461,0.10880137979984283,TRACKING,True,1
97210228998822,0.0021089740039315075,0.10861724463686828,-0.00041143734597292073,0.00023946386324630808,0.10893580032927279,0.0,0.0,0.00047605004510842264,0.10861724615097046,TRACKING,True,1
97210231194224,0.0021957590070087463,0.10847148887556195,2.449155248250215e-05,-1.529821304256215e-05,0.1089797083692416,0.0,0.0,2.8876833312097006e-05,0.10847149044275284,TRACKING,True,1
97210233274033,0.002079425990814343,0.10846904701216159,0.00015912022633674756,-6.434381525383928e-05,0.10902130454921206,0.0,0.0,0.00017163733718916774,0.10846904665231705,TRACKING,True,1
97210235369582,0.0020955860090907663,0.1086487438394856,0.0002937570238018842,0.0003057574050182358,0.10906321552918229,0.0,0.0,0.00042400561505928636,0.10864874720573425,TRACKING,True,1
97210237495680,0.002126334991771728,0.10889826742101,-1.559614077979146e-05,-1.1019099480315123e-05,0.10910573748915209,0.0,0.0,1.9096076357527636e-05,0.10889826714992523,TRACKING,True,1
97210239575271,0.0020792260038433596,0.10898339946704258,0.00015855012721643292,5.5642875045468126e-05,0.10914732930912255,0.0,0.0,0.00016803057224024087,0.10898339748382568,TRACKING,True,1
97210241690880,0.0021157150040380657,0.10912289418901987,0.00029047113068295387,-0.0003749819068065104,0.1091896414890925,0.0,0.0,0.00047432573046535254,0.10912289470434189,TRACKING,True,1
97210243815828,0.0021250419958960265,0.10933705258083694,0.00018704653102076112,-0.00025079890643291044,0.10923214044906232,0.0,0.0,0.00031286818557418883,0.10933705419301987,TRACKING,True,1
97210246025262,0.002209458005381748,0.10940659428952412,5.542603299410633e-05,-0.0003669210572039509,0.10927632912903093,0.0,0.0,0.00037108370452187955,0.10940659791231155,TRACKING,True,1
97210248150694,0.0021253609884297475,0.10903083632538442,8.522021576516574e-05,-0.00046577454086159007,0.10931883776900074,0.0,0.0,0.00047350648674182594,0.1090308353304863,TRACKING,True,1
97210250255166,0.002104607003275305,0.1091493980719392,-0.000263330191531804,-0.00031661042576024514,0.10936092720897085,0.0,0.0,0.00041180691914632916,0.10914939641952515,TRACKING,True,1
97210252369471,0.002114382994477637,0.10934406632075448,-0.0002474442135987592,-0.0001394817004908952,0.10940321330894082,0.0,0.0,0.0002840489032678306,0.10934406518936157,TRACKING,True,1
97210254469382,0.0021031300129834563,0.1092656784242944,-0.0002559166515824428,-6.350470011456503e-05,0.109445211528911,0.0,0.0,0.0002636781719047576,0.10926567763090134,TRACKING,True,1
97210256599883,0.0021271739969961345,0.10936597090501009,-8.57996643338798e-05,-2.4661492149873663e-05,0.10948782154888073,0.0,0.0,8.927357703214511e-05,0.10936596989631653,TRACKING,True,1
97210258793559,0.0021935139957349747,0.10962389285194209,0.00023636100557304678,9.63327475544527e-05,0.10953169506884958,0.0,0.0,0.00025523817748762667,0.10962389409542084,TRACKING,True,1
97210260888004,0.0020952259947080165,0.109803597346579,0.00021535820184712598,-0.00012887355912154385,0.10957358396881982,0.0,0.0,0.00025097321486100554,0.10980359464883804,TRACKING,True,1
97210262956757,0.0020675500127254054,0.10991650602314691,0.00029385389178885474,-0.00028185415624181723,0.10961495902879044,0.0,0.0,0.00040717548108659685,0.10991650819778442,TRACKING,True,1
97210265039367,0.0020837349875364453,0.10982048284723049,-8.987231056067219e-05,-0.0001230826750164218,0.10965661122876086,0.0,0.0,0.00015240201901178807,0.10982048511505127,TRACKING,True,1
97210267239848,0.0021999830059939995,0.11007373501349317,-2.9392557333549495e-05,-0.00020550160000735025,0.1097006208487296,0.0,0.0,0.00020759293693117797,0.11007373780012131,TRACKING,True,1
97210270188353,0.0029481800011126325,0.11018467825991318,7.622796043466832e-05,-9.552035357441555e-05,0.10975959094868772,0.0,0.0,0.00012220817734487355,0.1101846769452095,TRACKING,True,1
97210273020321,0.0028318309923633933,0.11022948890553472,9.602522929453192e-06,0.00013462709821920622,0.1098162303086475,0.0,0.0,0.00013496913015842438,0.1102294921875,TRACKING,True,1
97210275088715,0.002068216010229662,0.10974571618025612,0.00010161957886398142,-6.102419336926216e-05,0.10985759818861812,0.0,0.0,0.00011853477190015838,0.10974571853876114,TRACKING,True,1
97210277154863,0.0020660750014940277,0.10989533536134057,-7.677392592430463e-05,-0.0003328820864961123,0.10989892114858876,0.0,0.0,0.0003416207036934793,0.10989533364772797,TRACKING,True,1
97210279219934,0.0020651429949793965,0.11003032913068911,-0.0002926917931515065,-0.0006527283035716231,0.10994022256855944,0.0,0.0,0.0007153479382395744,0.11003033071756363,TRACKING,True,1
97210281284661,0.002064654996502213,0.1099958611044548,4.6786790847529386e-05,-0.0001019388272052097,0.1099815171085301,0.0,0.0,0.00011216295388294384,0.10999586433172226,TRACKING,True,1
97210283371993,0.0020878880022792146,0.11030724837174578,-0.0003153862946756362,-7.881414476308683e-05,0.11002326374850045,0.0,0.0,0.00032508489675819874,0.1103072464466095,TRACKING,True,1
97210285459016,0.002087126995320432,0.11006730203084089,-0.00017046821975415894,-0.00039836104112370087,0.11006500420847082,0.0,0.0,0.0004333023389335722,0.11006730049848557,TRACKING,True,1
97210287545850,0.002086808002786711,0.11021848360151265,-7.845541855864274e-05,-2.8520186851578675e-05,0.11010674088844118,0.0,0.0,8.347846596734598e-05,0.11021848022937775,TRACKING,True,1
97210289633768,0.0020880420051980764,0.1104364182299844,-3.641607954675145e-05,-0.0003127736910529016,0.11014849924841151,0.0,0.0,0.00031488650711253285,0.11043641716241837,TRACKING,True,1
97210291705108,0.002070948001346551,0.11047536491364932,-0.00014716277803146645,-0.0001968055014151564,0.1101899260483821,0.0,0.0,0.0002457423252053559,0.11047536134719849,TRACKING,True,1
97210293792963,0.0020879359944956377,0.11062460198541266,-0.00044632408036972336,-0.00018272986182951958,0.11023168314835244,0.0,0.0,0.00048228143714368343,0.11062460392713547,TRACKING,True,1
97210295878768,0.0020858079951722175,0.11034253043861109,-0.0002512065932066839,-4.11752451096039e-05,0.11027339924832281,0.0,0.0,0.0002545587485656142,0.11034253239631653,TRACKING,True,1
97210297970027,0.00209114101016894,0.11041441800580286,-9.136633280346342e-05,-0.00017740884533368903,0.1103152244282931,0.0,0.0,0.0001995537750190124,0.11041441559791565,TRACKING,True,1
97210300766010,0.002795723994495347,0.11031383214640753,-7.97661682787023e-05,-8.417281302218226e-05,0.1103711440882534,0.0,0.0,0.00011596423428272828,0.11031383275985718,TRACKING,True,1
97210303341282,0.0025755700044101104,0.1103545130361906,-0.00022582772352345448,-0.00011938666152644304,0.11042264952821682,0.0,0.0,0.00025544341770000756,0.11035451292991638,TRACKING,True,1
97210305412097,0.00207045600109268,0.11044605041771052,-0.0003569947693403488,-0.0002508172656861657,0.1104640658281874,0.0,0.0,0.0004362964245956391,0.11044605076313019,TRACKING,True,1
97210307497645,0.002086959997541271,0.11057812025502425,0.00017678275092277866,-0.00013762019644933914,0.11050577678815778,0.0,0.0,0.0002240344911115244,0.11057811975479126,TRACKING,True,1
97210309600241,0.0021026489994255826,0.11038860588363386,0.0003955796469229917,5.0005507735301495e-06,0.1105478287081279,0.0,0.0,0.00039561124867759645,0.1103886067867279,TRACKING,True,1
97210311691437,0.0020910799939883873,0.11029816568320798,0.00030139011863171465,7.210143569198873e-05,0.1105896526280982,0.0,0.0,0.0003098945308011025,0.11029816418886185,TRACKING,True,1
97210313791920,0.0021004590089432895,0.11062815766144614,2.137617371625268e-05,0.00023243616324648142,0.11063166228806837,0.0,0.0,0.00023341704218182713,0.1106281578540802,TRACKING,True,1
97210315882736,0.002090581998345442,0.11059753730157089,6.0802964402093955e-05,-7.510494647421854e-05,0.11067347860803867,0.0,0.0,9.663205128163099e-05,0.11059753596782684,TRACKING,True,1
97210317956740,0.0020732269913423806,0.11088599335391278,7.489489930852324e-05,-0.00021161185293132984,0.11071495868800921,0.0,0.0,0.00022447455557994545,0.11088599264621735,TRACKING,True,1
97210320172635,0.002216562003013678,0.11094222009465039,0.00017317846201351955,3.1865510606982376e-05,0.11075927658797774,0.0,0.0,0.00017608575581107289,0.11094222217798233,TRACKING,True,1
97210322268426,0.0020953760104021057,0.1110673479602692,-0.00023293589350503136,-0.0001810876112394553,0.11080119240794796,0.0,0.0,0.00029504552367143333,0.11106734722852707,TRACKING,True,1
97210324357272,0.002089679997880012,0.11099475246673596,-0.00012336205562510095,-0.00034713846140378945,0.11084296932791829,0.0,0.0,0.0003684064431581646,0.11099474877119064,TRACKING,True,1
97210326436459,0.002078063989756629,0.11116955878512046,-2.7103044909753137e-06,-0.0005543588408950897,0.11088455306788876,0.0,0.0,0.000554365455172956,0.11116956174373627,TRACKING,True,1
97210328549398,0.002112881003995426,0.11088051638404466,0.00020356361648350254,-0.0006944323967206776,0.11092681184785874,0.0,0.0,0.0007236535893753171,0.11088051646947861,TRACKING,True,1
97210330742422,0.0021932060044491664,0.11130861849287188,0.00041862392264922484,-0.000681622757484326,0.1109706723278276,0.0,0.0,0.0007999096997082233,0.11130861937999725,TRACKING,True,1
97210332936751,0.002194599001086317,0.11129414015123397,0.0004461682566653033,-0.0007006227535504165,0.11101455890779643,0.0,0.0,0.000830625300295651,0.11129414290189743,TRACKING,True,1
97210335147853,0.002211029001045972,0.11088076664821918,0.0005471729081192316,-0.0005088495343069637,0.11105878094776503,0.0,0.0,0.0007472121505998075,0.1108807697892189,TRACKING,True,1
97210337241489,0.002093565999530256,0.11066340732355993,0.0005326404481273762,-0.00014777014321624174,0.11110065366773528,0.0,0.0,0.0005527583998627961,0.11066340655088425,TRACKING,True,1
97210339337840,0.0020963659917470068,0.11092307395957743,0.0003089424923796286,-0.0002909537853611027,0.11114258068770551,0.0,0.0,0.00042438137461431324,0.11092307418584824,TRACKING,True,1
97210341447885,0.0021100760059198365,0.11071939957622592,0.0003165418578084722,-0.00011877562405227898,0.11118478158767553,0.0,0.0,0.00033809227170422673,0.11071939766407013,TRACKING,True,1
97210343542985,0.002095025993185118,0.11064198019854382,1.2520677984040893e-05,-0.0002495396647426923,0.11122668358764577,0.0,0.0,0.000249853590503335,0.1106419786810875,TRACKING,True,1
97210345749109,0.002206074001151137,0.1107854692166419,-3.5489634921616664e-05,7.891919540990527e-05,0.11127080606761444,0.0,0.0,8.653181430418044e-05,0.11078546941280365,TRACKING,True,1
97210347941715,0.0021925040055066347,0.11098910548412763,0.00015205998879700027,4.2485774586648536e-05,0.11131465818758329,0.0,0.0,0.00015788375458214432,0.11098910868167877,TRACKING,True,1
97210350128743,0.0021869390038773417,0.11130371909319321,4.717105110652663e-05,0.00017174768193957882,0.11135839874755223,0.0,0.0,0.0001781077589839697,0.11130371689796448,TRACKING,True,1
97210352212658,0.00208400099654682,0.11120704838749841,-0.00030755209042881667,0.00027839652884218276,0.11140007704752262,0.0,0.0,0.0004148408188484609,0.11120704561471939,TRACKING,True,1
97210354293967,0.0020813439914491028,0.11106109394985486,-0.00043022378548480944,0.0004268831003544154,0.11144170322749307,0.0,0.0,0.00060607073828578,0.11106109619140625,TRACKING,True,1
97210356391198,0.0020984730072086677,0.11115511249094427,-0.00028543097303005294,0.00030098072590790405,0.11148364784746327,0.0,0.0,0.00041480144136585295,0.11115511506795883,TRACKING,True,1
97210358483830,0.002092042996082455,0.11138488624982466,-2.392902724327416e-05,0.00012242713750051348,0.11152550048743355,0.0,0.0,0.00012474374671000987,0.11138488352298737,TRACKING,True,1
97210360553781,0.0020688719960162416,0.11128270297003541,0.00013990693581744407,3.381754080716315e-05,0.11156689950740416,0.0,0.0,0.0001439360057702288,0.11128270626068115,TRACKING,True,1
97210362639337,0.0020861150114797056,0.11131129291845863,0.00018327521985919058,0.00012835940824563354,0.11160861062737452,0.0,0.0,0.00022375420667231083,0.11131129413843155,TRACKING,True,1
97210364733297,0.0020941989932907745,0.11147670714707937,-0.00028617310844131775,0.0004396133143515759,0.11165048982734478,0.0,0.0,0.0005245520733296871,0.11147670447826385,TRACKING,True,1
97210366823142,0.0020897880021948367,0.11154956131339723,-0.0004645136335064139,0.00036130171611843356,0.1116922867273151,0.0,0.0,0.0005884826532565057,0.11154956370592117,TRACKING,True,1
97210368912394,0.0020892049942631274,0.11186135657438348,-0.00010560994034809128,0.00028329811430212513,0.11173407176728542,0.0,0.0,0.0003023429890163243,0.11186135560274124,TRACKING,True,1
97210371000166,0.002104486004100181,0.11192518071723785,-0.00041505026971791275,-0.00033599181084185357,0.11177582720725576,0.0,0.0,0.0005340011557564139,0.11192517727613449,TRACKING,True,1
97210373105782,0.0020890519954264164,0.11212265204688542,-0.00024504083673861055,-0.00019686619655070247,0.11181793952722587,0.0,0.0,0.0003143267531413585,0.11212265491485596,TRACKING,True,1
97210375185543,0.002079267011140473,0.11175067146366574,0.00012694725884820424,-0.0002621664519002669,0.11185953474719632,0.0,0.0,0.00029128484311513603,0.11175066977739334,TRACKING,True,1
97210377256928,0.002071210998110473,0.11195920846191781,-0.0001997613694759549,-0.0005848291758957563,0.1119009624471669,0.0,0.0,0.0006180047057569027,0.11195921152830124,TRACKING,True,1
97210379327841,0.0020709419914055616,0.11199795577572642,-5.645011163207887e-05,-0.0006062313418840087,0.11194238070713748,0.0,0.0,0.0006088538793846965,0.11199795454740524,TRACKING,True,1
97210381399416,0.002071649010758847,0.11244407555067451,-0.0001556993577699098,-0.00015678003685538308,0.11198381220710805,0.0,0.0,0.0002209576196037233,0.11244407296180725,TRACKING,True,1
97210383498654,0.002099667995935306,0.11250745784713945,-0.0003824563633606069,-3.317084360389633e-05,0.11202579696707823,0.0,0.0,0.0003838921547867358,0.11250745505094528,TRACKING,True,1
97210385576123,0.002077002005535178,0.11220303873026344,-0.00022484181932021786,-6.0123123020379636e-05,0.11206734634704874,0.0,0.0,0.00023274155682884157,0.11220303922891617,TRACKING,True,1
97210387667349,0.002091787988319993,0.11236171402627647,-0.0002936410703886841,4.81258153094066e-05,0.11210917086701902,0.0,0.0,0.00029755866853520274,0.11236171424388885,TRACKING,True,1
97210389762845,0.0020954020001227036,0.1124383594965347,3.7814829596302516e-06,-0.0001295454088227865,0.11215108078698927,0.0,0.0,0.0001296005939366296,0.11243835836648941,TRACKING,True,1
97210391851258,0.0020885530102532357,0.11249518424920928,0.0001273500991103222,0.00010156078179381466,0.1121928490469596,0.0,0.0,0.00016288843471556902,0.11249518394470215,TRACKING,True,1
97210393940009,0.002088730994728394,0.1119882105218065,-0.000282047118068925,-0.000308230044366697,0.11223462406692992,0.0,0.0,0.00041779939783737063,0.11198820918798447,TRACKING,True,1
97210396048890,0.0021283120004227385,0.11200435077017297,-0.000431886213826615,-0.000296213136710558,0.11227680168689998,0.0,0.0,0.000523705966770649,0.1120043471455574,TRACKING,True,1
97210398144532,0.0020755489967996255,0.11207819922921122,-0.00010415163604698231,-4.229896526927783e-05,0.1123187145268702,0.0,0.0,0.00011241337051615119,0.11207819730043411,TRACKING,True,1
97210400216393,0.002071791997877881,0.11209459526115242,-0.00011635878834250643,-0.0003690246054189099,0.11236015174684078,0.0,0.0,0.00038693478563800454,0.11209459602832794,TRACKING,True,1
97210402289155,0.0020728600065922365,0.11210045936922211,-0.00013309560629222724,-0.0003512061421021525,0.11240160698681133,0.0,0.0,0.00037557980976998806,0.11210045963525772,TRACKING,True,1
97210404377125,0.0020885400008410215,0.1125869835643022,-0.0005662005286366802,-0.00035603085524609575,0.11244336638678168,0.0,0.0,0.0006688355933874846,0.11258698254823685,TRACKING,True,1
97210406451054,0.0020732569973915815,0.11255292213932727,-0.00023031636484410653,-0.0001840146012743478,0.11248484496675222,0.0,0.0,0.0002947999455500394,0.11255291849374771,TRACKING,True,1
97210408539092,0.002088548004394397,0.11223900847760468,-0.00034817014320424476,-5.081300619422694e-05,0.11252660572672256,0.0,0.0,0.0003518584999255836,0.11223901063203812,TRACKING,True,1
97210410623301,0.0020842489902861416,0.11238444168352596,-4.188262993024233e-05,5.0763483262192675e-05,0.11256828990669296,0.0,0.0,6.581098568858579e-05,0.11238443851470947,TRACKING,True,1
97210412705829,0.002082655002595857,0.11243354907347594,-0.00011147257250023683,0.0001418444813635681,0.11260994046666338,0.0,0.0,0.0001804050843929872,0.1124335527420044,TRACKING,True,1
97210414772289,0.0020657800050685182,0.1123917028893624,-0.00014144117356582828,0.0002790399976133209,0.11265126966663402,0.0,0.0,0.0003128401003777981,0.11239170283079147,TRACKING,True,1
97210416878019,0.0021061269944766536,0.11242915597768834,-2.748037944096663e-05,-0.00031037669131418153,0.11269338426660411,0.0,0.0,0.00031159084755927324,0.11242915689945221,TRACKING,True,1
97210418969869,0.002092258000629954,0.11240116190532418,-3.679918531211996e-05,-0.00012181831431983044,0.1127352212665744,0.0,0.0,0.00012725518899969757,0.11240116506814957,TRACKING,True,1
97210421045059,0.0020752099953824654,0.11251440451855535,-3.344669900847394e-05,-0.00025244574805410576,0.11277672506654492,0.0,0.0,0.0002546517935115844,0.11251440644264221,TRACKING,True,1
97210423117451,0.002071747003355995,0.11261645822128413,9.865076233289477e-05,-0.00035427434547973923,0.11281817290651548,0.0,0.0,0.0003677530330605805,0.11261645704507828,TRACKING,True,1
97210425197322,0.0020798170007765293,0.1124602294309816,0.00022517657291329564,8.336632685597699e-05,0.11285977032648595,0.0,0.0,0.00024011336790863425,0.11246022582054138,TRACKING,True,1
97210427267594,0.0020701600005850196,0.1128817035905888,6.037708265877232e-06,-1.3761474377264229e-05,0.11290117576645653,0.0,0.0,1.5027711015136447e-05,0.11288170516490936,TRACKING,True,1
97210429342905,0.0020755029981955886,0.11283633361387656,8.673036421510186e-05,0.00011870537338552593,0.11294268198642705,0.0,0.0,0.00014701401232741773,0.1128363311290741,TRACKING,True,1
97210431432509,0.002089953006361611,0.11276739259890282,0.00015151661210704287,0.00012947237289117242,0.11298447406639738,0.0,0.0,0.00019929972768295556,0.11276739090681076,TRACKING,True,1
97210433522703,0.002090287991450168,0.1131391070912281,5.41883859541005e-05,0.00012903813028463897,0.11302627794636769,0.0,0.0,0.00013995435438118875,0.11313910782337189,TRACKING,True,1
97210435600897,0.0020777590107172728,0.11280720273045973,-5.784427022248709e-05,0.00018372619533152498,0.11306784182633817,0.0,0.0,0.00019261690613348037,0.11280719935894012,TRACKING,True,1
97210437688493,0.0020878319919575006,0.11269862128941881,-0.00020191940063664333,9.47573754697934e-05,0.11310959374630851,0.0,0.0,0.00022304800222627819,0.11269862204790115,TRACKING,True,1
97210439774910,0.0020864760008407757,0.11281148796332639,-0.00031265037444931756,-5.520629053783492e-05,0.11315132208627889,0.0,0.0,0.0003174869925715029,0.11281149089336395,TRACKING,True,1
97210441858875,0.0020839950011577457,0.11305810313438568,4.06262239512384e-05,0.00011752730331823533,0.11319300138624928,0.0,0.0,0.00012435094686225057,0.11305810511112213,TRACKING,True,1
97210443947065,0.0020882789976894855,0.11319037949043675,0.000259236148519738,-0.00021415713609862247,0.11323476518621962,0.0,0.0,0.0003362538409419358,0.11319038271903992,TRACKING,True,1
97210446024111,0.002076460004900582,0.11344251480807391,0.00017052182652870526,-0.00016611477781439902,0.11327630610619012,0.0,0.0,0.00023805843375157565,0.11344251781702042,TRACKING,True,1
97210448098525,0.0020744350040331483,0.11329778591993868,9.568856686960994e-05,-3.7234547675763765e-05,0.11331779438616064,0.0,0.0,0.00010267771722283214,0.11329778283834457,TRACKING,True,1
97210450171792,0.0020731399999931455,0.11321644575568669,-0.00012078207800254749,4.182971729992084e-05,0.1133592597261312,0.0,0.0,0.00012782032717950642,0.11321644484996796,TRACKING,True,1
97210452244469,0.0020727090013679117,0.11357593696826263,0.00011868711367388518,0.00021750429292784245,0.11340071326610177,0.0,0.0,0.00024777965154498816,0.11357593536376953,TRACKING,True,1
97210454319061,0.00207545499142725,0.11342516227779573,-2.208515035428515e-05,5.82434327456667e-05,0.1134422051060723,0.0,0.0,6.229005521163344e-05,0.11342516541481018,TRACKING,True,1
97210456414167,0.0020950540056219324,0.11380668727711031,-0.00010656945667852883,0.00024003627433695078,0.11348410722604253,0.0,0.0,0.00026262988103553653,0.11380668729543686,TRACKING,True,1
97210458505340,0.002090911992127076,0.11387147444998304,-0.00023105827987149284,0.0002269146733114717,0.11352593068601283,0.0,0.0,0.000323849031701684,0.11387147754430771,TRACKING,True,1
97210460671690,0.0021663150109816343,0.11403007183329669,-3.108841366636296e-05,0.00018624521510262785,0.11356925768598206,0.0,0.0,0.00018882205768022686,0.11403007060289383,TRACKING,True,1
97210464902439,0.004230286998790689,0.11411525675873134,-0.0002796706199078351,2.2220650018497918e-05,0.11365387266592196,0.0,0.0,0.00028055196162313223,0.11411525309085846,TRACKING,True,1
97210467666003,0.0027639670006465167,0.11400024205573643,-5.302822033429082e-05,0.00023428758455137935,0.1137091439458827,0.0,0.0,0.0002402137906756252,0.11400023847818375,TRACKING,True,1
97210469739577,0.0020731429976876825,0.11382265940580592,-2.838191280084426e-05,0.00036632930318576033,0.11375061542585325,0.0,0.0,0.000367427128367126,0.11382266134023666,TRACKING,True,1
97210471938641,0.0021990800014464185,0.11404518500061567,-0.00013382675590125498,6.376621210100124e-05,0.11379459670582202,0.0,0.0,0.00014824213576503098,0.11404518783092499,TRACKING,True,1
97210474122203,0.0021837339882040396,0.11392897396827689,-2.530456223166636e-05,-0.0003989685900192125,0.11383826794579101,0.0,0.0,0.0003997702442575246,0.11392897367477417,TRACKING,True,1
97210476205183,0.0020830480061704293,0.11418919335734871,-5.895424202762176e-05,-7.468159935978777e-05,0.11387992754576141,0.0,0.0,9.514696284895763e-05,0.11418919265270233,TRACKING,True,1
97210478295480,0.0021146259969100356,0.11438292368835332,-0.00011779100765798689,-0.0003185195192240747,0.11392173348573173,0.0,0.0,0.0003396018291823566,0.11438292264938354,TRACKING,True,1
97210480479798,0.002160135001759045,0.11395012677345415,0.0002175028804471148,-0.00032923178282750815,0.1139654198457007,0.0,0.0,0.000394589762436226,0.11395012587308884,TRACKING,True,1
97210483633722,0.0031536570022581145,0.11399264617655806,-0.00011408158465502533,-0.00031194882317489445,0.1140284983256559,0.0,0.0,0.0003321545955259353,0.11399264633655548,TRACKING,True,1
97210485740394,0.0021067329944344237,0.11409114151664242,1.3800447940157036e-05,-0.00021064040113136372,0.11407063176562598,0.0,0.0,0.00021109198860358447,0.11409114301204681,TRACKING,True,1
97210487825384,0.0020853880123468116,0.1139347263413349,-3.8140397377338816e-05,-0.00019339982496135958,0.11411233156559637,0.0,0.0,0.00019712478388100863,0.113934725522995,TRACKING,True,1
97210489912338,0.002087628992740065,0.11425240886553041,-0.00013949764852180707,-0.00035636279144086753,0.11415407064556672,0.0,0.0,0.00038269313517957926,0.11425241082906723,TRACKING,True,1
97210491995392,0.0020829620043514296,0.11432591297619314,-0.0002615175092681841,1.1115099965154336e-07,0.11419573172553714,0.0,0.0,0.00026151753263548017,0.11432591080665588,TRACKING,True,1
97210494036201,0.00204073399072513,0.11455127266573814,-0.00024318260401710358,-7.879193942135571e-05,0.11423654790550815,0.0,0.0,0.0002556285180617124,0.11455127596855164,TRACKING,True,1
97210496101231,0.002063962005195208,0.1145921883762961,-0.0004571794438749582,0.00013048173115622454,0.11427784850547881,0.0,0.0,0.00047543508117087185,0.11459218710660934,TRACKING,True,1
97210498175042,0.0020739750034408644,0.11475418019830642,-0.00025710754433703873,9.486438545633875e-05,0.11431932472544935,0.0,0.0,0.0002740502532105893,0.11475417762994766,TRACKING,True,1
97210500244586,0.0020696779974969104,0.1145198867214586,-0.00032519544167308745,0.00012527395461150995,0.11436071560541997,0.0,0.0,0.000348490517353639,0.1145198866724968,TRACKING,True,1
97210502315263,0.002070464994176291,0.11455620891458425,-0.0003185490910963381,0.0002583407256818135,0.11440212914539055,0.0,0.0,0.0004101383383385837,0.1145562082529068,TRACKING,True,1
97210504403345,0.0020887850114377216,0.11447323890261223,-3.241935001456979e-05,-1.6540177569787542e-05,0.1144438907853609,0.0,0.0,3.6394940252648667e-05,0.11447323858737946,TRACKING,True,1
97210506476644,0.002072684990707785,0.1145608341667414,8.858951827808088e-05,0.00016535636688604172,0.11448535676533145,0.0,0.0,0.0001875921880127862,0.11456083506345749,TRACKING,True,1
97210508563212,0.00208702300733421,0.11451957614444114,6.143283614119796e-05,0.00012558841263473253,0.11452708812530181,0.0,0.0,0.0001398085878463462,0.11451957374811172,TRACKING,True,1
97210510650349,0.002087367989588529,0.11476228813575791,-0.00012275113772693564,3.902153426334654e-05,0.11456883086527216,0.0,0.0,0.00012880419672001153,0.11476229131221771,TRACKING,True,1
97210512740793,0.002090143010718748,0.11441168626233154,0.00021480855698816735,5.7240105197627614e-05,0.11461063974524247,0.0,0.0,0.00022230418107938021,0.11441168934106827,TRACKING,True,1
97210514812174,0.0020710309909190983,0.11446168669750041,0.0001144465241065707,0.00017338306846718837,0.11465206736521304,0.0,0.0,0.00020774912263732404,0.11446169018745422,TRACKING,True,1
97210517027895,0.002216449996922165,0.11451294010560063,0.00011937492130538804,-0.00015109594584621013,0.11469638178518157,0.0,0.0,0.0001925625983858481,0.11451294273138046,TRACKING,True,1
97210519164649,0.002136507013347,0.11439023135665233,0.0002843796542350701,-9.135121330969915e-05,0.11473911686515122,0.0,0.0,0.0002986918843816966,0.11439023166894913,TRACKING,True,1
97210521256903,0.0020918879890814424,0.1142634780107417,0.0001975686615551719,7.790342203683718e-05,0.1147809619451215,0.0,0.0,0.00021237306646071374,0.11426347494125366,TRACKING,True,1
97210523325958,0.0020687780051957816,0.11476864427014552,-1.7775351487381882e-05,7.798504538746053e-05,0.11482234304509212,0.0,0.0,7.998519140528515e-05,0.11476864665746689,TRACKING,True,1
97210525437495,0.0021118489967193455,0.11468032046995504,-0.0003210055612292999,-0.00013361875609508775,0.11486457378506212,0.0,0.0,0.00034770468482747674,0.11468032002449036,TRACKING,True,1
97210527565502,0.0021281520021148026,0.11477471495086732,-0.00030734776345499743,-0.00013709680519557126,0.11490713392503189,0.0,0.0,0.00033653853461146355,0.11477471143007278,TRACKING,True,1
97210529786890,0.002221457994892262,0.11476925830964457,-0.0001652912932086226,0.0003107818692101728,0.11495156168500034,0.0,0.0,0.0003520036698319018,0.11476925760507584,TRACKING,True,1
97210531972511,0.0021989140077494085,0.11497472247766606,7.111242358196377e-05,0.0005505240670199813,0.11499527410496929,0.0,0.0,0.0005550979403778911,0.1149747222661972,TRACKING,True,1
97210534125683,0.0021395359945017844,0.11476970143323996,-0.000179828334357794,0.00020178826710298274,0.11503833754493871,0.0,0.0,0.0002702900965232402,0.11476970463991165,TRACKING,True,1
97210536199851,0.002074328003800474,0.11466995652782166,7.532310312923995e-05,-9.013966148123674e-05,0.11507982090490924,0.0,0.0,0.00011746798554668203,0.11466995626688004,TRACKING,True,1
97210538272132,0.0020723009947687387,0.11473367155617777,0.00021683917962906198,-0.00021453952970834815,0.1151212665248798,0.0,0.0,0.00030503515154123306,0.11473367363214493,TRACKING,True,1
97210540359597,0.0020881630043732002,0.11495772179978081,0.0002842244122477403,-0.0002604816945039207,0.11516301582485017,0.0,0.0,0.0003855311078950763,0.11495772004127502,TRACKING,True,1
97210542451666,0.002091457005008124,0.1152852231449925,0.00029865701795833493,-9.272143415538602e-05,0.11520485720482045,0.0,0.0,0.00031271917396225035,0.115285225212574,TRACKING,True,1
97210544542110,0.0020904619887005538,0.115270634195066,1.5086440198856137e-05,0.0002878020334623761,0.11524666608479076,0.0,0.0,0.0002881971886381507,0.11527063697576523,TRACKING,True,1
97210546631981,0.0020897150097880512,0.1152005194207281,-3.9043591318670954e-05,0.00016214340034742308,0.11528846350476107,0.0,0.0,0.00016677795792929828,0.11520051956176758,TRACKING,True,1
97210548721999,0.0020903660042677075,0.11524377764155931,7.629119529257799e-05,-3.6964079190272375e-05,0.11533026386473139,0.0,0.0,8.477434312226251e-05,0.11524377763271332,TRACKING,True,1
97210550811349,0.0020892569882562384,0.11531067844202421,0.00022184565849873062,-0.0002181441346645464,0.1153720508647017,0.0,0.0,0.0003111307742074132,0.1153106763958931,TRACKING,True,1
97210552899965,0.002088584005832672,0.11536807854852837,-8.611868651769663e-05,-0.00016769176881157146,0.11541382318467204,0.0,0.0,0.00018851249478757381,0.1153680756688118,TRACKING,True,1
97210554965978,0.0020653709943871945,0.11546754207171135,-0.00020780522835766788,0.0002316728633887125,0.1154551434446427,0.0,0.0,0.00031121590291149914,0.11546754091978073,TRACKING,True,1
97210557043868,0.0020788679976249114,0.11524807684958059,7.568814856708227e-05,0.00011838673886413355,0.11549670124461317,0.0,0.0,0.00014051375910639763,0.11524807661771774,TRACKING,True,1
97210559124541,0.002079974001389928,0.11543504147066969,-0.0001306525746237729,0.00018320411727131507,0.11553831470458362,0.0,0.0,0.00022501965577248484,0.11543504148721695,TRACKING,True,1
97210561198120,0.002073403011308983,0.11558937388102386,-0.00038125105519901294,8.528610575862581e-05,0.11557978628455416,0.0,0.0,0.0003906739002559334,0.11558937281370163,TRACKING,True,1
97210563270644,0.002072612987831235,0.1155846811692007,-9.406318705505317e-05,-0.00016819233963632742,0.11562123676452472,0.0,0.0,0.00019270845223218203,0.11558467894792557,TRACKING,True,1
97210565342540,0.0020720419997815043,0.11577143364846823,-2.968176377397404e-06,0.00016553299270385017,0.1156626746844953,0.0,0.0,0.0001655596133787185,0.11577143520116806,TRACKING,True,1
97210567431179,0.0020890940068056807,0.11553341621548288,0.0001712495602221948,-0.0003808930064182985,0.11570444746446563,0.0,0.0,0.0004176193324383348,0.11553341895341873,TRACKING,True,1
97210569535851,0.002104662999045104,0.11540008536813762,4.914060222390072e-05,-0.0004562680129504722,0.11574654090443574,0.0,0.0,0.0004589066666085273,0.11540008336305618,TRACKING,True,1
97210571625435,0.0020895839988952503,0.11569857402836459,-6.300679639895165e-05,-0.00028088157763789625,0.11578833258440606,0.0,0.0,0.000287861650576815,0.11569857597351074,TRACKING,True,1
97210573714719,0.0020896950009046122,0.1157619269996731,8.186525177653093e-05,-0.00031146231227098704,0.11583011826437638,0.0,0.0,0.0003220414509996772,0.11576192826032639,TRACKING,True,1
97210575789329,0.0020738120074383914,0.1160100509501719,1.4627263873537245e-05,-0.00012475131295662084,0.11587161046434691,0.0,0.0,0.00012560591858346015,0.11601004749536514,TRACKING,True,1
97210577865293,0.002075837997836061,0.11611056700420852,9.976775159443843e-05,-0.00022333164687084485,0.11591312974431743,0.0,0.0,0.00024460299755446613,0.11611057072877884,TRACKING,True,1
97210579965889,0.0021014789963373914,0.11598032052197464,-4.422588256387572e-05,-0.00010194495396805871,0.11595514166428758,0.0,0.0,0.00011112471838714555,0.11598031967878342,TRACKING,True,1
97210582036493,0.0020704600028693676,0.1160481581947959,-0.00042110069402364963,-0.00044028207217004675,0.11599655374425817,0.0,0.0,0.0006092406110838056,0.11604815721511841,TRACKING,True,1
97210584110670,0.0020733330020448193,0.11620777644179509,-0.00047892349209277947,-0.0002042297022679108,0.1160380372842287,0.0,0.0,0.0005206509958952665,0.1162077784538269,TRACKING,True,1
97210586183758,0.002073163996101357,0.11604345240656316,-0.0002402590371676194,-8.544191575184504e-05,0.11607949904419927,0.0,0.0,0.00025499946787022054,0.11604345589876175,TRACKING,True,1
97210588271923,0.0020882039971183985,0.11590564115995768,5.372732280950208e-05,0.00015536361070261413,0.11612126234416961,0.0,0.0,0.0001643912255531177,0.11590564250946045,TRACKING,True,1
97210590347274,0.0020752330019604415,0.11612169451033438,-0.0002950998736490443,-3.6262801884314605e-05,0.11616276936414013,0.0,0.0,0.0002973195514641702,0.11612169444561005,TRACKING,True,1
97210592427627,0.0020803480001632124,0.11626384971593161,-2.219105086202186e-05,-0.00017403727472741916,0.11620437642411058,0.0,0.0,0.00017544633010402322,0.11626385152339935,TRACKING,True,1
97210594515347,0.002088284003548324,0.11582030470702287,-0.0002013165650299915,5.303015752596208e-06,0.11624613082408092,0.0,0.0,0.00020138639956712723,0.11582030355930328,TRACKING,True,1
97210596589824,0.002073910989565775,0.11586699638301055,0.0001280297005286616,-5.721320835522235e-05,0.11628762036405146,0.0,0.0,0.00014023178664501756,0.1158669963479042,TRACKING,True,1
97210598667787,0.0020780990016646683,0.1163497348166385,-0.000126661521699047,-4.705492764864781e-05,0.11632917962402194,0.0,0.0,0.0001351195969618857,0.1163497343659401,TRACKING,True,1
97210600741393,0.0020736669976031408,0.11651896605032946,-0.0002438227873662148,0.0005881937590996615,0.11637065174399248,0.0,0.0,0.0006367271416820586,0.11651896685361862,TRACKING,True,1
97210602830557,0.0020895470079267398,0.1167272164536208,-0.00023451872071958137,0.00046349874052266523,0.11641243502396281,0.0,0.0,0.0005194517434574664,0.11672721803188324,TRACKING,True,1
97210604900311,0.002069070003926754,0.11659395002041983,-0.0001891898898943742,0.0005325639420199805,0.11645383010393341,0.0,0.0,0.0005651700193993747,0.11659394949674606,TRACKING,True,1
97210606986658,0.0020871570013696328,0.11661912598229902,0.00018124208719511012,0.0003295476395402009,0.11649555704390378,0.0,0.0,0.00037609884748235345,0.11661912500858307,TRACKING,True,1
97210609052135,0.00206482398789376,0.1167749755836421,0.00022621837852016544,0.0004228994884392126,0.11653686658387444,0.0,0.0,0.0004796026914846152,0.11677497625350952,TRACKING,True,1
97210611123683,0.0020714450074592605,0.11667239185391834,0.0002255192185257334,0.00034443201182610714,0.11657829754384502,0.0,0.0,0.00041169446194544435,0.11667238920927048,TRACKING,True,1
97210613191643,0.0020679099980043247,0.11641799603535014,0.0002919007669780645,0.00027590954893963286,0.11661965674381564,0.0,0.0,0.0004016617313027382,0.11641799658536911,TRACKING,True,1
97210615259946,0.0020683150069089606,0.11638895947088788,0.0003120935860547065,0.00034479209912767033,0.11666102280378626,0.0,0.0,0.00046506343642249703,0.1163889616727829,TRACKING,True,1
97210617348515,0.002089420988340862,0.11645229556625343,0.00028734564820287906,0.000471866115977539,0.11670279418375659,0.0,0.0,0.0005524718435481191,0.11645229905843735,TRACKING,True,1
97210619442642,0.002093944000080228,0.11664812504309853,0.00019566019911760273,0.0002705665214745948,0.11674467672372685,0.0,0.0,0.00033389992313459516,0.1166481226682663,TRACKING,True,1
97210621532169,0.0020894180051982403,0.11655499766164262,0.000311948539487279,0.00014736184623215416,0.11678646726369717,0.0,0.0,0.0003450034710112959,0.11655499786138535,TRACKING,True,1
97210623619488,0.0020874079928034917,0.11651320951926579,-0.00032393708399818753,8.985775435567721e-05,0.11682821364366752,0.0,0.0,0.0003361690614838153,0.1165132075548172,TRACKING,True,1
97210625694465,0.0020744890061905608,0.11654650440117759,-0.0002502840656539724,5.5749990563232674e-05,0.11686971318363805,0.0,0.0,0.00025641798856668174,0.11654650419950485,TRACKING,True,1
97210627781491,0.0020876019989373162,0.11666065216985572,-8.856630107356117e-05,0.00020971714148378107,0.1169114537036084,0.0,0.0,0.0002276516315760091,0.11666065454483032,TRACKING,True,1
97210629876830,0.0020955060026608407,0.11671212775895888,-3.899695136429807e-06,3.4359147717574095e-05,0.11695336048357864,0.0,0.0,3.457974526099861e-05,0.11671213060617447,TRACKING,True,1
97210631970702,0.002093724993756041,0.11698121638578574,-4.654230074323149e-05,-2.713471860902162e-05,0.1169952379235489,0.0,0.0,5.3874657169217244e-05,0.11698121577501297,TRACKING,True,1
97210634018562,0.0020469690061872825,0.11708031747466395,-2.9310191713571134e-05,-0.00012724835753601056,0.11703619512351982,0.0,0.0,0.00013058037438895553,0.11708031594753265,TRACKING,True,1
97210636086007,0.002067403998808004,0.11714816775830054,0.00010382953263256828,-9.624760974129398e-05,0.11707754402349045,0.0,0.0,0.00014157744590193033,0.11714816838502884,TRACKING,True,1
97210638153767,0.002084395004203543,0.11706081244442525,0.00027559365245375224,-5.077198990511446e-05,0.11711889922346108,0.0,0.0,0.0002802314411383122,0.11706081032752991,TRACKING,True,1
97210640246335,0.002076328994007781,0.11696978073496496,9.982525275550609e-06,-7.268670834107067e-05,0.11716075058343135,0.0,0.0,7.336898852372542e-05,0.11696977913379669,TRACKING,True,1
97210642336315,0.0020903130061924458,0.11728301147939763,0.0002226615162955489,7.668173760186486e-05,0.11720255018340167,0.0,0.0,0.00023549573961645365,0.11728300899267197,TRACKING,True,1
97210644424143,0.0020876569906249642,0.11707878101020434,7.382035805900781e-05,0.000281387610875505,0.11724430674337201,0.0,0.0,0.0002909096656367183,0.11707878112792969,TRACKING,True,1
97210646521483,0.002097501012030989,0.11732677660262424,8.975728219735042e-05,0.0003244205359177833,0.11728625354334223,0.0,0.0,0.00033660815097391605,0.1173267737030983,TRACKING,True,1
97210648607146,0.0020858299976680428,0.11730645718827752,0.00012251770462827887,0.0002963915520791895,0.11732796680331259,0.0,0.0,0.00032071565510705113,0.11730645596981049,TRACKING,True,1
97210650785165,0.002177506990847178,0.11721462302492341,0.00026074634648753144,0.00012602725022642735,0.11737152718328166,0.0,0.0,0.0002896058140322566,0.1172146201133728,TRACKING,True,1
97210652971031,0.002186035009799525,0.1174352394577812,-5.468972028224847e-06,0.00034148485662635934,0.11741524450325061,0.0,0.0,0.0003415286191739142,0.11743523925542831,TRACKING,True,1
97210656434727,0.003463574990746565,0.11787735380416067,-9.838614204291559e-05,0.00034707893551332096,0.11748451842320141,0.0,0.0,0.0003607542021200061,0.11787735670804977,TRACKING,True,1
97210659036606,0.002603066008305177,0.11762028152373528,0.0002763180109849738,-1.009347685091604e-05,0.11753655600316446,0.0,0.0,0.00027650230913423,0.11762028187513351,TRACKING,True,1
97210661105363,0.0020672579994425178,0.1175765071688906,8.908277665070489e-05,0.0003024920638223387,0.11757793114313507,0.0,0.0,0.0003153366269543767,0.11757650971412659,TRACKING,True,1
97210663167655,0.0020622909942176193,0.11743635426128071,0.00012372870869823674,0.0003903503551211149,0.11761917698310578,0.0,0.0,0.0004094901669304818,0.11743635684251785,TRACKING,True,1
97210665230705,0.002063082007225603,0.11760024595060711,4.3618177886879314e-07,0.0003061692347711303,0.11766043798307647,0.0,0.0,0.00030616956064477563,0.11760024726390839,TRACKING,True,1
97210667293499,0.0020628279889933765,0.11757573434125755,0.00011866645302697049,0.00030006396028125245,0.11770169386304717,0.0,0.0,0.00032267646747641265,0.1175757348537445,TRACKING,True,1
97210669378593,0.002085810003336519,0.11770503838450896,0.0002430601574794492,0.00011658452672432909,0.11774339574301755,0.0,0.0,0.0002695741131901741,0.11770503968000412,TRACKING,True,1
97210671464946,0.0020865590049652383,0.1177087863500762,0.00020036349464535368,0.0001728271452602008,0.11778512280298792,0.0,0.0,0.00026460300432518125,0.11770878732204437,TRACKING,True,1
97210673552138,0.0020869949948973954,0.11769884816739508,0.00023042683724754098,0.0002206217814028857,0.11782686664295827,0.0,0.0,0.00031901488546282053,0.11769884824752808,TRACKING,True,1
97210675625773,0.0020731230033561587,0.11779868057787282,0.0001210421074010028,5.602398137800524e-05,0.11786833934292883,0.0,0.0,0.00013337870768737048,0.11779867857694626,TRACKING,True,1
97210677713278,0.0020880889933323488,0.11809867222685781,-5.5874796215348265e-05,0.00032421801942918854,0.11791008944289917,0.0,0.0,0.0003289974411018193,0.1180986687541008,TRACKING,True,1
97210679798595,0.0020853290043305606,0.11801433584527007,-0.00030124365115510334,0.00032451997472119243,0.11795179578286955,0.0,0.0,0.00044278771383687854,0.11801433563232422,TRACKING,True,1
97210681871153,0.002071897004498169,0.1180595543420669,-0.00027669986967452043,0.00018113583615027927,0.11799324694284011,0.0,0.0,0.0003307159058749676,0.11805955320596695,TRACKING,True,1
97210683957067,0.002086464999592863,0.11803533461601635,-6.006003193872122e-05,-9.426694567899168e-05,0.11803496522281048,0.0,0.0,0.00011177416308782995,0.11803533136844635,TRACKING,True,1
97210686035162,0.0020781789935426787,0.11789360426435905,0.00017446440460022424,3.159864998414407e-05,0.11807652712278097,0.0,0.0,0.00017730286344885826,0.11789360642433167,TRACKING,True,1
97210688107543,0.0020718140003737062,0.11796360558787981,0.00037685270558186084,-7.317778704941178e-05,0.11811797474275153,0.0,0.0,0.00038389183464460075,0.11796360462903976,TRACKING,True,1
97210690178767,0.0020710440003313124,0.1184301327545389,0.00011096042018995136,3.2535119099627336e-06,0.1181593992227221,0.0,0.0,0.00011100811389042065,0.11843013018369675,TRACKING,True,1
97210692251655,0.0020730390097014606,0.11841520097796168,0.00033430639613856594,0.00011261642205250092,0.11820085698269267,0.0,0.0,0.0003527651133481413,0.11841519922018051,TRACKING,True,1
97210694322041,0.002070269998512231,0.11846994349284,0.0003301628162545854,0.0002451338765719583,0.11824226470266326,0.0,0.0,0.00041121538379229605,0.11846994608640671,TRACKING,True,1
97210696390115,0.002067964000161737,0.11861838364092346,0.0001054581977117284,6.731836978320191e-05,0.11828362618263388,0.0,0.0,0.00012511272507254034,0.11861838400363922,TRACKING,True,1
97210698476879,0.0020874670008197427,0.11858554741462583,-0.00021372044548287962,-0.0002571625053288506,0.11832536146260424,0.0,0.0,0.00033437847741879523,0.11858554929494858,TRACKING,True,1
97210700564230,0.002087552988086827,0.11858843937535497,-6.599713867558904e-05,-0.0002320968436690421,0.11836710848257459,0.0,0.0,0.00024129767552949488,0.11858844012022018,TRACKING,True,1
97210702637976,0.002073064009891823,0.11840971683460916,-0.00020438828598400347,-0.00011775958595783475,0.11840858340254513,0.0,0.0,0.00023588532349094748,0.11840971559286118,TRACKING,True,1
97210704833842,0.0021962719911243767,0.11875673844573263,-0.00019901088758027537,-5.855000314612151e-06,0.11845250072251394,0.0,0.0,0.00019909699039999396,0.1187567412853241,TRACKING,True,1
97210708271386,0.00343711901223287,0.11867951624668828,-0.00017894791174615407,0.00013201146992853597,0.11852125160246511,0.0,0.0,0.00022237216762732714,0.11867951601743698,TRACKING,True,1
97210711281806,0.0030102069868007675,0.11839006531199943,-0.00021842933062513157,0.00013792382895050877,0.11858146000242235,0.0,0.0,0.0002583299356047064,0.11839006841182709,TRACKING,True,1
97210713369385,0.0020888440049020573,0.11851554871779688,-0.0004275691637992572,0.00039240533039450437,0.11862321158239271,0.0,0.0,0.0005803424282930791,0.11851555109024048,TRACKING,True,1
97210715459418,0.002089934001560323,0.11902225460637662,-0.0003871897505580732,0.0004152806792662499,0.11866501224236302,0.0,0.0,0.000567779818084091,0.11902225762605667,TRACKING,True,1
97210717544503,0.002084906998788938,0.11901761105226936,-0.00023390909418588633,2.5737483751936147e-05,0.1187067139423334,0.0,0.0,0.00023532081104349345,0.11901760846376419,TRACKING,True,1
97210719615286,0.0020698930020444095,0.11907190180121774,-8.988645850361592e-05,-0.00015166389432059123,0.11874812960230399,0.0,0.0,0.00017629949434194714,0.11907190084457397,TRACKING,True,1
97210721739278,0.002124470003764145,0.1191712502191271,-0.0001706581687133834,9.836214238675972e-05,0.11879060944227382,0.0,0.0,0.0001969754375750199,0.11917124688625336,TRACKING,True,1
97210725056207,0.0033166809880640358,0.11910900168428136,-0.00018800171655590503,0.00043076493620998533,0.1188569480222267,0.0,0.0,0.00047000328777357936,0.11910900473594666,TRACKING,True,1
97210727581822,0.002525364005123265,0.1193171180394061,4.712659378497419e-06,0.00011481787567630894,0.11890746032219082,0.0,0.0,0.00011491455370560288,0.11931711435317993,TRACKING,True,1
97210729652429,0.0020707140065496787,0.11914397992122441,0.00010324939768008813,-2.1254147178616174e-05,0.11894887246216142,0.0,0.0,0.00010541431402089074,0.11914397776126862,TRACKING,True,1
97210731773163,0.0021206709934631363,0.11900045572428763,0.00014465605104519398,3.873995262731001e-05,0.1189912871421313,0.0,0.0,0.00014975364319980145,0.11900045722723007,TRACKING,True,1
97210733960552,0.0021875370002817363,0.11880949173463422,0.0002408576374624237,3.082773417806399e-05,0.11903503492210023,0.0,0.0,0.00024282246886286885,0.11880949139595032,TRACKING,True,1
97210736129680,0.0021692269947379827,0.11930097254276803,0.00014709869794020532,-3.4485681655716565e-06,0.1190784174820694,0.0,0.0,0.000147139115142636,0.1193009689450264,TRACKING,True,1
97210738234008,0.0021046990004833788,0.11913549070918508,0.000206112973689269,-6.269492000784692e-05,0.11912050404203951,0.0,0.0,0.00021543726325035095,0.11913549154996872,TRACKING,True,1
97210740316984,0.002083105006022379,0.11919237470026618,0.0003223723783342265,0.00020862778121254503,0.11916216356200993,0.0,0.0,0.0003839915443677455,0.11919237673282623,TRACKING,True,1
97210742411178,0.0020941730035701767,0.11927037023904338,0.0001592533476913685,0.0001098865275800778,0.11920404744198018,0.0,0.0,0.00019348559726495296,0.11927036941051483,TRACKING,True,1
97210744508731,0.0020978969987481833,0.11910549358117895,0.00034467532727404295,0.00018322582107490942,0.11924599850195039,0.0,0.0,0.00039034956716932356,0.1191054955124855,TRACKING,True,1
97210746603665,0.0020945650030625984,0.11896696671561273,8.384297408385848e-06,1.9428199715208338e-06,0.11928789718192064,0.0,0.0,8.606450137449428e-06,0.1189669668674469,TRACKING,True,1
97210748682395,0.0020778670004801825,0.11940762615039588,-0.00024399425724915956,-1.6108491362834368e-05,0.11932947178189111,0.0,0.0,0.00024452543584629893,0.11940762400627136,TRACKING,True,1
97210750768715,0.002087389992084354,0.11944848654700964,-0.00034876407606418506,-6.573122584272511e-05,0.11937119818186147,0.0,0.0,0.0003549041866790503,0.11944848299026489,TRACKING,True,1
97210752841164,0.0020722990011563525,0.11973294325782692,-1.774735678337615e-05,-0.0003000031859579002,0.11941264716183203,0.0,0.0,0.000300527666695416,0.11973294615745544,TRACKING,True,1
97210754931243,0.0020897930080536753,0.11973188530100345,-1.3827539037259061e-05,3.759729875636535e-06,0.11945444874180235,0.0,0.0,1.432956378266681e-05,0.11973188817501068,TRACKING,True,1
97210757036564,0.002104818995576352,0.11945673153810198,4.283020294374572e-06,0.00012404916706260376,0.11949655516177245,0.0,0.0,0.00012412307842168957,0.11945673078298569,TRACKING,True,1
97210759573224,0.0025368829956278205,0.11931785898042935,-7.393268209860008e-06,6.703081658906805e-05,0.11954728836173642,0.0,0.0,6.743730773450807e-05,0.11931785941123962,TRACKING,True,1
97210762834715,0.0032613090006634593,0.11952336898340032,-0.00011426081914685748,0.0005062738123656862,0.11961251818169008,0.0,0.0,0.0005190074443817139,0.11952336877584457,TRACKING,True,1
97210765441514,0.0026066430000355467,0.11971680655254283,-0.00026442936593788476,0.0001814900443469969,0.11966465416165306,0.0,0.0,0.0003207203117199242,0.11971680819988251,TRACKING,True,1
97210767526809,0.0020867770072072744,0.11954341328498891,-0.00015351417966260168,0.00012527855510976088,0.11970636006162344,0.0,0.0,0.0001981446985155344,0.1195434108376503,TRACKING,True,1
97210769616117,0.0020892119937343523,0.11977322539607982,-4.41370926067075e-05,-4.179208300562624e-05,0.11974814622159376,0.0,0.0,6.078372462070547e-05,0.11977322399616241,TRACKING,True,1
97210771704155,0.002087579996441491,0.11972539560957432,7.535565402701946e-05,0.00010524719008119344,0.1197899069815641,0.0,0.0,0.00012944282207172364,0.11972539871931076,TRACKING,True,1
97210773769218,0.0020641040027840063,0.11956052706025141,-4.229823794380669e-05,0.00021377837107157898,0.11983120824153477,0.0,0.0,0.0002179227740271017,0.11956052482128143,TRACKING,True,1
97210775850825,0.0020821600046474487,0.11958740397873023,-6.822124187144031e-06,-1.6443687942753563e-05,0.1198728403815052,0.0,0.0,1.7802703951019794e-05,0.11958740651607513,TRACKING,True,1
97210777936388,0.0020857199997408316,0.11993419817318869,-6.034971936480375e-05,-9.272269756867068e-05,0.11991455164147558,0.0,0.0,0.00011063267447752878,0.11993420124053955,TRACKING,True,1
97210780035212,0.0020989810000173748,0.12005263189262642,-6.266834552315073e-05,-6.5607052637739135e-06,0.11995652812144576,0.0,0.0,6.301082612480968e-05,0.12005262821912766,TRACKING,True,1
97210782102288,0.0020662059978349134,0.12028498853640605,-3.610826237007574e-05,1.7780269395430144e-05,0.1199978696414164,0.0,0.0,4.02485384256579e-05,0.12028498947620392,TRACKING,True,1
97210784168231,0.002065979002509266,0.12050176430807762,-4.122584579426587e-05,-1.5290471815874728e-05,0.12003918850138706,0.0,0.0,4.397008888190612e-05,0.12050176411867142,TRACKING,True,1
97210786234774,0.002066565997665748,0.12055024582428323,-0.00023613383059397896,0.0002120421893643294,0.1200805193613577,0.0,0.0,0.00031736583332531154,0.1205502450466156,TRACKING,True,1
97210788305341,0.002070617993013002,0.12040676778970644,-0.0002598166131131957,6.466098943228181e-05,0.12012193070132829,0.0,0.0,0.00026774188154377043,0.12040676921606064,TRACKING,True,1
97210790391492,0.00208674200985115,0.12022593932383555,-3.320176974048699e-05,-5.7940403870499765e-05,0.12016365372129865,0.0,0.0,6.677909550489858e-05,0.1202259361743927,TRACKING,True,1
97210792476617,0.0020850319997407496,0.1198816884925877,-0.00013469303119605243,8.603446360725032e-05,0.12020535622126904,0.0,0.0,0.0001598253584234044,0.11988168954849243,TRACKING,True,1
97210794567192,0.0020908250007778406,0.11999911936907552,-0.0002003343224580279,-0.0001362669233029802,0.12024716772123935,0.0,0.0,0.00024228602705989033,0.11999911814928055,TRACKING,True,1
97210796654052,0.0020865379919996485,0.1203339970672528,-0.00023182082124471818,1.7187282803061022e-05,0.12028890492120971,0.0,0.0,0.00023245709598995745,0.12033399939537048,TRACKING,True,1
97210798743255,0.0020894760091323406,0.12000056706276854,-0.0002027975199337998,-0.0001497923898840045,0.12033068898118003,0.0,0.0,0.0002521201968193054,0.12000056356191635,TRACKING,True,1
97210800831841,0.002088416993501596,0.12010917333554673,-0.00010661083097570914,-0.00017574923676315048,0.12037246070115036,0.0,0.0,0.00020555696391966194,0.12010917067527771,TRACKING,True,1
97210802928857,0.0021182820055400953,0.12031166173320137,0.00012930654866691825,-9.76903931296143e-05,0.12041440102112058,0.0,0.0,0.00016206047439482063,0.1203116625547409,TRACKING,True,1
97210805037807,0.002088048990117386,0.12018131112870614,0.0002546715863086009,-0.00018952954288219495,0.12045658002109062,0.0,0.0,0.00031745719024911523,0.12018131464719772,TRACKING,True,1
97210807109758,0.0020710610115202144,0.12031704254249133,0.0003520352874728191,-0.00010318925355785655,0.1204980190410612,0.0,0.0,0.0003668472054414451,0.12031704187393188,TRACKING,True,1
97210809174871,0.0020650939986808226,0.12039478791570267,0.0001857370256762541,-0.00028706700700648286,0.12053932130103186,0.0,0.0,0.00034191476879641414,0.12039478868246078,TRACKING,True,1
97210811243567,0.0020687969954451546,0.12041142788993635,-0.00010325150431421279,-0.00010925359841853661,0.12058069522100247,0.0,0.0,0.00015032372903078794,0.12041142582893372,TRACKING,True,1
97210813316009,0.0020724500063806772,0.12042936475053757,-6.991282124237824e-05,0.00011491240115256329,0.12062214406097303,0.0,0.0,0.00013450896949507296,0.12042936682701111,TRACKING,True,1
97210815404834,0.002089352987241,0.12068406793619968,7.464664867046328e-06,0.0002210335775531752,0.12066392056094337,0.0,0.0,0.00022115960018709302,0.12068406492471695,TRACKING,True,1
97210818085622,0.0026802970096468925,0.12084976530003463,2.7978817198053735e-06,0.00025415061410733364,0.12071753632090529,0.0,0.0,0.00025416602147743106,0.12084976583719254,TRACKING,True,1
97210820148087,0.0020627819903893396,0.1210911771761574,-4.609281538889644e-05,0.00020788750168063843,0.120758785620876,0.0,0.0,0.0002129360509570688,0.12109117954969406,TRACKING,True,1
97210822654725,0.002507437005988322,0.12073363115307116,-0.00018053032174701332,0.00015256861109084002,0.12080891838084039,0.0,0.0,0.000236364925513044,0.12073363363742828,TRACKING,True,1
97210824725288,0.002069313995889388,0.1207272689806813,-7.508760931135313e-05,4.6347753946569925e-05,0.12085032964081098,0.0,0.0,8.823980169836432e-05,0.12072727084159851,TRACKING,True,1
97210826911340,0.0021860760025447235,0.12078143673040641,-5.838610303243204e-05,-8.158693560685486e-05,0.12089405068077994,0.0,0.0,0.00010032629506895319,0.12078143656253815,TRACKING,True,1
97210829109262,0.0021980180026730523,0.12098459950685235,-0.00016690864339046654,-4.471304355342706e-05,0.12093800912074872,0.0,0.0,0.00017279396706726402,0.12098459899425507,TRACKING,True,1
97210831191956,0.0020828019914915785,0.12123548838223691,-8.50155330220318e-05,-0.00013855173934973115,0.12097966300071912,0.0,0.0,0.00016255529772024602,0.12123548984527588,TRACKING,True,1
97210833281888,0.002090093999868259,0.12109402903179259,4.623836306071718e-05,3.044496783377354e-05,0.12102146164068944,0.0,0.0,5.536137905437499e-05,0.12109402567148209,TRACKING,True,1
97210835382955,0.0021013520017731935,0.12098593392064032,-8.239987793920631e-05,0.0003749676844877959,0.1210634829806596,0.0,0.0,0.00038391471025533974,0.12098593264818192,TRACKING,True,1
97210837493934,0.002111267007421702,0.12090606293565842,0.00021702072252224882,0.00027456966505236063,0.12110570256062961,0.0,0.0,0.00034998072078451514,0.12090606242418289,TRACKING,True,1
97210839587624,0.0020937779918313026,0.12090614587069062,9.543106583065052e-05,0.00011243367909933837,0.12114757636059988,0.0,0.0,0.00014747345994692296,0.12090614438056946,TRACKING,True,1
97210841676271,0.002088288005325012,0.1209713380376982,0.00012798121789982228,-0.00023183293060597632,0.12118934930057021,0.0,0.0,0.0002648125810083002,0.12097133696079254,TRACKING,True,1
97210843762688,0.0020862609962932765,0.12128067364791735,0.00016291768781884973,-0.00029275615789440087,0.12123107764054057,0.0,0.0,0.0003350348270032555,0.12128067016601562,TRACKING,True,1
97210845847820,0.0020852940069744363,0.12102541738179531,0.0004050401719047793,-0.0004736688535957887,0.12127278028051094,0.0,0.0,0.0006232332671061158,0.12102542072534561,TRACKING,True,1
97210847935798,0.0020877770002698526,0.12121034835275335,0.00035844642199564064,-0.0005203575132640165,0.1213145398404813,0.0,0.0,0.0006318669184111059,0.12121035158634186,TRACKING,True,1
97210850036292,0.0021007089962949976,0.12150342234941638,-4.7930163054124846e-05,-0.0006527540146017632,0.12135654972045146,0.0,0.0,0.0006545113865286112,0.12150342017412186,TRACKING,True,1
97210852106436,0.002069466994726099,0.12126606554973028,-0.00018221818859933412,-0.00017207610707421626,0.12139795260042205,0.0,0.0,0.00025062653003260493,0.12126606702804565,TRACKING,True,1
97210854177002,0.0020707310031866655,0.12113459777329993,0.00021956123168718214,-8.004616554033727e-05,0.12143936392039265,0.0,0.0,0.00023369750124402344,0.12113459408283234,TRACKING,True,1
97210856248478,0.0020934070053044707,0.12146415267153843,0.00023154763943889945,-0.00018881332997705306,0.12148079344036322,0.0,0.0,0.0002987721236422658,0.12146415561437607,TRACKING,True,1
97210858357750,0.002088141001877375,0.12145690793873945,0.000228465339989935,-4.787318128679559e-05,0.12152297888033325,0.0,0.0,0.0002334271848667413,0.12145690619945526,TRACKING,True,1
97210860425356,0.0020665799966081977,0.12187839396502305,-1.9764866809991158e-05,-0.0002751146507502438,0.1215643310003039,0.0,0.0,0.00027582369511947036,0.12187839299440384,TRACKING,True,1
97210862509790,0.002084958992782049,0.12158493736291046,-0.00025358896208164836,-0.00021226647195508273,0.12160601968027428,0.0,0.0,0.0003307028964627534,0.1215849369764328,TRACKING,True,1
97210864577586,0.002067228007945232,0.12169046433510529,0.00018420952509247038,-0.00011976983745588323,0.12164737560024491,0.0,0.0,0.00021972246759105474,0.12169046700000763,TRACKING,True,1
97210866663069,0.0020862130040768534,0.12160310002031981,0.0001400207907590711,0.00028001544890212044,0.12168908526021528,0.0,0.0,0.0003130726399831474,0.1216031014919281,TRACKING,True,1
97210868749513,0.0020864589896518737,0.12158157040574506,-7.067354014564717e-05,0.00026394314651780607,0.12173081414018565,0.0,0.0,0.00027324113762006164,0.12158156931400299,TRACKING,True,1
97210870848573,0.002098424010910094,0.12180542449292071,8.40190736350788e-05,0.0002792128312142652,0.12177279534015584,0.0,0.0,0.00029158018878661096,0.12180542200803757,TRACKING,True,1
97210872935474,0.0020876469934592023,0.1220149177406742,0.00038200773035190706,0.0005109894844446984,0.1218145333601262,0.0,0.0,0.0006379970000125468,0.12201491743326187,TRACKING,True,1
